노선명,노선번호,시도명,시군구명,기점도로명주소,기점지번주소,종점도로명주소,종점지번주소,기점위도,기점경도,종점위도,종점경도,주요경유지,총길이(km),일반도로너비(m),자전거도로너비(m),자전거도로종류,자전거도로고시유무,관리기관명,관리기관전화번호,데이터기준일자
병점2로 1R,,경기도,화성시,,경기도 화성시 병점구 병점동 843-14,,경기도 화성시 병점구 병점동 843-14,37.2124505814,127.0508611135,37.2124505814,127.0508611135,,0.5,,2.5,,,경기도 화성시 병점구청,031-5189-4516,2026-06-01
병점2로 1L,,경기도,화성시,,경기도 화성시 병점구 병점동 843-11,,경기도 화성시 병점구 병점동 843-18,37.2095138243,127.0470003024,37.2078468439,127.0436324962,,0.59,,2.5,,,경기도 화성시 병점구청,031-5189-4516,2026-06-01
병점3로 1R,,경기도,화성시,,경기도 화성시 병점구 병점동 843-8,,경기도 화성시 병점구 병점동 843-8,37.210173354,127.0419414176,37.210173354,127.0419414176,,0.1,,1.5,,,경기도 화성시 병점구청,031-5189-4516,2026-06-01
병점3로 1R(1->2),,경기도,화성시,,경기도 화성시 병점구 병점동 843-8,,경기도 화성시 병점구 병점동 866-1,37.210173354,127.0419414176,37.2089176001,127.039241633,,0.2,,1.5,,,경기도 화성시 병점구청,031-5189-4516,2026-06-01
병점3로 1R,,경기도,화성시,,경기도 화성시 병점구 병점동 348-7,,경기도 화성시 병점구 진안동 534-2,37.2081358196,127.0362765795,37.2075012956,127.0337735909,,0.2,,2,,,경기도 화성시 병점구청,031-5189-4516,2026-06-01
병점3로 1L(기점->3),,경기도,화성시,,경기도 화성시 병점구 병점동 843-8,,경기도 화성시 병점구 병점동 843-8,37.210173354,127.0419414176,37.210173354,127.0419414176,,0.4,,2.5,,,경기도 화성시 병점구청,031-5189-4516,2026-06-01
병점3로 1L(3->종점),,경기도,화성시,,경기도 화성시 병점구 병점동 843-8,,경기도 화성시 병점구 병점동 866-1,37.210173354,127.0419414176,37.2089176001,127.039241633,,0.2,,1.5,,,경기도 화성시 병점구청,031-5189-4516,2026-06-01
병점3로 1L(1->2),,경기도,화성시,,경기도 화성시 병점구 병점동 843-21,,경기도 화성시 병점구 병점동 843-21,37.212193952,127.0467994171,37.212193952,127.0467994171,,0.3,,1.2,,,경기도 화성시 병점구청,031-5189-4516,2026-06-01
병점동로,,경기도,화성시,,경기도 화성시 병점구 병점동 843-17,,경기도 화성시 병점구 병점동 843-17,37.2070757773,127.0444320561,37.2070757773,127.0444320561,,0.31,,2.7,,,경기도 화성시 병점구청,031-5189-4516,2026-06-01
병점로,,경기도,화성시,,경기도 화성시 병점구 병점동 349-3,,경기도 화성시 병점구 병점동 834-1,,,37.2115717642,127.0431874251,,0.7,,2,,,경기도 화성시 병점구청,031-5189-4516,2026-06-01
경기대로,,경기도,화성시,,경기도 화성시 병점구 병점동 374-7,,경기도 화성시 병점구 병점동 399-4,37.2055545241,127.0366468646,37.2037031601,127.0365756072,,0.4,,1.2,,,경기도 화성시 병점구청,031-5189-4516,2026-06-01
동탄원천로 1R,,경기도,화성시,,경기도 화성시 병점구 병점동 3-7,,경기도 화성시 병점구 반월동 649-4,,,,,,0.8,,2,,,경기도 화성시 병점구청,031-5189-4516,2026-06-01
동탄원천로 1L,,경기도,화성시,,경기도 화성시 병점구 병점동 3-7,,경기도 화성시 병점구 반월동 649-4,,,,,,0.8,,2,,,경기도 화성시 병점구청,031-5189-4516,2026-06-01
동탄원천로 1R(기점->1),,경기도,화성시,,경기도 화성시 병점구 반정동 90-2,,경기도 화성시 병점구 기산동 21-5,37.2357369123,127.0354281052,37.2186010647,127.0560393294,,3,,5,,,경기도 화성시 병점구청,031-5189-4516,2026-06-01
동탄원천로 1L(기점->1),,경기도,화성시,,경기도 화성시 병점구 반정동 73-25,,경기도 화성시 병점구 반월동 640-8,37.2358981701,127.035530669,37.2188446551,127.0564212205,,3.9,,5,,,경기도 화성시 병점구청,031-5189-4516,2026-06-01
병점중앙로 1R(기점->1),,경기도,화성시,,경기도 화성시 병점구 진안동 934-4,,경기도 화성시 병점구 진안동 935-1,37.2192653625,127.0383386073,37.2149728184,127.0357753632,,0.9,,3,,,경기도 화성시 병점구청,031-5189-4516,2026-06-01
병점중앙로 1R(2->종점),,경기도,화성시,,경기도 화성시 병점구 병점동 312-3,,경기도 화성시 병점구 능동 674-6,,,,,,0.9,,3,,,경기도 화성시 병점구청,031-5189-4516,2026-06-01
병점중앙로 1L(기점->1),,경기도,화성시,,경기도 화성시 병점구 진안동 934-4,,경기도 화성시 병점구 진안동 934-4,37.2192653625,127.0383386073,37.2192653625,127.0383386073,,0.5,,3.5,,,경기도 화성시 병점구청,031-5189-4516,2026-06-01
병점중앙로 1L(1->2),,경기도,화성시,,경기도 화성시 병점구 진안동 934-4,,경기도 화성시 병점구 진안동 896,37.2192653625,127.0383386073,37.2142198555,127.0365008053,,0.5,,3,,,경기도 화성시 병점구청,031-5189-4516,2026-06-01
병점중앙로 1L(2->종점),,경기도,화성시,,경기도 화성시 병점구 병점동 312-3,,경기도 화성시 병점구 능동 674-6,,,,,,0.9,,3,,,경기도 화성시 병점구청,031-5189-4516,2026-06-01
병점1로 1R,,경기도,화성시,,경기도 화성시 병점구 진안동 930-12,,경기도 화성시 병점구 병점동 843-16,37.2183203722,127.0371293059,37.2063517805,127.0466903327,,2.07,,4,,,경기도 화성시 병점구청,031-5189-4516,2026-06-01
병점1로 1L,,경기도,화성시,,경기도 화성시 병점구 진안동 930-7,,경기도 화성시 병점구 병점동 454-12,37.2171927079,127.0394445797,,,,2,,4,,,경기도 화성시 병점구청,031-5189-4516,2026-06-01
병점1로 1L,,경기도,화성시,,경기도 화성시 병점구 병점동 454-12,,경기도 화성시 병점구 병점동 818,,,37.2029925514,127.0409305614,,0.4,,1.5,,,경기도 화성시 병점구청,031-5189-4516,2026-06-01
병점4로,,경기도,화성시,,경기도 화성시 병점구 진안동 930-1,,경기도 화성시 병점구 진안동 930-4,37.2165917229,127.0417872859,37.2159454803,127.0455538004,,0.56,,2.5,,,경기도 화성시 병점구청,031-5189-4516,2026-06-01
서부로 R,,경기도,화성시,,경기도 화성시 병점구 안녕동 51-2,,경기도 화성시 병점구 송산동 194-12,37.2018891912,127.0123031888,37.2100536064,127.0040443498,,1.2,,1.5,,,경기도 화성시 병점구청,031-5189-4516,2026-06-01
서부로 L,,경기도,화성시,,경기도 화성시 병점구 안녕동 51-2,,경기도 화성시 병점구 송산동 196-3,37.2018891912,127.0123031888,37.2099510709,127.0032649314,,1.3,,1.5,,,경기도 화성시 병점구청,031-5189-4516,2026-06-01
만년로 R,,경기도,화성시,,경기도 화성시 병점구 정남면 괘랑리 267-1,,경기도 화성시 병점구 안녕동 140-4,,,37.1929661688,127.0053792639,,3.2,,3,,,경기도 화성시 병점구청,031-5189-4516,2026-06-01
효행로 1R(2->3),,경기도,화성시,,경기도 화성시 병점구 안녕동 188-540,,경기도 화성시 병점구 안녕동 186-31,37.2122408928,126.9831146708,37.2070468367,126.9886945479,,0.7,,1.8,,,경기도 화성시 병점구청,031-5189-4516,2026-06-01
효행로 1R(3->4),,경기도,화성시,,경기도 화성시 병점구 안녕동 186-31,,경기도 화성시 병점구 안녕동 170-52,37.2070468367,126.9886945479,37.2056297567,126.9937154578,,0.5,,3.5,,,경기도 화성시 병점구청,031-5189-4516,2026-06-01
효행로 1R(4->5),,경기도,화성시,,경기도 화성시 병점구 안녕동 170-52,,경기도 화성시 병점구 안녕동 10-109,37.2056297567,126.9937154578,37.2048736694,127.0157189177,,2.4,,1.8,,,경기도 화성시 병점구청,031-5189-4516,2026-06-01
효행로 1R(5->종점),,경기도,화성시,,경기도 화성시 병점구 안녕동 10-109,,경기도 화성시 병점구 안녕동 10-1,37.2048736694,127.0157189177,37.2054324375,127.0217086701,,0.6,,2.5,,,경기도 화성시 병점구청,031-5189-4516,2026-06-01
효행로 1R(기점->1),,경기도,화성시,,경기도 화성시 병점구 병점동 843-13,,경기도 화성시 병점구 병점동 843-13,37.2151909654,127.048518959,37.2151909654,127.048518959,,0.9,,4,,,경기도 화성시 병점구청,031-5189-4516,2026-06-01
효행로 1R(2->종점),,경기도,화성시,,경기도 화성시 병점구 능동 155-4,,경기도 화성시 병점구 능동 155-4,,,,,,2.3,,3,,,경기도 화성시 병점구청,031-5189-4516,2026-06-01
효행로 1L(기점->1),,경기도,화성시,,경기도 화성시 병점구 봉담읍 와우리 42-1,,경기도 화성시 병점구 안녕동 198-1,,,37.2023535337,126.9992165466,,2.2,,2,,,경기도 화성시 병점구청,031-5189-4516,2026-06-01
효행로 1L(1->2),,경기도,화성시,,경기도 화성시 병점구 안녕동 198-1,,경기도 화성시 병점구 안녕동 198-1,37.2023535337,126.9992165466,37.2023535337,126.9992165466,,0.36,,4,,,경기도 화성시 병점구청,031-5189-4516,2026-06-01
효행로 1L(2->3),,경기도,화성시,,경기도 화성시 병점구 안녕동 198-1,,경기도 화성시 병점구 안녕동 195-1,37.2023535337,126.9992165466,37.2006280651,127.0099521115,,0.5,,2,,,경기도 화성시 병점구청,031-5189-4516,2026-06-01
효행로 1L(3->종점),,경기도,화성시,,경기도 화성시 병점구 안녕동 195-1,,경기도 화성시 병점구 안녕동 39-7,37.2006280651,127.0099521115,37.203580025,127.0142337066,,0.6,,2,,,경기도 화성시 병점구청,031-5189-4516,2026-06-01
효행로 1L(기점->1),,경기도,화성시,,경기도 화성시 병점구 병점동 843-13,,경기도 화성시 병점구 병점동 843-13,37.2151909654,127.048518959,37.2151909654,127.048518959,,0.9,,3.5,,,경기도 화성시 병점구청,031-5189-4516,2026-06-01
효행로 1L(2->종점),,경기도,화성시,,경기도 화성시 병점구 능동 155-4,,경기도 화성시 병점구 반월동 124-19,,,,,,2.3,,3,,,경기도 화성시 병점구청,031-5189-4516,2026-06-01
효행로 707번길,,경기도,화성시,,경기도 화성시 병점구 안녕동 219,,경기도 화성시 병점구 안녕동 219,37.201132897,127.0079425895,37.201132897,127.0079425895,,0.42,,1.5,,,경기도 화성시 병점구청,031-5189-4516,2026-06-01
영통로 27번길,,경기도,화성시,,경기도 화성시 병점구 반월동 184-13,,경기도 화성시 병점구 반월동 856-3,,,,,,0.47,,1.5,,,경기도 화성시 병점구청,031-5189-4516,2026-06-01
영통로 61번길 1R,,경기도,화성시,,경기도 화성시 병점구 반월동 855,,경기도 화성시 병점구 반월동 856-3,,,,,,0.41,,1.5,,,경기도 화성시 병점구청,031-5189-4516,2026-06-01
영통로 61번길 1L,,경기도,화성시,,경기도 화성시 병점구 반월동 855,,경기도 화성시 병점구 반월동 870,,,,,,0.41,,1.5,,,경기도 화성시 병점구청,031-5189-4516,2026-06-01
영통로 50번길 1R,,경기도,화성시,,경기도 화성시 병점구 반월동 62-2,,경기도 화성시 병점구 반월동67-4,,,,,,0.44,,1.2,,,경기도 화성시 병점구청,031-5189-4516,2026-06-01
영통로 50번길 1L,,경기도,화성시,,경기도 화성시 병점구 반월동 32-6,,경기도 화성시 병점구 반월동 882,,,,,,0.45,,1.2,,,경기도 화성시 병점구청,031-5189-4516,2026-06-01
영통로 26번길 1R,,경기도,화성시,,경기도 화성시 병점구 반월동 88-4,,경기도 화성시 병점구 반월동 885-6,,,,,,0.29,,1.2,,,경기도 화성시 병점구청,031-5189-4516,2026-06-01
영통로 26번길 1L,,경기도,화성시,,경기도 화성시 병점구 반월동 66-4,,경기도 화성시 병점구 반월동 77-6,,,,,,0.29,,1.2,,,경기도 화성시 병점구청,031-5189-4516,2026-06-01
영통로 1R,,경기도,화성시,,경기도 화성시 병점구 반월동 25-6,,경기도 화성시 병점구 반월동 124-6,,,,,,0.68,,3,,,경기도 화성시 병점구청,031-5189-4516,2026-06-01
영통로 1L,,경기도,화성시,,경기도 화성시 병점구 반월동 25-7,,경기도 화성시 병점구 반월동 124-18,,,,,,0.65,,3,,,경기도 화성시 병점구청,031-5189-4516,2026-06-01
동탄지성로 1R(기점->1),,경기도,화성시,,경기도 화성시 병점구 반월동 670-8,,경기도 화성시 병점구 반월동 311-148,,,,,,0.15,,4,,,경기도 화성시 병점구청,031-5189-4516,2026-06-01
동탄지성로 1R(2->3),,경기도,화성시,,경기도 화성시 병점구 기산동 222-14,,경기도 화성시 병점구 기산동 456-10,,,,,,0.62,,2.5,,,경기도 화성시 병점구청,031-5189-4516,2026-06-01
동탄지성로 1R(3->4),,경기도,화성시,,경기도 화성시 병점구 기산동 456-10,,경기도 화성시 병점구 기산동 475,,,,,,0.61,,2.5,,,경기도 화성시 병점구청,031-5189-4516,2026-06-01
동탄지성로 1R(4->5),,경기도,화성시,,경기도 화성시 병점구 기산동 475,,경기도 화성시 병점구 능동 1225,,,,,,0.88,,3,,,경기도 화성시 병점구청,031-5189-4516,2026-06-01
동탄지성로 1L(기점->1),,경기도,화성시,,경기도 화성시 병점구 반월동 311-181,,경기도 화성시 병점구 반월동 311-173,,,,,,0.15,,4,,,경기도 화성시 병점구청,031-5189-4516,2026-06-01
동탄지성로 1L(2->3),,경기도,화성시,,경기도 화성시 병점구 반월동 959-3,,경기도 화성시 병점구 반월동 959-3,,,,,,0.17,,4,,,경기도 화성시 병점구청,031-5189-4516,2026-06-01
동탄지성로 1L(4->5),,경기도,화성시,,경기도 화성시 병점구 반월동 781-1,,경기도 화성시 병점구 기산동 458-19,,,,,,0.66,,2.5,,,경기도 화성시 병점구청,031-5189-4516,2026-06-01
동탄지성로 1L(5->6),,경기도,화성시,,경기도 화성시 병점구 기산동 458-19,,경기도 화성시 병점구 기산동 106-7,,,,,,0.59,,4,,,경기도 화성시 병점구청,031-5189-4516,2026-06-01
동탄지성로 1L(6->종점),,경기도,화성시,,경기도 화성시 병점구 기산동 106-7,,경기도 화성시 병점구 능동 444-5,,,,,,0.75,,2,,,경기도 화성시 병점구청,031-5189-4516,2026-06-01
동탄원천로 1R,,경기도,화성시,,경기도 화성시 병점구 반월동 645-3,,경기도 화성시 병점구 반월동 559,,,,,,0.56,,2,,,경기도 화성시 병점구청,031-5189-4516,2026-06-01
동탄원천로 1L,,경기도,화성시,,경기도 화성시 병점구 반월동 559,,경기도 화성시 병점구 반월동 645-3,,,,,,0.56,,2,,,경기도 화성시 병점구청,031-5189-4516,2026-06-01
동탄원천로 2-43R,,경기도,화성시,,경기도 화성시 병점구 반월동 944-1,,경기도 화성시 병점구 반월동 944-1,,,,,,0.44,,1.5,,,경기도 화성시 병점구청,031-5189-4516,2026-06-01
동탄원천로 2-43L,,경기도,화성시,,경기도 화성시 병점구 반월동 944-1,,경기도 화성시 병점구 반월동 944-1,,,,,,0.44,,1.5,,,경기도 화성시 병점구청,031-5189-4516,2026-06-01
동탄원천로 2-45R,,경기도,화성시,,경기도 화성시 병점구 반월동 947-2,,경기도 화성시 병점구 반월동 947-2,,,,,,0.29,,1.5,,,경기도 화성시 병점구청,031-5189-4516,2026-06-01
동탄원천로2-45L,,경기도,화성시,,경기도 화성시 병점구 반월동 947-2,,경기도 화성시 병점구 반월동 947-2,,,,,,0.29,,1.5,,,경기도 화성시 병점구청,031-5189-4516,2026-06-01
동탄원천로 1R,,경기도,화성시,,경기도 화성시 병점구 반월동 564-11,,경기도 화성시 병점구 반월동 491-2,,,,,,0.6,,2,,,경기도 화성시 병점구청,031-5189-4516,2026-06-01
동탄원천로 1L,,경기도,화성시,,경기도 화성시 병점구 반월동 564-8,,경기도 화성시 병점구 반월동 491-3,,,,,,0.6,,2,,,경기도 화성시 병점구청,031-5189-4516,2026-06-01
10용사로 1R(기점->1),,경기도,화성시,,경기도 화성시 병점구 능동 674,,경기도 화성시 병점구 능동 643-12,,,,,,0.4,,1.5,,,경기도 화성시 병점구청,031-5189-4516,2026-06-01
동탄공원로,11,경기도,화성시,,경기도 화성시 동탄구 능동 1223,,경기도 화성시 동탄구 능동 1241,,,,,,1,,3,자전거보행자겸용도로,Y,경기도 화성시 동탄구청 안전건설과,031-5189-6860,2026-06-01
북삼미로 1R,12R,경기도,화성시,,경기도 화성시 동탄구 능동 986-4,,경기도 화성시 동탄구 능동 992-17,,,,,,0.1,,2.4,자전거보행자겸용도로,Y,경기도 화성시 동탄구청 안전건설과,031-5189-6860,2026-06-01
북삼미로 1L,12L,경기도,화성시,,경기도 화성시 동탄구 능동 986-4,,경기도 화성시 동탄구 능동 992-17,,,,,,0.08,,2.4,자전거보행자겸용도로,Y,경기도 화성시 동탄구청 안전건설과,031-5189-6860,2026-06-01
동탄공원로 R (종점),13,경기도,화성시,,경기도 화성시 동탄구 능동 1239,,경기도 화성시 동탄구 반송동 257,37.201507508,127.0548313714,,,,0.87,,1.5,자전거보행자겸용도로,Y,경기도 화성시 동탄구청 안전건설과,031-5189-6860,2026-06-01
미래로,14,경기도,화성시,,경기도 화성시 동탄구 능동 1231,,경기도 화성시 동탄구 능동 1231,,,,,,0.24,,1.8,자전거보행자겸용도로,Y,경기도 화성시 동탄구청 안전건설과,031-5189-6860,2026-06-01
중로 3-2호선,15,경기도,화성시,,경기도 화성시 동탄구 능동 1219,,경기도 화성시 동탄구 능동 1220,,,,,,0.43,,3,자전거보행자겸용도로,Y,경기도 화성시 동탄구청 안전건설과,031-5189-6860,2026-06-01
소로 1-49,16,경기도,화성시,,경기도 화성시 동탄구 능동 1237,,경기도 화성시 동탄구 능동 1238,,,,,,0.61,,1.8,자전거보행자겸용도로,Y,경기도 화성시 동탄구청 안전건설과,031-5189-6860,2026-06-01
여울로,17,경기도,화성시,,경기도 화성시 동탄구 능동 1202,,경기도 화성시 동탄구 능동 1245,,,,,,1.88,,3,자전거보행자겸용도로,Y,경기도 화성시 동탄구청 안전건설과,031-5189-6860,2026-06-01
10용사로 1R(기점->1),18R,경기도,화성시,,경기도 화성시 동탄구 능동 674,,경기도 화성시 동탄구 능동 643-12,,,,,,0.4,,1.5,자전거보행자겸용도로,Y,경기도 화성시 동탄구청 안전건설과,031-5189-6860,2026-06-01
10용사로 1L,18L,경기도,화성시,,경기도 화성시 동탄구 능동 674,,경기도 화성시 동탄구 반송동 632-1,,,,,,4.2,,1.5,자전거보행자겸용도로,Y,경기도 화성시 동탄구청 안전건설과,031-5189-6860,2026-06-01
동탄숲속로,26,경기도,화성시,,경기도 화성시 병점구 병점동 853-1,,경기도 화성시 동탄구 능동 1233,,,,,,0.96,,2,자전거보행자겸용도로,Y,경기도 화성시 동탄구청 안전건설과,031-5189-6860,2026-06-01
동탄중앙로 1R,34R,경기도,화성시,,경기도 화성시 동탄구 석우동 108,,경기도 화성시 동탄구 반송동 264-3,,,,,,3.31,,2,자전거보행자겸용도로,Y,경기도 화성시 동탄구청 안전건설과,031-5189-6860,2026-06-01
동탄중앙로 1L,34L,경기도,화성시,,경기도 화성시 동탄구 석우동 108,,경기도 화성시 동탄구 반송동 264-3,,,,,,3.05,,2,자전거보행자겸용도로,Y,경기도 화성시 동탄구청 안전건설과,031-5189-6860,2026-06-01
동탄반석로,35,경기도,화성시,,경기도 화성시 동탄구 석우동 112,,경기도 화성시 동탄구 반송동 289-2,,,,,,2.42,,2,자전거보행자겸용도로,Y,경기도 화성시 동탄구청 안전건설과,031-5189-6860,2026-06-01
노작로 1R,36R,경기도,화성시,,경기도 화성시 동탄구 석우동 116,,경기도 화성시 동탄구 반송동 243-4,,,,,,1.91,,2,자전거보행자겸용도로,Y,경기도 화성시 동탄구청 안전건설과,031-5189-6860,2026-06-01
노작로 1L,36L,경기도,화성시,,경기도 화성시 동탄구 석우동 116,경기도 화성시 동탄구 노작로 206,,,,,,,0.78,,1.5,자전거보행자겸용도로,Y,경기도 화성시 동탄구청 안전건설과,031-5189-6860,2026-06-01
노작로 1L(기점->1),36L,경기도,화성시,경기도 화성시 동탄구 노작로 206,,,경기도 화성시 동탄구 여울동 1059,,,,,,2.2,,1.6,자전거보행자겸용도로,Y,경기도 화성시 동탄구청 안전건설과,031-5189-6860,2026-06-01
노작로 1L(1->종점),36L,경기도,화성시,,경기도 화성시 동탄구 여울동 1059,,경기도 화성시 동탄구 여울동 1060,,,37.1983028211,127.0866204062,,0.4,,1.5,자전거보행자겸용도로,Y,경기도 화성시 동탄구청 안전건설과,031-5189-6860,2026-06-01
삼성로,37,경기도,화성시,,경기도 화성시 동탄구 석우동 53-1,,경기도 화성시 동탄구 석우동 49-2,,,,,,0.49,,2,자전거보행자겸용도로,Y,경기도 화성시 동탄구청 안전건설과,031-5189-6860,2026-06-01
메타폴리스로(종점),41,경기도,화성시,,경기도 화성시 동탄구 반송동 98,,경기도 화성시 동탄구 반송동 92-7,,,,,,0.43,,2,자전거보행자겸용도로,Y,경기도 화성시 동탄구청 안전건설과,031-5189-6860,2026-06-01
메타폴리스로(기점),41,경기도,화성시,,경기도 화성시 동탄구 반송동 98,,경기도 화성시 동탄구 반송동 92-7,,,,,,0.43,,2,자전거보행자겸용도로,Y,경기도 화성시 동탄구청 안전건설과,031-5189-6860,2026-06-01
동탄문화센터로,42R,경기도,화성시,,경기도 화성시 동탄구 반송동 142-1,,경기도 화성시 동탄구 반송동 132-3,,,,,,0.6,,2,자전거보행자겸용도로,Y,경기도 화성시 동탄구청 안전건설과,031-5189-6860,2026-06-01
동탄문화센터로,42L,경기도,화성시,,경기도 화성시 동탄구 반송동 77-12,,경기도 화성시 동탄구 반송동 106-7,,,,,,0.67,,2,자전거보행자겸용도로,Y,경기도 화성시 동탄구청 안전건설과,031-5189-6860,2026-06-01
동탄솔빛로 R(기점->1),43R,경기도,화성시,,경기도 화성시 동탄구 반송동 134-1,,경기도 화성시 동탄구 반송동 266,,,,,,0.3,,2,자전거보행자겸용도로,Y,경기도 화성시 동탄구청 안전건설과,031-5189-6860,2026-06-01
동탄솔빛로 R(기점->1),43R,경기도,화성시,,경기도 화성시 동탄구 반송동 134-1,,경기도 화성시 동탄구 반송동 266,,,,,,0.5,,1.8,자전거보행자겸용도로,Y,경기도 화성시 동탄구청 안전건설과,031-5189-6860,2026-06-01
동탄솔빛로 L,43L,경기도,화성시,,경기도 화성시 동탄구 반송동 222-1,,경기도 화성시 동탄구 반송동 199-1,,,,,,0.78,,2,자전거보행자겸용도로,Y,경기도 화성시 동탄구청 안전건설과,031-5189-6860,2026-06-01
동탄나루로,44,경기도,화성시,,경기도 화성시 동탄구 반송동 290,,경기도 화성시 동탄구 반송동 290-2,,,,,,0.79,,3,자전거보행자겸용도로,Y,경기도 화성시 동탄구청 안전건설과,031-5189-6860,2026-06-01
동탄시범한빛길,45,경기도,화성시,,경기도 화성시 동탄구 반송동 231,,경기도 화성시 동탄구 반송동 231,,,,,,0.42,,2,자전거보행자겸용도로,Y,경기도 화성시 동탄구청 안전건설과,031-5189-6860,2026-06-01
동탄반송길,46,경기도,화성시,,경기도 화성시 동탄구 반송동 226,,경기도 화성시 동탄구 반송동 226-1,37.2108987868,127.0647765693,,,,0.32,,2,자전거보행자겸용도로,Y,경기도 화성시 동탄구청 안전건설과,031-5189-6860,2026-06-01
동탄공원 2길,47,경기도,화성시,,경기도 화성시 동탄구 반송동 246,,경기도 화성시 동탄구 반송동 59,,,,,,0.52,,1.5,자전거보행자겸용도로,Y,경기도 화성시 동탄구청 안전건설과,031-5189-6860,2026-06-01
센트럴파크-2,48,경기도,화성시,,경기도 화성시 동탄구 반송동 59,,경기도 화성시 동탄구 반송동 59,,,,,,0.5,,1.5,자전거보행자겸용도로,Y,경기도 화성시 동탄구청 안전건설과,031-5189-6860,2026-06-01
금반2길(기점->1),49,경기도,화성시,,경기도 화성시 동탄구 반송동 303,,경기도 화성시 동탄구 반송동 303-1,,,,,,0.3,,1.5,자전거보행자겸용도로,Y,경기도 화성시 동탄구청 안전건설과,031-5189-6860,2026-06-01
효행로291번길 1R,51,경기도,화성시,,경기도 화성시 동탄구 능동 1200,,경기도 화성시 동탄구 능동 1222,,,,,,0.48,,2,자전거보행자겸용도로,Y,경기도 화성시 동탄구청 안전건설과,031-5189-6860,2026-06-01
오산천자전거도로,99,경기도,화성시,,경기도 화성시 동탄구 석우동 45,,경기도 화성시 동탄구 반송동 574-9,,,,,,3.4,,3,자전거보행자겸용도로,Y,경기도 화성시 동탄구청 안전건설과,031-5189-6860,2026-06-01
오산천 자전거도로,99,경기도,화성시,,경기도 화성시 동탄구 석우동 24-1,,경기도 화성시 동탄구 석우동 561-6,,,,,,2.1,,3,자전거보행자겸용도로,Y,경기도 화성시 동탄구청 안전건설과,031-5189-6860,2026-06-01
동탄대로R,203,경기도,화성시,,경기도 화성시 동탄구 장지동 1070,,경기도 화성시 동탄구 장지동 929-1,,,,,,0.7,,3,자전거보행자겸용도로,Y,경기도 화성시 동탄구청 안전건설과,031-5189-6860,2026-06-01
동탄대로R,207,경기도,화성시,,경기도 화성시 동탄구 장지동 산 2-5,,경기도 화성시 동탄구 장지동 231,,,,,,0.5,,3,자전거보행자겸용도로,Y,경기도 화성시 동탄구청 안전건설과,031-5189-6860,2026-06-01
경기동로L,210,경기도,화성시,,경기도 화성시 동탄구 장지동 1043,,경기도 화성시 동탄구 장지동 1058,,,,,,1,,4.5,자전거보행자겸용도로,Y,경기도 화성시 동탄구청 안전건설과,031-5189-6860,2026-06-01
경기동로R,213,경기도,화성시,,경기도 화성시 동탄구 장지동 1097,,경기도 화성시 동탄구 장지동 526,,,,,,0.5,,5.5,자전거보행자겸용도로,Y,경기도 화성시 동탄구청 안전건설과,031-5189-6860,2026-06-01
경기동로L,214,경기도,화성시,,경기도 화성시 동탄구 장지동 1097,,경기도 화성시 동탄구 장지동 526,,,,,,0.5,,4.3,자전거보행자겸용도로,Y,경기도 화성시 동탄구청 안전건설과,031-5189-6860,2026-06-01
동탄대로2길L,220,경기도,화성시,,경기도 화성시 동탄구 장지동 472-4,,경기도 화성시 동탄구 장지동 534-8,,,,,,0.5,,5,자전거보행자겸용도로,Y,경기도 화성시 동탄구청 안전건설과,031-5189-6860,2026-06-01
동탄대로2길R,221,경기도,화성시,,경기도 화성시 동탄구 장지동 472-4,,경기도 화성시 동탄구 장지동 534-8,,,,,,0.5,,5,자전거보행자겸용도로,Y,경기도 화성시 동탄구청 안전건설과,031-5189-6860,2026-06-01
동탄산척로L,222,경기도,화성시,,경기도 화성시 동탄구 송동 691-1,,경기도 화성시 동탄구 산척동 792-3,,,,,,1.7,,4.5,자전거보행자겸용도로,Y,경기도 화성시 동탄구청 안전건설과,031-5189-6860,2026-06-01
동탄산척로R,223,경기도,화성시,,경기도 화성시 동탄구 송동 산 49-34,,경기도 화성시 동탄구 송동 681-483,,,,,,0.54,,3.5,자전거보행자겸용도로,Y,경기도 화성시 동탄구청 안전건설과,031-5189-6860,2026-06-01
동탄산척로R(종점),224,경기도,화성시,,경기도 화성시 동탄구 산척동 717-1,,경기도 화성시 동탄구 산척동 723,,,,,,1.1,,3.5,자전거보행자겸용도로,Y,경기도 화성시 동탄구청 안전건설과,031-5189-6860,2026-06-01
동탄순환대로L,226,경기도,화성시,,경기도 화성시 동탄구 송동 717-1,,경기도 화성시 동탄구 송동 725-13,,,,,,1.2,,4.5,자전거보행자겸용도로,Y,경기도 화성시 동탄구청 안전건설과,031-5189-6860,2026-06-01
동탄순환대로3길L,228,경기도,화성시,,경기도 화성시 동탄구 송동 705-1,,경기도 화성시 동탄구 송동 716,,,,,,0.25,,5,자전거보행자겸용도로,Y,경기도 화성시 동탄구청 안전건설과,031-5189-6860,2026-06-01
동탄순환대로3길R,229,경기도,화성시,,경기도 화성시 동탄구 송동 705-1,,경기도 화성시 동탄구 송동 716,,,,,,0.25,,5,자전거보행자겸용도로,Y,경기도 화성시 동탄구청 안전건설과,031-5189-6860,2026-06-01
동탄대로5길L,230,경기도,화성시,,경기도 화성시 동탄구 송동 722,,경기도 화성시 동탄구 송동 725-1,,,,,,0.4,,5,자전거보행자겸용도로,Y,경기도 화성시 동탄구청 안전건설과,031-5189-6860,2026-06-01
동탄대로5길R,231,경기도,화성시,,경기도 화성시 동탄구 송동 722,,경기도 화성시 동탄구 송동 725-1,,,,,,0.4,,5,자전거보행자겸용도로,Y,경기도 화성시 동탄구청 안전건설과,031-5189-6860,2026-06-01
동탄대로L,232,경기도,화성시,,경기도 화성시 동탄구 산척동 603-1,,경기도 화성시 동탄구 여울동 403,,,,,,2.3,,5.5,자전거보행자겸용도로,Y,경기도 화성시 동탄구청 안전건설과,031-5189-6860,2026-06-01
동탄순환대로L,246,경기도,화성시,,경기도 화성시 동탄구 산척동 359,,경기도 화성시 동탄구 산척동 359,,,,,,0.23,,3,자전거보행자겸용도로,Y,경기도 화성시 동탄구청 안전건설과,031-5189-6860,2026-06-01
동탄순환대로L,247,경기도,화성시,,경기도 화성시 동탄구 산척동 산 120-5,,경기도 화성시 동탄구 산척동 산 120-5,,,,,,0.3,,3.5,자전거보행자겸용도로,Y,경기도 화성시 동탄구청 안전건설과,031-5189-6860,2026-06-01
동탄순환대로L,250,경기도,화성시,,경기도 화성시 동탄구 목동 247-2,,경기도 화성시 동탄구 청계동 538-1,,,,,,1.4,,3.5,자전거보행자겸용도로,Y,경기도 화성시 동탄구청 안전건설과,031-5189-6860,2026-06-01
왕배산길R,253,경기도,화성시,,경기도 화성시 동탄구 목동 252-1,,경기도 화성시 동탄구 목동 340,,,,,,0.18,,3.5,자전거보행자겸용도로,Y,경기도 화성시 동탄구청 안전건설과,031-5189-6860,2026-06-01
왕배산길L,254,경기도,화성시,,경기도 화성시 동탄구 목동 251-4,,경기도 화성시 동탄구 목동 340,,,,,,0.18,,3.5,자전거보행자겸용도로,Y,경기도 화성시 동탄구청 안전건설과,031-5189-6860,2026-06-01
동탄순환대로18길R,255,경기도,화성시,,경기도 화성시 동탄구 목동 245-3,,경기도 화성시 동탄구 목동 504-4,,,37.1863930938,127.1263574274,,0.19,,3.5,자전거보행자겸용도로,Y,경기도 화성시 동탄구청 안전건설과,031-5189-6860,2026-06-01
동탄순환대로18길L,256,경기도,화성시,,경기도 화성시 동탄구 목동 245-3,,경기도 화성시 동탄구 목동 504-4,,,37.1863930938,127.1263574274,,0.19,,3.5,자전거보행자겸용도로,Y,경기도 화성시 동탄구청 안전건설과,031-5189-6860,2026-06-01
동탄신리천로R,257,경기도,화성시,,경기도 화성시 동탄구 목동 504,,경기도 화성시 동탄구 목동 505,37.1856481558,127.1234048122,37.1830574401,127.1204061336,,0.35,,3.5,자전거보행자겸용도로,Y,경기도 화성시 동탄구청 안전건설과,031-5189-6860,2026-06-01
동탄신리천로R,258,경기도,화성시,,경기도 화성시 동탄구 목동 산 97-1,,경기도 화성시 동탄구 여울동 400,,,,,,1.6,,3.5,자전거보행자겸용도로,Y,경기도 화성시 동탄구청 안전건설과,031-5189-6860,2026-06-01
동탄순환대로10길,260,경기도,화성시,,경기도 화성시 동탄구 산척동 777,,경기도 화성시 동탄구 산척동 740,,,,,,1.2,,2.8,자전거보행자겸용도로,Y,경기도 화성시 동탄구청 안전건설과,031-5189-6860,2026-06-01
동탄영천로 R,303,경기도,화성시,,경기도 화성시 동탄구 영천동 712,,경기도 화성시 동탄구 영천동 95,37.2093330873,127.1010903376,,,,0.6,,3,자전거보행자겸용도로,Y,경기도 화성시 동탄구청 안전건설과,031-5189-6860,2026-06-01
동탄대로 L,304,경기도,화성시,,경기도 화성시 동탄구 영천동 787,,경기도 화성시 동탄구 영천동 661,,,,,,0.3,,4.5,자전거보행자겸용도로,Y,경기도 화성시 동탄구청 안전건설과,031-5189-6860,2026-06-01
동탄순환대로L,307,경기도,화성시,,경기도 화성시 동탄구 영천동 712,,경기도 화성시 동탄구 영천동 712,37.2093330873,127.1010903376,37.2093330873,127.1010903376,,0.4,,3.5,자전거보행자겸용도로,Y,경기도 화성시 동탄구청 안전건설과,031-5189-6860,2026-06-01
동탄순환대로L,308,경기도,화성시,,경기도 화성시 동탄구 영천동 731,,경기도 화성시 동탄구 영천동 712,,,37.2093330873,127.1010903376,,0.86,,3.5,자전거보행자겸용도로,Y,경기도 화성시 동탄구청 안전건설과,031-5189-6860,2026-06-01
동탄지동천로L,312,경기도,화성시,,경기도 화성시 동탄구 청계동 550-1,,경기도 화성시 동탄구 청계동 512-1,,,,,,2,,3.5,자전거보행자겸용도로,Y,경기도 화성시 동탄구청 안전건설과,031-5189-6860,2026-06-01
동탄대로시범길L,321,경기도,화성시,,경기도 화성시 동탄구 청계동 522,,경기도 화성시 동탄구 청계동 522,,,,,,0.6,,3,자전거보행자겸용도로,Y,경기도 화성시 동탄구청 안전건설과,031-5189-6860,2026-06-01
동탄대로시범길R,322,경기도,화성시,,경기도 화성시 동탄구 청계동 524,,경기도 화성시 동탄구 청계동 524,,,,,,1.1,,1.5,자전거보행자겸용도로,Y,경기도 화성시 동탄구청 안전건설과,031-5189-6860,2026-06-01
동탄대로시범길R,323,경기도,화성시,,경기도 화성시 동탄구 청계동 524,,경기도 화성시 동탄구 청계동 524,,,,,,0.9,,1.5,자전거보행자겸용도로,Y,경기도 화성시 동탄구청 안전건설과,031-5189-6860,2026-06-01
동탄대로시범길R,324,경기도,화성시,,경기도 화성시 동탄구 청계동 522,,경기도 화성시 동탄구 청계동 522,,,,,,0.3,,1.5,자전거보행자겸용도로,Y,경기도 화성시 동탄구청 안전건설과,031-5189-6860,2026-06-01
동탄대로시범길L,325,경기도,화성시,,경기도 화성시 동탄구 청계동 524,,경기도 화성시 동탄구 청계동 524,,,,,,1.1,,1.5,자전거보행자겸용도로,Y,경기도 화성시 동탄구청 안전건설과,031-5189-6860,2026-06-01
동탄대로시범길L,326,경기도,화성시,,경기도 화성시 동탄구 청계동 524,,경기도 화성시 동탄구 청계동 522,,,,,,0.9,,1.5,자전거보행자겸용도로,Y,경기도 화성시 동탄구청 안전건설과,031-5189-6860,2026-06-01
동탄순환대로R,329,경기도,화성시,,경기도 화성시 동탄구 청계동 554,,경기도 화성시 동탄구 청계동 554,,,,,,0.5,,3.5,자전거보행자겸용도로,Y,경기도 화성시 동탄구청 안전건설과,031-5189-6860,2026-06-01
동탄치동천로R,332,경기도,화성시,,경기도 화성시 동탄구 영천동 651-1837,,경기도 화성시 동탄구 영천동 746,,,,,,0.7,,3.5,자전거보행자겸용도로,Y,경기도 화성시 동탄구청 안전건설과,031-5189-6860,2026-06-01
동탄치동천로1길R,333,경기도,화성시,,경기도 화성시 동탄구 영천동 723,,경기도 화성시 동탄구 영천동 780,,,,,,0.4,,3.5,자전거보행자겸용도로,Y,경기도 화성시 동탄구청 안전건설과,031-5189-6860,2026-06-01
동찬치동천로1길L,334,경기도,화성시,,경기도 화성시 동탄구 영천동 723,,경기도 화성시 동탄구 영천동 780,,,,,,0.4,,3.5,자전거보행자겸용도로,Y,경기도 화성시 동탄구청 안전건설과,031-5189-6860,2026-06-01
동탄치동천로1길R,335,경기도,화성시,,경기도 화성시 동탄구 영천동 772,,경기도 화성시 동탄구 영천동 772,,,,,,0.3,,3.5,자전거보행자겸용도로,Y,경기도 화성시 동탄구청 안전건설과,031-5189-6860,2026-06-01
동탄치동천로1길L,336,경기도,화성시,,경기도 화성시 동탄구 영천동 772,,경기도 화성시 동탄구 영천동 772,,,,,,0.3,,3.5,자전거보행자겸용도로,Y,경기도 화성시 동탄구청 안전건설과,031-5189-6860,2026-06-01
동탄청계로R,337,경기도,화성시,,경기도 화성시 동탄구 청계동 526,,경기도 화성시 동탄구 청계동 537,,,,,,1.1,,2.5,자전거보행자겸용도로,Y,경기도 화성시 동탄구청 안전건설과,031-5189-6860,2026-06-01
동탄청계로R,338,경기도,화성시,,경기도 화성시 동탄구 청계동 537,,경기도 화성시 동탄구 청계동 555,,,,,,0.5,,2.5,자전거보행자겸용도로,Y,경기도 화성시 동탄구청 안전건설과,031-5189-6860,2026-06-01
동탄청계로R,339,경기도,화성시,,경기도 화성시 동탄구 청계동 555,,경기도 화성시 동탄구 청계동 555,,,,,,0.4,,2.5,자전거보행자겸용도로,Y,경기도 화성시 동탄구청 안전건설과,031-5189-6860,2026-06-01
동탄대로L,341,경기도,화성시,,경기도 화성시 동탄구 여울동 401,,경기도 화성시 동탄구 청계동 560,,,,,,2,,4.5,자전거보행자겸용도로,Y,경기도 화성시 동탄구청 안전건설과,031-5189-6860,2026-06-01
동탄산단7길R,500,경기도,화성시,,경기도 화성시 동탄구 방교동 778-4,,경기도 화성시 동탄구 방교동 822,,,,,,2.9,,3,자전거보행자겸용도로,Y,경기도 화성시 동탄구청 안전건설과,031-5189-6860,2026-06-01
동탄산단7길R,501,경기도,화성시,,경기도 화성시 동탄구 방교동 874-18,,경기도 화성시 동탄구 방교동 874-18,,,,,,0.4,,3,자전거보행자겸용도로,Y,경기도 화성시 동탄구청 안전건설과,031-5189-6860,2026-06-01
동탄기흥로R,502,경기도,화성시,,경기도 화성시 동탄구 방교동 792,,경기도 화성시 동탄구 방교동 868,,,,,,2,,2,자전거보행자겸용도로,Y,경기도 화성시 동탄구청 안전건설과,031-5189-6860,2026-06-01
동탄기흥로L,503,경기도,화성시,,경기도 화성시 동탄구 방교동 792,,경기도 화성시 동탄구 방교동 868,,,,,,2.5,,2,자전거보행자겸용도로,Y,경기도 화성시 동탄구청 안전건설과,031-5189-6860,2026-06-01
동탄기흥로257번길L,504,경기도,화성시,,경기도 화성시 동탄구 방교동 786,,경기도 화성시 동탄구 방교동 791,,,,,,0.4,,3,자전거보행자겸용도로,Y,경기도 화성시 동탄구청 안전건설과,031-5189-6860,2026-06-01
동탄기흥로231번길L,505,경기도,화성시,,경기도 화성시 동탄구 방교동 877-3,,경기도 화성시 동탄구 방교동 792,,,,,,0.35,,3,자전거보행자겸용도로,Y,경기도 화성시 동탄구청 안전건설과,031-5189-6860,2026-06-01
동탄산단10길L,506,경기도,화성시,,경기도 화성시 동탄구 방교동 791,,경기도 화성시 동탄구 방교동 791,,,,,,0.3,,1,자전거보행자겸용도로,Y,경기도 화성시 동탄구청 안전건설과,031-5189-6860,2026-06-01
동탄산단10길R,507,경기도,화성시,,경기도 화성시 동탄구 방교동 793,,경기도 화성시 동탄구 방교동 793,,,,,,0.5,,3,자전거보행자겸용도로,Y,경기도 화성시 동탄구청 안전건설과,031-5189-6860,2026-06-01
동탄산단10길R,508,경기도,화성시,,경기도 화성시 동탄구 방교동 784-3,,경기도 화성시 동탄구 방교동 784-3,,,,,,0.2,,3,자전거보행자겸용도로,Y,경기도 화성시 동탄구청 안전건설과,031-5189-6860,2026-06-01
동탄산단8길L,509,경기도,화성시,,경기도 화성시 동탄구 방교동 810,,경기도 화성시 동탄구 방교동 854,,,,,,0.5,,2,자전거보행자겸용도로,Y,경기도 화성시 동탄구청 안전건설과,031-5189-6860,2026-06-01
동탄산단8길R,510,경기도,화성시,,경기도 화성시 동탄구 방교동 810,,경기도 화성시 동탄구 방교동 854,,,,,,0.8,,2,자전거보행자겸용도로,Y,경기도 화성시 동탄구청 안전건설과,031-5189-6860,2026-06-01
동탄산단3길L,511,경기도,화성시,,경기도 화성시 동탄구 방교동 819,,경기도 화성시 동탄구 방교동 866,,,,,,0.8,,2,자전거보행자겸용도로,Y,경기도 화성시 동탄구청 안전건설과,031-5189-6860,2026-06-01
동탄산단3길R,512,경기도,화성시,,경기도 화성시 동탄구 방교동 819,,경기도 화성시 동탄구 방교동 866,,,,,,0.8,,2,자전거보행자겸용도로,Y,경기도 화성시 동탄구청 안전건설과,031-5189-6860,2026-06-01
동탄산단1길L,513,경기도,화성시,,경기도 화성시 동탄구 방교동 822,,경기도 화성시 동탄구 방교동 822,,,,,,0.3,,3,자전거보행자겸용도로,Y,경기도 화성시 동탄구청 안전건설과,031-5189-6860,2026-06-01
동탄산단3길L,514,경기도,화성시,,경기도 화성시 동탄구 방교동 820,,경기도 화성시 동탄구 방교동 816,,,,,,0.6,,3,자전거보행자겸용도로,Y,경기도 화성시 동탄구청 안전건설과,031-5189-6860,2026-06-01
동탄산단5길L,515,경기도,화성시,,경기도 화성시 동탄구 방교동 814,,경기도 화성시 동탄구 방교동 814,,,,,,0.2,,3,자전거보행자겸용도로,Y,경기도 화성시 동탄구청 안전건설과,031-5189-6860,2026-06-01
동탄산단6길L,516,경기도,화성시,,경기도 화성시 동탄구 방교동 856,,경기도 화성시 동탄구 방교동 858,,,,,,0.9,,3,자전거보행자겸용도로,Y,경기도 화성시 동탄구청 안전건설과,031-5189-6860,2026-06-01
동탄산단6길L,517,경기도,화성시,,경기도 화성시 동탄구 방교동 859,,경기도 화성시 동탄구 방교동 859,,,,,,0.4,,3,자전거보행자겸용도로,Y,경기도 화성시 동탄구청 안전건설과,031-5189-6860,2026-06-01
동탄산단5길L,518,경기도,화성시,,경기도 화성시 동탄구 방교동 813,,경기도 화성시 동탄구 방교동 813,,,,,,0.4,,3,자전거보행자겸용도로,Y,경기도 화성시 동탄구청 안전건설과,031-5189-6860,2026-06-01
"동탄산단6,8길R",519,경기도,화성시,,경기도 화성시 동탄구 방교동 852,,경기도 화성시 동탄구 방교동 855,,,,,,1.1,,3,자전거보행자겸용도로,Y,경기도 화성시 동탄구청 안전건설과,031-5189-6860,2026-06-01
"동탄산단2,4길R",520,경기도,화성시,,경기도 화성시 동탄구 방교동 855,,경기도 화성시 동탄구 방교동 867,,,,,,0.75,,3,자전거보행자겸용도로,Y,경기도 화성시 동탄구청 안전건설과,031-5189-6860,2026-06-01
동탄산단2길R,521,경기도,화성시,,경기도 화성시 동탄구 방교동 869,,경기도 화성시 동탄구 방교동 869,,,,,,0.3,,3,자전거보행자겸용도로,Y,경기도 화성시 동탄구청 안전건설과,031-5189-6860,2026-06-01
동탄산단2길L,522,경기도,화성시,,경기도 화성시 동탄구 방교동 869,,경기도 화성시 동탄구 방교동 869,,,,,,0.4,,3,자전거보행자겸용도로,Y,경기도 화성시 동탄구청 안전건설과,031-5189-6860,2026-06-01
동탄기흥로R(기점->1),523,경기도,화성시,,경기도 화성시 동탄구 방교동 847-4,,경기도 화성시 동탄구 방교동 847-4,,,,,,0.1,,3,자전거보행자겸용도로,Y,경기도 화성시 동탄구청 안전건설과,031-5189-6860,2026-06-01
동탄기흥로R(2->종점),523,경기도,화성시,,경기도 화성시 동탄구 방교동 844-5,,경기도 화성시 동탄구 방교동 867,,,,,,0.1,,3,자전거보행자겸용도로,Y,경기도 화성시 동탄구청 안전건설과,031-5189-6860,2026-06-01
동탄산단2길R,524,경기도,화성시,,경기도 화성시 동탄구 방교동 844-5,,경기도 화성시 동탄구 방교동 844-5,,,,,,0.1,,3,자전거보행자겸용도로,Y,경기도 화성시 동탄구청 안전건설과,031-5189-6860,2026-06-01
동탄산단2길L,525,경기도,화성시,,경기도 화성시 동탄구 방교동 833-7,,경기도 화성시 동탄구 방교동 833-7,,,,,,0.14,,3,자전거보행자겸용도로,Y,경기도 화성시 동탄구청 안전건설과,031-5189-6860,2026-06-01
동탄산단2길R,526,경기도,화성시,,경기도 화성시 동탄구 방교동 833-7,,경기도 화성시 동탄구 방교동 833-7,,,,,,0.13,,3,자전거보행자겸용도로,Y,경기도 화성시 동탄구청 안전건설과,031-5189-6860,2026-06-01
동탄기흥로L,527,경기도,화성시,,경기도 화성시 동탄구 방교동 827-5,,경기도 화성시 동탄구 방교동 827-5,,,,,,0.14,,3,자전거보행자겸용도로,Y,경기도 화성시 동탄구청 안전건설과,031-5189-6860,2026-06-01
동탄기흥로L,528,경기도,화성시,,경기도 화성시 동탄구 방교동 829-7,,경기도 화성시 동탄구 방교동 827-5,,,,,,0.14,,3,자전거보행자겸용도로,Y,경기도 화성시 동탄구청 안전건설과,031-5189-6860,2026-06-01
동탄산단9길L,529,경기도,화성시,,경기도 화성시 동탄구 방교동 851,,경기도 화성시 동탄구 방교동 851,,,,,,0.3,,3,자전거보행자겸용도로,Y,경기도 화성시 동탄구청 안전건설과,031-5189-6860,2026-06-01
동탄산단9길R,530,경기도,화성시,,경기도 화성시 동탄구 방교동 850,,경기도 화성시 동탄구 방교동 850,,,,,,0.25,,3,자전거보행자겸용도로,Y,경기도 화성시 동탄구청 안전건설과,031-5189-6860,2026-06-01
동탄산단9길L,531,경기도,화성시,,경기도 화성시 동탄구 방교동 850,,경기도 화성시 동탄구 방교동 850,,,,,,0.22,,3,자전거보행자겸용도로,Y,경기도 화성시 동탄구청 안전건설과,031-5189-6860,2026-06-01
동탄기흥로,532R,경기도,화성시,,경기도 화성시 동탄구 영천동 167-6,,경기도 화성시 동탄구 여울동 1070,,,,,,3.4,,1.8,자전거보행자겸용도로,Y,경기도 화성시 동탄구청 안전건설과,031-5189-6860,2026-06-01
동탄기흥로,532L,경기도,화성시,,경기도 화성시 동탄구 영천동 167-6,,경기도 화성시 동탄구 여울동 1070,,,,,,3.4,,1.8,자전거보행자겸용도로,Y,경기도 화성시 동탄구청 안전건설과,031-5189-6860,2026-06-01
동탄순환대로R,533R,경기도,화성시,,경기도 화성시 동탄구 영천동 805,,경기도 화성시 동탄구 영천동 712,,,37.2093330873,127.1010903376,,0.9,,3,자전거보행자겸용도로,Y,경기도 화성시 동탄구청 안전건설과,031-5189-6860,2026-06-01
동탄순환대로L,533L,경기도,화성시,,경기도 화성시 동탄구 영천동 805,,경기도 화성시 동탄구 영천동 712,,,37.2093330873,127.1010903376,,0.9,,1.8,자전거보행자겸용도로,Y,경기도 화성시 동탄구청 안전건설과,031-5189-6860,2026-06-01
동탄원천로,534R,경기도,화성시,,경기도 화성시 동탄구 여울동 1049,,경기도 화성시 동탄구 여울동 1049,,,,,,0.34,,2.8,자전거보행자겸용도로,Y,경기도 화성시 동탄구청 안전건설과,031-5189-6860,2026-06-01
동탄원천로,534L,경기도,화성시,,경기도 화성시 동탄구 여울동 1049,,경기도 화성시 동탄구 여울동 1049,,,,,,0.34,,2.8,자전거보행자겸용도로,Y,경기도 화성시 동탄구청 안전건설과,031-5189-6860,2026-06-01
동탄기흥로R,535R,경기도,화성시,,경기도 화성시 동탄구 여울동 1051,,경기도 화성시 동탄구 여울동 1052,,,,,,0.23,,4.5,자전거보행자겸용도로,Y,경기도 화성시 동탄구청 안전건설과,031-5189-6860,2026-06-01
동탄기흥로R,535L,경기도,화성시,,경기도 화성시 동탄구 여울동 1051,,경기도 화성시 동탄구 여울동 1052,,,,,,0.23,,2.5,자전거보행자겸용도로,Y,경기도 화성시 동탄구청 안전건설과,031-5189-6860,2026-06-01
동탄기흥로536R,536R,경기도,화성시,,경기도 화성시 동탄구 여울동 1051-2,,경기도 화성시 동탄구 여울동 1051-2,,,,,,0.19,,3.5,자전거보행자겸용도로,Y,경기도 화성시 동탄구청 안전건설과,031-5189-6860,2026-06-01
동탄기흥로536L,536L,경기도,화성시,,경기도 화성시 동탄구 여울동 1051-2,,경기도 화성시 동탄구 여울동 1051-2,,,,,,0.19,,4,자전거보행자겸용도로,Y,경기도 화성시 동탄구청 안전건설과,031-5189-6860,2026-06-01
동탄광역환승로R,537R,경기도,화성시,,경기도 화성시 동탄구 석우동 638,,경기도 화성시 동탄구 여울동 1053,,,,,,0.8,,3,자전거보행자겸용도로,Y,경기도 화성시 동탄구청 안전건설과,031-5189-6860,2026-06-01
동탄기흥로 538R,538R,경기도,화성시,,경기도 화성시 동탄구 여울동 967-645,,경기도 화성시 동탄구 여울동 967-1185,,,,,,0.18,,4,자전거보행자겸용도로,Y,경기도 화성시 동탄구청 안전건설과,031-5189-6860,2026-06-01
동탄기흥로 538R,538L,경기도,화성시,,경기도 화성시 동탄구 여울동 967-645,,경기도 화성시 동탄구 여울동 967-1185,,,,,,0.18,,4,자전거보행자겸용도로,Y,경기도 화성시 동탄구청 안전건설과,031-5189-6860,2026-06-01
여울동539,539,경기도,화성시,,경기도 화성시 동탄구 여울동 1055-2,,경기도 화성시 동탄구 여울동 967-1181,,,,,,0.12,,2,자전거보행자겸용도로,Y,경기도 화성시 동탄구청 안전건설과,031-5189-6860,2026-06-01
동탄오산로R,540R,경기도,화성시,,경기도 화성시 동탄구 여울동 979,,경기도 화성시 동탄구 여울동 1060,,,37.1983028211,127.0866204062,,0.76,,3.5,자전거보행자겸용도로,Y,경기도 화성시 동탄구청 안전건설과,031-5189-6860,2026-06-01
동탄감배산로R,541R,경기도,화성시,,경기도 화성시 동탄구 여울동 1055,,경기도 화성시 동탄구 여울동 1056,,,,,,0.32,,4,자전거보행자겸용도로,Y,경기도 화성시 동탄구청 안전건설과,031-5189-6860,2026-06-01
동탄감배산로L,541L,경기도,화성시,,경기도 화성시 동탄구 여울동 1055,,경기도 화성시 동탄구 여울동 1056,,,,,,0.32,,4,자전거보행자겸용도로,Y,경기도 화성시 동탄구청 안전건설과,031-5189-6860,2026-06-01
동탄감배산로543R,543R,경기도,화성시,,경기도 화성시 동탄구 여울동 1057,,경기도 화성시 동탄구 여울동 1059,,,,,,0.41,,4,자전거보행자겸용도로,Y,경기도 화성시 동탄구청 안전건설과,031-5189-6860,2026-06-01
동탄감배산로543R,543L,경기도,화성시,,경기도 화성시 동탄구 여울동 1057,,경기도 화성시 동탄구 여울동 1059,,,,,,0.41,,4,자전거보행자겸용도로,Y,경기도 화성시 동탄구청 안전건설과,031-5189-6860,2026-06-01
여울동544R,544R,경기도,화성시,,경기도 화성시 동탄구 여울동 1056,,경기도 화성시 동탄구 여울동 1058,,,,,,0.28,,4,자전거보행자겸용도로,Y,경기도 화성시 동탄구청 안전건설과,031-5189-6860,2026-06-01
여울동544L,544L,경기도,화성시,,경기도 화성시 동탄구 여울동 1056,,경기도 화성시 동탄구 여울동 1058,,,,,,0.28,,4,자전거보행자겸용도로,Y,경기도 화성시 동탄구청 안전건설과,031-5189-6860,2026-06-01
여울동545R,545R,경기도,화성시,,경기도 화성시 동탄구 여울동 1057,,경기도 화성시 동탄구 여울동 1057,,,,,,0.11,,4,자전거보행자겸용도로,Y,경기도 화성시 동탄구청 안전건설과,031-5189-6860,2026-06-01
여울동545L,545L,경기도,화성시,,경기도 화성시 동탄구 여울동 1057,,경기도 화성시 동탄구 여울동 1057,,,,,,0.11,,4,자전거보행자겸용도로,Y,경기도 화성시 동탄구청 안전건설과,031-5189-6860,2026-06-01
여울동546R,546R,경기도,화성시,,경기도 화성시 동탄구 여울동 1057,,경기도 화성시 동탄구 여울동 1057,,,,,,0.16,,4,자전거보행자겸용도로,Y,경기도 화성시 동탄구청 안전건설과,031-5189-6860,2026-06-01
여울동546L,546L,경기도,화성시,,경기도 화성시 동탄구 여울동 1057,,경기도 화성시 동탄구 여울동 1057,,,,,,0.16,,4,자전거보행자겸용도로,Y,경기도 화성시 동탄구청 안전건설과,031-5189-6860,2026-06-01
여울동547R,547R,경기도,화성시,,경기도 화성시 동탄구 여울동 1057,,경기도 화성시 동탄구 여울동 1061,,,,,,0.06,,4,자전거보행자겸용도로,Y,경기도 화성시 동탄구청 안전건설과,031-5189-6860,2026-06-01
여울동547L,547L,경기도,화성시,,경기도 화성시 동탄구 여울동 1057,,경기도 화성시 동탄구 여울동 1061,,,,,,0.06,,4,자전거보행자겸용도로,Y,경기도 화성시 동탄구청 안전건설과,031-5189-6860,2026-06-01
여울동 548R,548R,경기도,화성시,,경기도 화성시 동탄구 여울동 987-1,,경기도 화성시 동탄구 여울동 1058,,,,,,0.11,,4,자전거보행자겸용도로,Y,경기도 화성시 동탄구청 안전건설과,031-5189-6860,2026-06-01
여울동 548L,548L,경기도,화성시,,경기도 화성시 동탄구 여울동 987-1,,경기도 화성시 동탄구 여울동 1058,,,,,,0.11,,4,자전거보행자겸용도로,Y,경기도 화성시 동탄구청 안전건설과,031-5189-6860,2026-06-01
동탄감배산로550L,550L,경기도,화성시,,경기도 화성시 동탄구 여울동 1063,,경기도 화성시 동탄구 여울동 1063,,,,,,0.29,,2.5,자전거보행자겸용도로,Y,경기도 화성시 동탄구청 안전건설과,031-5189-6860,2026-06-01
동탄기흥로353번길,551,경기도,화성시,,경기도 화성시 동탄구 여울동 1061,,경기도 화성시 동탄구 여울동 1072,,,,,,1.2,,3,자전거보행자겸용도로,Y,경기도 화성시 동탄구청 안전건설과,031-5189-6860,2026-06-01
동탄신리천로L,553L,경기도,화성시,,경기도 화성시 동탄구 여울동 1067,,경기도 화성시 동탄구 여울동 1078,,,,,,1.4,,3.5,자전거보행자겸용도로,Y,경기도 화성시 동탄구청 안전건설과,031-5189-6860,2026-06-01
동부대로555R,555R,경기도,화성시,,경기도 화성시 동탄구 여울동 1072-3,,경기도 화성시 동탄구 방교동 877-1,,,,,,0.29,,3,자전거보행자겸용도로,Y,경기도 화성시 동탄구청 안전건설과,031-5189-6860,2026-06-01
동부대로555L,555L,경기도,화성시,,경기도 화성시 동탄구 여울동 1072-3,,경기도 화성시 동탄구 방교동 877-1,,,,,,0.29,,3,자전거보행자겸용도로,Y,경기도 화성시 동탄구청 안전건설과,031-5189-6860,2026-06-01
동탄대로21길 557,557,경기도,화성시,,경기도 화성시 동탄구 여울동 970,,경기도 화성시 동탄구 여울동 967-2444,,,,,,0.27,,3,자전거보행자겸용도로,Y,경기도 화성시 동탄구청 안전건설과,031-5189-6860,2026-06-01
동탄오산로 558L,558L,경기도,화성시,,경기도 화성시 동탄구 여울동 산88-74,,경기도 화성시 동탄구 여울동 산88-95,,,,,,0.16,,3,자전거보행자겸용도로,Y,경기도 화성시 동탄구청 안전건설과,031-5189-6860,2026-06-01
동탄대로19길L,559L,경기도,화성시,,경기도 화성시 동탄구 여울동 1073,,경기도 화성시 동탄구 여울동 산88-81,,,,,,0.2,,3,자전거보행자겸용도로,Y,경기도 화성시 동탄구청 안전건설과,031-5189-6860,2026-06-01
동탄역로R,560R,경기도,화성시,,경기도 화성시 동탄구 여울동 1073,,경기도 화성시 동탄구 여울동 산88-14,,,,,,0.15,,3,자전거보행자겸용도로,Y,경기도 화성시 동탄구청 안전건설과,031-5189-6860,2026-06-01
동탄역로L,560L,경기도,화성시,,경기도 화성시 동탄구 여울동 1073,,경기도 화성시 동탄구 여울동 산88-14,,,,,,0.15,,3,자전거보행자겸용도로,Y,경기도 화성시 동탄구청 안전건설과,031-5189-6860,2026-06-01
동탄역로 561,561,경기도,화성시,경기도 화성시 동탄구 동탄대로 451,,,경기도 화성시 동탄구 여울동 227-11,,,,,,0.53,,3,자전거보행자겸용도로,Y,경기도 화성시 동탄구청 안전건설과,031-5189-6860,2026-06-01
동탄대로11길 564,563,경기도,화성시,,경기도 화성시 동탄구 여울동 962-35,,경기도 화성시 동탄구 여울동 4078-8,,,,,,0.27,,3,자전거보행자겸용도로,Y,경기도 화성시 동탄구청 안전건설과,031-5189-6860,2026-06-01
전곡산단3길 R,,경기도,화성시,,경기도 화성시 만세구 서신면 전곡리 1067,,경기도 화성시 만세구 서신면 전곡리 1131,37.189821,126.655620,37.191016,126.659610,,0.38,,1.5,자전거보행자겸용도로,Y,경기도 화성시 만세구청 안전건설과,031-5189-1054,2026-06-01
전곡산단3길 L,,경기도,화성시,,경기도 화성시 만세구 서신면 전곡리 1067,,경기도 화성시 만세구 서신면 전곡리 1131,37.189821,126.655620,37.191016,126.659610,,0.38,,1.5,자전거보행자겸용도로,Y,경기도 화성시 만세구청 안전건설과,031-5189-1054,2026-06-01
전곡산단6길 R,,경기도,화성시,,경기도 화성시 만세구 서신면 전곡리 1138,,경기도 화성시 만세구 서신면 장외리 646,37.187197,126.671186,37.183118,126.671205,,0.28,,1.5,자전거보행자겸용도로,Y,경기도 화성시 만세구청 안전건설과,031-5189-1054,2026-06-01
전곡산단6길 L,,경기도,화성시,,경기도 화성시 만세구 서신면 전곡리 1138,,경기도 화성시 만세구 서신면 장외리 646,37.187197,126.671186,37.183118,126.671205,,0.28,,1.5,자전거보행자겸용도로,Y,경기도 화성시 만세구청 안전건설과,031-5189-1054,2026-06-01
전곡산단9길 R,,경기도,화성시,,경기도 화성시 만세구 서신면 전곡리 1140,,경기도 화성시 만세구 서신면 전곡리 1138,37.188027,126.680817,37.187197,126.671186,,0.4,,1.5,자전거보행자겸용도로,Y,경기도 화성시 만세구청 안전건설과,031-5189-1054,2026-06-01
전곡산단9길 L,,경기도,화성시,,경기도 화성시 만세구 서신면 전곡리 1140,,경기도 화성시 만세구 서신면 전곡리 1138,37.188027,126.680817,37.187197,126.671186,,0.4,,1.5,자전거보행자겸용도로,Y,경기도 화성시 만세구청 안전건설과,031-5189-1054,2026-06-01
전곡산단10길 R,,경기도,화성시,,경기도 화성시 만세구 서신면 전곡리 1144,,경기도 화성시 만세구 서신면 장외리 648,37.186479,126.676101,37.180268,126.676418,,0.95,,1.5,자전거보행자겸용도로,Y,경기도 화성시 만세구청 안전건설과,031-5189-1054,2026-06-01
전곡산단10길 L,,경기도,화성시,,경기도 화성시 만세구 서신면 전곡리 1144,,경기도 화성시 만세구 서신면 장외리 648,37.186479,126.676101,37.180268,126.676418,,0.95,,1.5,자전거보행자겸용도로,Y,경기도 화성시 만세구청 안전건설과,031-5189-1054,2026-06-01
전곡산단11길 R,,경기도,화성시,,경기도 화성시 만세구 서신면 장외리 646,,경기도 화성시 만세구 서신면 전곡리 1155,37.183118,126.671205,37.181241,126.678506,,0.55,,1.5,자전거보행자겸용도로,Y,경기도 화성시 만세구청 안전건설과,031-5189-1054,2026-06-01
전곡산단11길 L,,경기도,화성시,,경기도 화성시 만세구 서신면 장외리 646,,경기도 화성시 만세구 서신면 전곡리 1155,37.183118,126.671205,37.181241,126.678506,,0.55,,1.5,자전거보행자겸용도로,Y,경기도 화성시 만세구청 안전건설과,031-5189-1054,2026-06-01
수풀오얏길 R,,경기도,화성시,,경기도 화성시 만세구 서신면 장외리 648,,경기도 화성시 만세구 서신면 장외리 332-7,37.180268,126.676418,37.174301,126.681414,,0.8,,2.8,자전거보행자겸용도로,Y,경기도 화성시 만세구청 안전건설과,031-5189-1054,2026-06-01
수풀오얏길 L,,경기도,화성시,,경기도 화성시 만세구 서신면 장외리 648,,경기도 화성시 만세구 서신면 장외리 332-7,37.180268,126.676418,37.174301,126.681414,,0.8,,2.8,자전거보행자겸용도로,Y,경기도 화성시 만세구청 안전건설과,031-5189-1054,2026-06-01
궁평항로 1R,,경기도,화성시,,경기도 화성시 만세구 서신면 상안리 708-6,,경기도 화성시 만세구 서신면 매화리 424-5,37.174067,126.706696,37.165448,126.708097,,0.97,,1.5,자전거보행자겸용도로,Y,경기도 화성시 만세구청 안전건설과,031-5189-1054,2026-06-01
궁평항로 1L,,경기도,화성시,,경기도 화성시 만세구 서신면 상안리 708-6,,경기도 화성시 만세구 서신면 매화리 424-5,37.174067,126.706696,37.165448,126.708097,,0.97,,1.5,자전거보행자겸용도로,Y,경기도 화성시 만세구청 안전건설과,031-5189-1054,2026-06-01
궁평항로 2R,,경기도,화성시,,경기도 화성시 만세구 서신면 궁평리 702,,경기도 화성시 만세구 우정읍 매향리 73-5,37.115941,126.684119,37.053708,126.754764,,9.51,,3,자전거보행자겸용도로,Y,경기도 화성시 만세구청 안전건설과,031-5189-1054,2026-06-01
궁평항로 2L,,경기도,화성시,,경기도 화성시 만세구 서신면 궁평리 702,,경기도 화성시 만세구 우정읍 매향리 73-5,37.115941,126.684119,37.053708,126.754764,,9.51,,2.5,자전거보행자겸용도로,Y,경기도 화성시 만세구청 안전건설과,031-5189-1054,2026-06-01
청원산단로 R,,경기도,화성시,,경기도 화성시 만세구 마도면 청원리 878-37,,경기도 화성시 만세구 마도면 청원리 1248,37.172540,126.776912,37.173772,126.762456,,1.08,,2.5,자전거전용도로,Y,경기도 화성시 만세구청 안전건설과,031-5189-1054,2026-06-01
청원산단로 L,,경기도,화성시,,경기도 화성시 만세구 마도면 쌍송리 693-3,,경기도 화성시 만세구 마도면 청원리 1248,37.176104,126.783162,37.173772,126.762456,,2.1,,3,자전거보행자겸용도로,Y,경기도 화성시 만세구청 안전건설과,031-5189-1054,2026-06-01
청원산단1길 R,,경기도,화성시,,경기도 화성시 만세구 마도면 청원리 878-37,,경기도 화성시 만세구 마도면 청원리 1540,37.172540,126.776912,37.168634,126.775545,,0.72,,2.4,자전거보행자겸용도로,Y,경기도 화성시 만세구청 안전건설과,031-5189-1054,2026-06-01
청원산단1길 L,,경기도,화성시,,경기도 화성시 만세구 마도면 청원리 878-37,,경기도 화성시 만세구 마도면 청원리 1540,37.172540,126.776912,37.168634,126.775545,,0.72,,2.4,자전거보행자겸용도로,Y,경기도 화성시 만세구청 안전건설과,031-5189-1054,2026-06-01
청원산단2길 R,,경기도,화성시,,경기도 화성시 만세구 마도면 청원리 878-37,,경기도 화성시 만세구 마도면 청원리 1520,37.172540,126.776912,37.173880,126.762791,,1.3,,2.5,자전거보행자겸용도로,Y,경기도 화성시 만세구청 안전건설과,031-5189-1054,2026-06-01
청원산단2길 L,,경기도,화성시,,경기도 화성시 만세구 마도면 청원리 878-37,,경기도 화성시 만세구 마도면 청원리 1520,37.172540,126.776912,37.173880,126.762791,,1.3,,2.5,자전거보행자겸용도로,Y,경기도 화성시 만세구청 안전건설과,031-5189-1054,2026-06-01
청원산단3길 R,,경기도,화성시,,경기도 화성시 만세구 마도면 청원리 1247-7,,경기도 화성시 만세구 마도면 청원리 1540,37.166210,126.759294,37.168634,126.775545,,1.13,,2.5,자전거보행자겸용도로,Y,경기도 화성시 만세구청 안전건설과,031-5189-1054,2026-06-01
청원산단3길 L,,경기도,화성시,,경기도 화성시 만세구 마도면 청원리 1247-7,,경기도 화성시 만세구 마도면 청원리 1540,37.166210,126.759294,37.168634,126.775545,,1.13,,2.5,자전거보행자겸용도로,Y,경기도 화성시 만세구청 안전건설과,031-5189-1054,2026-06-01
청원산단4길 R,,경기도,화성시,,경기도 화성시 만세구 마도면 청원리 1523,,경기도 화성시 만세구 마도면 청원리 1526,37.175291,126.773249,37.172388,126.769305,,0.35,,2.5,자전거보행자겸용도로,Y,경기도 화성시 만세구청 안전건설과,031-5189-1054,2026-06-01
청원산단4길 L,,경기도,화성시,,경기도 화성시 만세구 마도면 청원리 1523,,경기도 화성시 만세구 마도면 청원리 1526,37.175291,126.773249,37.172388,126.769305,,0.35,,2.5,자전거보행자겸용도로,Y,경기도 화성시 만세구청 안전건설과,031-5189-1054,2026-06-01
청원산단7길 R,,경기도,화성시,,경기도 화성시 만세구 마도면 청원리 1526,,경기도 화성시 만세구 마도면 청원리 1545,37.172388,126.769305,37.166537,126.764279,,0.67,,2.5,자전거보행자겸용도로,Y,경기도 화성시 만세구청 안전건설과,031-5189-1054,2026-06-01
청원산단7길 L,,경기도,화성시,,경기도 화성시 만세구 마도면 청원리 1545,,경기도 화성시 만세구 마도면 청원리 1526,37.166537,126.764279,37.172388,126.769305,,0.35,,2.5,자전거보행자겸용도로,Y,경기도 화성시 만세구청 안전건설과,031-5189-1054,2026-06-01
청원산단8길 R,,경기도,화성시,,경기도 화성시 만세구 마도면 청원리 1520,,경기도 화성시 만세구 마도면 청원리 1253,37.173880,126.762791,37.168621,126.779698,,0.99,,2.3,자전거보행자겸용도로,Y,경기도 화성시 만세구청 안전건설과,031-5189-1054,2026-06-01
청원산단8길 1L,,경기도,화성시,,경기도 화성시 만세구 마도면 청원리 1520,,경기도 화성시 만세구 마도면 청원리 1253,37.173880,126.762791,37.168621,126.779698,,0.99,,2.5,자전거보행자겸용도로,Y,경기도 화성시 만세구청 안전건설과,031-5189-1054,2026-06-01
남양천동로 R,,경기도,화성시,,경기도 화성시 만세구 마도면 쌍송리 693-4,,경기도 화성시 만세구 서신면 궁평리 666-35,37.179511,126.793040,37.1186855319,126.6893453037,,11.67,,2.5,자전거전용도로,Y,경기도 화성시 만세구청 안전건설과,031-5189-1054,2026-06-01
남양천동로 L,,경기도,화성시,,경기도 화성시 만세구 마도면 쌍송리 694,,경기도 화성시 만세구 서신면 궁평리 666-35,37.182895,126.787239,37.1186855319,126.6893453037,,13.62,,2.5,자전거전용도로,Y,경기도 화성시 만세구청 안전건설과,031-5189-1054,2026-06-01
가축분뇨처리시설 진입로 R,,경기도,화성시,,경기도 화성시 만세구 남양읍 남양리 2409,,경기도 화성시 만세구 남양읍 남양리 2409,37.210904,126.821206,37.210904,126.821206,,0.31,,2,자전거보행자겸용도로,Y,경기도 화성시 만세구청 안전건설과,031-5189-1054,2026-06-01
남양로 2R,,경기도,화성시,,경기도 화성시 만세구 남양읍 북양리 647,,경기도 화성시 만세구 남양읍 신남리 25-7,37.219049,126.834311,37.195252,126.822427,,2.66,,2.2,자전거보행자겸용도로,Y,경기도 화성시 만세구청 안전건설과,031-5189-1054,2026-06-01
남양로 2L,,경기도,화성시,,경기도 화성시 만세구 남양읍 북양리 647,,경기도 화성시 만세구 남양읍 신남리 25-7,37.219049,126.834311,37.195252,126.822427,,2.66,,2.2,자전거보행자겸용도로,Y,경기도 화성시 만세구청 안전건설과,031-5189-1054,2026-06-01
남양성지로 R,,경기도,화성시,,경기도 화성시 만세구 남양읍 남양리 1198-3,,경기도 화성시 만세구 남양읍 북양리 310-15,37.209083,126.818578,37.204648,126.800947,,1.25,,1.5,자전거보행자겸용도로,Y,경기도 화성시 만세구청 안전건설과,031-5189-1054,2026-06-01
남양성지로 L,,경기도,화성시,,경기도 화성시 만세구 남양읍 남양리 1198-3,,경기도 화성시 만세구 남양읍 북양리 310-15,37.209083,126.818578,37.204648,126.800947,,1.25,,1.5,자전거보행자겸용도로,Y,경기도 화성시 만세구청 안전건설과,031-5189-1054,2026-06-01
남양중앙로 R,,경기도,화성시,,경기도 화성시 만세구 남양읍 남양리 1799-6,,경기도 화성시 만세구 남양읍 남양리 1487-2,37.202495,126.820334,37.202508,126.840873,,2.05,,1.2,자전거보행자겸용도로,Y,경기도 화성시 만세구청 안전건설과,031-5189-1054,2026-06-01
남양중앙로 L,,경기도,화성시,,경기도 화성시 만세구 남양읍 남양리 1799-6,,경기도 화성시 만세구 남양읍 남양리 1487-2,37.202495,126.820334,37.202508,126.840873,,2.05,,1.2,자전거보행자겸용도로,Y,경기도 화성시 만세구청 안전건설과,031-5189-1054,2026-06-01
대학길 R,,경기도,화성시,,경기도 화성시 만세구 남양읍 남양리 1868-20,,경기도 화성시 만세구 남양읍 남양리 1937-9,37.212442,126.824280,37.213657,126.814634,,0.55,,2,자전거보행자겸용도로,Y,경기도 화성시 만세구청 안전건설과,031-5189-1054,2026-06-01
대학길 L,,경기도,화성시,,경기도 화성시 만세구 남양읍 남양리 1868-20,,경기도 화성시 만세구 남양읍 남양리 1937-9,37.212442,126.824280,37.213657,126.814634,,0.55,,2,자전거보행자겸용도로,Y,경기도 화성시 만세구청 안전건설과,031-5189-1054,2026-06-01
시청로 R,,경기도,화성시,,경기도 화성시 만세구 남양읍 남양리 1198-3,,경기도 화성시 만세구 남양읍 남양리 1852-103,37.209083,126.818578,37.194956,126.827980,,1.55,,1.5,자전거보행자겸용도로,Y,경기도 화성시 만세구청 안전건설과,031-5189-1054,2026-06-01
시청로 L,,경기도,화성시,,경기도 화성시 만세구 남양읍 남양리 1198-3,,경기도 화성시 만세구 남양읍 남양리 1852-103,37.209083,126.818578,37.194956,126.827980,,1.55,,1.5,자전거보행자겸용도로,Y,경기도 화성시 만세구청 안전건설과,031-5189-1054,2026-06-01
시청로32번길 R,,경기도,화성시,,경기도 화성시 만세구 남양읍 남양리 1747-3,,경기도 화성시 만세구 남양읍 남양리 1813-5,37.204578,126.820741,37.198893,126.819664,,0.62,,1.2,자전거보행자겸용도로,Y,경기도 화성시 만세구청 안전건설과,031-5189-1054,2026-06-01
역골동로 L,,경기도,화성시,,경기도 화성시 만세구 남양읍 남양리 2080-3,,경기도 화성시 만세구 남양읍 남양리 2112,37.209035,126.831921,37.205746,126.832133,,0.31,,1.5,자전거보행자겸용도로,Y,경기도 화성시 만세구청 안전건설과,031-5189-1054,2026-06-01
역골중앙로 70번길 L,,경기도,화성시,,경기도 화성시 만세구 남양읍 남양리 2112,,경기도 화성시 만세구 남양읍 남양리 2144-1,37.205746,126.832133,37.204133,126.833717,,0.12,,1.5,자전거보행자겸용도로,Y,경기도 화성시 만세구청 안전건설과,031-5189-1054,2026-06-01
신경대학교길 R,,경기도,화성시,,경기도 화성시 만세구 남양읍 남양리 산87-2,,경기도 화성시 만세구 남양읍 남양리 1479,37.205424,126.842813,37.202782,126.839492,,1.55,,1.5,자전거보행자겸용도로,Y,경기도 화성시 만세구청 안전건설과,031-5189-1054,2026-06-01
신경대학교길 L,,경기도,화성시,,경기도 화성시 만세구 남양읍 남양리 산87-2,,경기도 화성시 만세구 남양읍 남양리 1479,37.205424,126.842813,37.202782,126.839492,,0.07,,1.5,자전거보행자겸용도로,Y,경기도 화성시 만세구청 안전건설과,031-5189-1054,2026-06-01
수노을1로 R,,경기도,화성시,,경기도 화성시 만세구 새솔동 178,,경기도 화성시 만세구 새솔동 170,37.279935,126.823451,37.287827,126.809545,,2.52,,1.5,자전거보행자겸용도로,Y,경기도 화성시 만세구청 안전건설과,031-5189-1054,2026-06-01
수노을3로 R,,경기도,화성시,,경기도 화성시 만세구 새솔동 14,,경기도 안산시 상록구 사동 1644,37.286012,126.819177,37.2895700644,126.8234531115,,0.55,,1.5,자전거보행자겸용도로,Y,경기도 화성시 만세구청 안전건설과,031-5189-1054,2026-06-01
수노을3로 L,,경기도,화성시,,경기도 안산시 상록구 사동 1644,,경기도 화성시 만세구 새솔동 14,37.2895700644,126.8234531115,37.286012,126.819177,,0.55,,1.5,자전거보행자겸용도로,Y,경기도 화성시 만세구청 안전건설과,031-5189-1054,2026-06-01
발안만세길 R,,경기도,화성시,,경기도 화성시 만세구 향남읍 발안리 176-6,,경기도 화성시 만세구 향남읍 발안리 293,37.127457,126.902729,37.130570,126.899638,,0.72,,1.5,자전거보행자겸용도로,Y,경기도 화성시 만세구청 안전건설과,031-5189-1054,2026-06-01
발안남로 R,,경기도,화성시,,경기도 화성시 만세구 향남읍 발안리 294,,경기도 화성시 만세구 향남읍 발안리 139-6,37.130862,126.899676,37.129990,126.904968,,1.03,,1.5,자전거보행자겸용도로,Y,경기도 화성시 만세구청 안전건설과,031-5189-1054,2026-06-01
발안서로 R,,경기도,화성시,,경기도 화성시 만세구 향남읍 발안리 300,,경기도 화성시 만세구 향남읍 발안리 212-5,37.129996,126.901988,37.129139,126.900799,,0.23,,1.5,자전거보행자겸용도로,Y,경기도 화성시 만세구청 안전건설과,031-5189-1054,2026-06-01
향봉로 R,,경기도,화성시,,경기도 화성시 만세구 향남읍 도이리 산125-2,,경기도 화성시 효행구 봉담읍 하가등리 335-3,37.134125,126.940818,37.149957,126.935125,,1.9,,2,자전거보행자겸용도로,Y,경기도 화성시 만세구청 안전건설과,031-5189-1054,2026-06-01
발안공단로 R,,경기도,화성시,,경기도 화성시 만세구 향남읍 하길리 1419,,경기도 화성시 만세구 향남읍 구문천리 939,37.086713,126.911735,37.086435,126.9040447504,,1.07,,3.5,자전거보행자겸용도로,Y,경기도 화성시 만세구청 안전건설과,031-5189-1054,2026-06-01
발안공단로 L,,경기도,화성시,,경기도 화성시 만세구 향남읍 구문천리 939,,경기도 화성시 만세구 향남읍 하길리 1419,37.086435,126.9040447504,37.086713,126.911735,,1.07,,3.5,자전거보행자겸용도로,Y,경기도 화성시 만세구청 안전건설과,031-5189-1054,2026-06-01
푸른들판로 2L,,경기도,화성시,,경기도 화성시 만세구 향남읍 장짐리 265-4,,경기도 화성시 만세구 팔탄면 지월리 산34-5,37.135463,126.911490,37.144463,126.897774,,6.2,,2.8,자전거보행자겸용도로,Y,경기도 화성시 만세구청 안전건설과,031-5189-1054,2026-06-01
푸른들판로 3R,,경기도,화성시,,경기도 화성시 만세구 향남읍 행정리 산3-9,,경기도 화성시 만세구 향남읍 장짐리 265-4,37.133998,126.938222,37.135463,126.911490,,2.3,,1.5,자전거보행자겸용도로,Y,경기도 화성시 만세구청 안전건설과,031-5189-1054,2026-06-01
푸른들판로 3L,,경기도,화성시,,경기도 화성시 만세구 향남읍 장짐리 265-4,,경기도 화성시 만세구 향남읍 행정리 산 3-9,37.135463,126.911490,37.133998,126.938222,,2.3,,1.5,자전거보행자겸용도로,Y,경기도 화성시 만세구청 안전건설과,031-5189-1054,2026-06-01
토성로,,경기도,화성시,,경기도 화성시 만세구 향남읍 행정리 350-1,,경기도 화성시 만세구 향남읍 백토리 337-4,37.130189,126.931358,37.117648,126.945290,,1.86,,3.2,자전거보행자겸용도로,Y,경기도 화성시 만세구청 안전건설과,031-5189-1054,2026-06-01
행정중앙1로 R,,경기도,화성시,,경기도 화성시 만세구 향남읍 행정리 534-2,,경기도 화성시 만세구 향남읍 행정리 332-7,37.127142,126.914931,37.126250,126.930352,,1.07,,1.5,자전거보행자겸용도로,Y,경기도 화성시 만세구청 안전건설과,031-5189-1054,2026-06-01
행정중앙1로 L,,경기도,화성시,,경기도 화성시 만세구 향남읍 행정리 534-2,,경기도 화성시 만세구 향남읍 행정리 332-7,37.127142,126.914931,37.126250,126.930352,,1.13,,1.5,자전거보행자겸용도로,Y,경기도 화성시 만세구청 안전건설과,031-5189-1054,2026-06-01
행정중앙2로 1R,,경기도,화성시,,경기도 화성시 만세구 향남읍 행정리 534,,경기도 화성시 만세구 향남읍 행정리 583,37.130610,126.915271,37.128336,126.927015,,0.9,,1.5,자전거보행자겸용도로,Y,경기도 화성시 만세구청 안전건설과,031-5189-1054,2026-06-01
행정중앙2로 1L,,경기도,화성시,,경기도 화성시 만세구 향남읍 행정리 534,,경기도 화성시 만세구 향남읍 행정리 583,37.130610,126.915271,37.128336,126.927015,,0.9,,1.5,자전거보행자겸용도로,Y,경기도 화성시 만세구청 안전건설과,031-5189-1054,2026-06-01
행정남로 1R,,경기도,화성시,,경기도 화성시 만세구 향남읍 제암리 200-6,,경기도 화성시 만세구 향남읍 행정리 580-3,37.125837,126.905918,37.122426,126.919414,,1.18,,1.5,자전거보행자겸용도로,Y,경기도 화성시 만세구청 안전건설과,031-5189-1054,2026-06-01
행정남로 1L,,경기도,화성시,,경기도 화성시 만세구 향남읍 제암리 200-6,,경기도 화성시 만세구 향남읍 행정리 580-3,37.125837,126.905918,37.122426,126.919414,,1.2,,2,자전거보행자겸용도로,Y,경기도 화성시 만세구청 안전건설과,031-5189-1054,2026-06-01
행정남로 2R,,경기도,화성시,,경기도 화성시 만세구 향남읍 행정리 552,,경기도 화성시 만세구 향남읍 방축리 84-1,37.126117,126.917637,37.122756,126.916371,,0.31,,2.8,자전거보행자겸용도로,Y,경기도 화성시 만세구청 안전건설과,031-5189-1054,2026-06-01
행정남로 2L,,경기도,화성시,,경기도 화성시 만세구 향남읍 행정리 552,,경기도 화성시 만세구 향남읍 방축리 84-1,37.126117,126.917637,37.122756,126.916371,,0.34,,2.8,자전거보행자겸용도로,Y,경기도 화성시 만세구청 안전건설과,031-5189-1054,2026-06-01
행정동로 1R,,경기도,화성시,,경기도 화성시 만세구 향남읍 행정리 570,,경기도 화성시 만세구 향남읍 행정리 583-1,37.134826,126.927159,37.125055,126.926675,,1.16,,1.5,자전거보행자겸용도로,Y,경기도 화성시 만세구청 안전건설과,031-5189-1054,2026-06-01
행정동로 1L,,경기도,화성시,,경기도 화성시 만세구 향남읍 행정리 570,,경기도 화성시 만세구 향남읍 행정리 583-1,37.134826,126.927159,37.125055,126.926675,,1.16,,1.5,자전거보행자겸용도로,Y,경기도 화성시 만세구청 안전건설과,031-5189-1054,2026-06-01
향남로 R,,경기도,화성시,,경기도 화성시 만세구 팔탄면 가재리 537-1,,경기도 화성시 만세구 향남읍 상신리 951-1,37.141535,126.916833,37.097936,126.903559,,4.5,,1.5,자전거보행자겸용도로,Y,경기도 화성시 만세구청 안전건설과,031-5189-1054,2026-06-01
향남로 L,,경기도,화성시,,경기도 화성시 만세구 팔탄면 가재리 537-1,,경기도 화성시 만세구 향남읍 상신리 951-1,37.141535,126.916833,37.097936,126.903559,,4.5,,1.5,자전거보행자겸용도로,Y,경기도 화성시 만세구청 안전건설과,031-5189-1054,2026-06-01
하길로 R,,경기도,화성시,,경기도 화성시 만세구 향남읍 하길리 457-36,,경기도 화성시 만세구 향남읍 하길리 405-2,37.112527,126.930378,37.109367,126.915016,,0.71,,1.5,자전거보행자겸용도로,Y,경기도 화성시 만세구청 안전건설과,031-5189-1054,2026-06-01
하길로 L,,경기도,화성시,,경기도 화성시 만세구 향남읍 하길리 457-36,,경기도 화성시 만세구 향남읍 하길리 405-2,37.112527,126.930378,37.109367,126.915016,,0.71,,1.5,자전거보행자겸용도로,Y,경기도 화성시 만세구청 안전건설과,031-5189-1054,2026-06-01
상신하길로R,,경기도,화성시,,경기도 화성시 만세구 향남읍 행정리 534-3,,경기도 화성시 만세구 향남읍 상신리 567-3,37.124848,126.914425,37.096963,126.899083,,3.65,,1.5,자전거보행자겸용도로,Y,경기도 화성시 만세구청 안전건설과,031-5189-1054,2026-06-01
상신하길로L,,경기도,화성시,,경기도 화성시 만세구 향남읍 행정리 534-3,,경기도 화성시 만세구 향남읍 상신리 567-3,37.124848,126.914425,37.096963,126.899083,,3.65,,1.5,자전거보행자겸용도로,Y,경기도 화성시 만세구청 안전건설과,031-5189-1054,2026-06-01
상신하길로126번길R,,경기도,화성시,,경기도 화성시 만세구 향남읍 상신리 1345,,경기도 화성시 만세구 향남읍 상신리 600-6,37.104476,126.899865,37.104296,126.901195,,0.22,,1.5,자전거보행자겸용도로,Y,경기도 화성시 만세구청 안전건설과,031-5189-1054,2026-06-01
상신하길로126번길L,,경기도,화성시,,경기도 화성시 만세구 향남읍 상신리 1345,,경기도 화성시 만세구 향남읍 상신리 600-6,37.104476,126.899865,37.104296,126.901195,,0.22,,1.5,자전거보행자겸용도로,Y,경기도 화성시 만세구청 안전건설과,031-5189-1054,2026-06-01
상신하길로195번길R,,경기도,화성시,,경기도 화성시 만세구 향남읍 상신리 1336,,경기도 화성시 만세구 향남읍 하길리 1216-1,37.108696,126.903461,37.108696,126.903461,,0.88,,1.5,자전거보행자겸용도로,Y,경기도 화성시 만세구청 안전건설과,031-5189-1054,2026-06-01
상신하길로195번길L,,경기도,화성시,,경기도 화성시 만세구 향남읍 상신리 1336,,경기도 화성시 만세구 향남읍 하길리 1216-1,37.108696,126.903461,37.108696,126.903461,,0.88,,1.5,자전거보행자겸용도로,Y,경기도 화성시 만세구청 안전건설과,031-5189-1054,2026-06-01
상신하길로196번길R,,경기도,화성시,,경기도 화성시 만세구 향남읍 상신리 1338,,경기도 화성시 만세구 향남읍 하길리 339-7,37.105382,126.908492,37.104007,126.910133,,0.44,,1.5,자전거보행자겸용도로,Y,경기도 화성시 만세구청 안전건설과,031-5189-1054,2026-06-01
상신하길로196번길L,,경기도,화성시,,경기도 화성시 만세구 향남읍 상신리 1338,,경기도 화성시 만세구 향남읍 하길리 339-7,37.105382,126.908492,37.104007,126.910133,,0.44,,1.5,자전거보행자겸용도로,Y,경기도 화성시 만세구청 안전건설과,031-5189-1054,2026-06-01
상신하길로273번길R,,경기도,화성시,,경기도 화성시 만세구 향남읍 하길리 1491,,경기도 화성시 만세구 향남읍 하길리 1490,37.116969,126.907516,37.115153,126.904951,,0.63,,1.5,자전거보행자겸용도로,Y,경기도 화성시 만세구청 안전건설과,031-5189-1054,2026-06-01
상신하길로273번길L,,경기도,화성시,,경기도 화성시 만세구 향남읍 하길리 1491,,경기도 화성시 만세구 향남읍 하길리 1490,37.116969,126.907516,37.115153,126.904951,,0.63,,1.5,자전거보행자겸용도로,Y,경기도 화성시 만세구청 안전건설과,031-5189-1054,2026-06-01
상신하길로274번길R,,경기도,화성시,,경기도 화성시 만세구 향남읍 하길리 1555,,경기도 화성시 만세구 향남읍 하길리 1488,37.112297,126.908102,37.112469,126.910412,,0.65,,1.5,자전거보행자겸용도로,Y,경기도 화성시 만세구청 안전건설과,031-5189-1054,2026-06-01
상신하길로274번길L,,경기도,화성시,,경기도 화성시 만세구 향남읍 하길리 1555,,경기도 화성시 만세구 향남읍 하길리 1488,37.112297,126.908102,37.112469,126.910412,,0.63,,1.5,자전거보행자겸용도로,Y,경기도 화성시 만세구청 안전건설과,031-5189-1054,2026-06-01
상신하길로298번길R,,경기도,화성시,,경기도 화성시 만세구 향남읍 하길리 1487,,경기도 화성시 만세구 향남읍 하길리 1487,37.113945,126.912938,37.113945,126.912938,,0.55,,1.5,자전거보행자겸용도로,Y,경기도 화성시 만세구청 안전건설과,031-5189-1054,2026-06-01
상신하길로298번길L,,경기도,화성시,,경기도 화성시 만세구 향남읍 하길리 1487,,경기도 화성시 만세구 향남읍 하길리 1487,37.113945,126.912938,37.113945,126.912938,,0.55,,1.5,자전거보행자겸용도로,Y,경기도 화성시 만세구청 안전건설과,031-5189-1054,2026-06-01
상신하길로328번길R,,경기도,화성시,,경기도 화성시 만세구 향남읍 하길리 1485,,경기도 화성시 만세구 향남읍 하길리 1485,37.116565,126.913942,37.116565,126.913942,,0.52,,1.5,자전거보행자겸용도로,Y,경기도 화성시 만세구청 안전건설과,031-5189-1054,2026-06-01
상신하길로328번길L,,경기도,화성시,,경기도 화성시 만세구 향남읍 하길리 1485,,경기도 화성시 만세구 향남읍 하길리 1485,37.116565,126.913942,37.116565,126.913942,,0.52,,1.5,자전거보행자겸용도로,Y,경기도 화성시 만세구청 안전건설과,031-5189-1054,2026-06-01
포승장안로 1R,,경기도,화성시,,경기도 화성시 만세구 우정읍 조암리 815,,경기도 화성시 만세구 장안면 어은리 400,37.089604,126.826041,37.085811,126.825804,,0.52,,3,자전거보행자겸용도로,Y,경기도 화성시 만세구청 안전건설과,031-5189-1054,2026-06-01
포승장안로 1L,,경기도,화성시,,경기도 화성시 만세구 장안면 어은리 400,,경기도 화성시 만세구 우정읍 조암리 815,37.085811,126.825804,37.089604,126.826041,,0.52,,3,자전거보행자겸용도로,Y,경기도 화성시 만세구청 안전건설과,031-5189-1054,2026-06-01
쌍봉로 R,,경기도,화성시,,경기도 화성시 만세구 우정읍 조암리 383-8,,경기도 화성시 만세구 우정읍 조암리 474-17,37.088910,126.817011,37.081409,126.812848,,0.97,,2,자전거보행자겸용도로,Y,경기도 화성시 만세구청 안전건설과,031-5189-1054,2026-06-01
쌍봉로 L,,경기도,화성시,,경기도 화성시 만세구 우정읍 조암리 383-8,,경기도 화성시 만세구 우정읍 조암리 474-17,37.088910,126.817011,37.081409,126.812848,,0.97,,2,자전거보행자겸용도로,Y,경기도 화성시 만세구청 안전건설과,031-5189-1054,2026-06-01
장안로 R,,경기도,화성시,,경기도 화성시 만세구 우정읍 조암리 383-8,,경기도 화성시 만세구 장안면 어은리 산89-1,37.088910,126.817011,37.088347,126.829044,,1.07,,2,자전거보행자겸용도로,Y,경기도 화성시 만세구청 안전건설과,031-5189-1054,2026-06-01
장안로 L,,경기도,화성시,,경기도 화성시 만세구 우정읍 조암리 383-8,,경기도 화성시 만세구 장안면 어은리 산89-1,37.088910,126.817011,37.088347,126.829044,,1.07,,2,자전거보행자겸용도로,Y,경기도 화성시 만세구청 안전건설과,031-5189-1054,2026-06-01
조암북로 R,,경기도,화성시,,경기도 화성시 만세구 우정읍 조암리 829,,경기도 화성시 만세구 우정읍 조암리 826,37.086322,126.821379,37.086068,126.822594,,0.19,,2.5,자전거보행자겸용도로,Y,경기도 화성시 만세구청 안전건설과,031-5189-1054,2026-06-01
조암북로 L,,경기도,화성시,,경기도 화성시 만세구 우정읍 조암리 829,,경기도 화성시 만세구 우정읍 조암리 826,37.086322,126.821379,37.086068,126.822594,,0.19,,2.5,자전거보행자겸용도로,Y,경기도 화성시 만세구청 안전건설과,031-5189-1054,2026-06-01
조암동로 R,,경기도,화성시,,경기도 화성시 만세구 우정읍 조암리 815,,경기도 화성시 만세구 우정읍 조암리 826,37.089604,126.826041,37.086068,126.822594,,0.78,,2.5,자전거보행자겸용도로,Y,경기도 화성시 만세구청 안전건설과,031-5189-1054,2026-06-01
조암동로 L,,경기도,화성시,,경기도 화성시 만세구 우정읍 조암리 815,,경기도 화성시 만세구 우정읍 조암리 826,37.089604,126.826041,37.086068,126.822594,,0.78,,2.5,자전거보행자겸용도로,Y,경기도 화성시 만세구청 안전건설과,031-5189-1054,2026-06-01
장안공단로 R,,경기도,화성시,,경기도 화성시 만세구 장안면 수촌리 905-4,,경기도 화성시 만세구 장안면 석포리 1026-3,37.103650,126.844410,37.116622,126.838538,,1.67,,1.5,자전거보행자겸용도로,Y,경기도 화성시 만세구청 안전건설과,031-5189-1054,2026-06-01
장안공단2길 R,,경기도,화성시,,경기도 화성시 만세구 장안면 수촌리 1477,,경기도 화성시 만세구 장안면 수촌리 1477-8,37.110072,126.843312,37.105205,126.843612,,1.4,,1.5,자전거보행자겸용도로,Y,경기도 화성시 만세구청 안전건설과,031-5189-1054,2026-06-01
장안공단2길 L,,경기도,화성시,,경기도 화성시 만세구 장안면 수촌리 1477,,경기도 화성시 만세구 장안면 수촌리 1477-8,37.110072,126.843312,37.105205,126.843612,,1.4,,1.5,자전거보행자겸용도로,Y,경기도 화성시 만세구청 안전건설과,031-5189-1054,2026-06-01
동서진입도로 1R,,경기도,화성시,,경기도 화성시 만세구 남양읍 문호리 1195-3,,경기도 화성시 만세구 송산면 고정리 630,37.250352,126.789294,37.250261,126.742047,,4.67,,2,자전거보행자겸용도로,Y,경기도 화성시 만세구청 안전건설과,031-5189-1054,2026-06-01
동서진입도로 1L,,경기도,화성시,,경기도 화성시 만세구 남양읍 문호리 1195-3,,경기도 화성시 만세구 송산면 고정리 630,37.250352,126.789294,37.250261,126.742047,,4.67,,2,자전거보행자겸용도로,Y,경기도 화성시 만세구청 안전건설과,031-5189-1054,2026-06-01
동서진입도로 2R,,경기도,화성시,,경기도 화성시 만세구 남양읍 문호리 689-4,,경기도 화성시 만세구 남양읍 문호리 1195-3,37.250383,126.798534,37.250352,126.789294,,5.3,,2.7,자전거보행자겸용도로,Y,경기도 화성시 만세구청 안전건설과,031-5189-1054,2026-06-01
동서진입도로 2L,,경기도,화성시,,경기도 화성시 만세구 남양읍 문호리 689-4,,경기도 화성시 만세구 남양읍 문호리 1195-3,37.250383,126.798534,37.250352,126.789294,,5.3,,2.7,자전거보행자겸용도로,Y,경기도 화성시 만세구청 안전건설과,031-5189-1054,2026-06-01
효행로291번길 1R,,경기도,화성시,,경기도 화성시 효행구 기안동 370-4,,경기도 화성시 효행구 기안동 370-4,,,,,,0.11,,1,,,경기도 화성시 효행구청,031-5189-7559,2026-06-01
기안남로 R,,경기도,화성시,,경기도 화성시 효행구 기안동 897,,경기도 화성시 효행구 기안동 899,,,,,,0.47,,1.5,,,경기도 화성시 효행구청,031-5189-7559,2026-06-01
효행로291번길 1L,,경기도,화성시,,경기도 화성시 효행구 기안동 924-1,,경기도 화성시 효행구 봉담읍 와우리 148-9,,,,,,0.36,,1.5,,,경기도 화성시 효행구청,031-5189-7559,2026-06-01
서부로 R,,경기도,화성시,,경기도 화성시 효행구 배양동 15-321,,경기도 화성시 효행구 기안동 67-1,,,,,,1.6,,1.5,,,경기도 화성시 효행구청,031-5189-7559,2026-06-01
서부로 L,,경기도,화성시,,경기도 화성시 효행구 배양동 69-589,,경기도 화성시 효행구 기안동 463-8,,,,,,1.5,,1.5,,,경기도 화성시 효행구청,031-5189-7559,2026-06-01
동화길 1L,,경기도,화성시,,경기도 화성시 효행구 봉담읍 동화리 425-57,,경기도 화성시 효행구 봉담읍 동화리 636-1,,,,,,1.13,,1.8,,,경기도 화성시 효행구청,031-5189-7559,2026-06-01
동화길 1R,,경기도,화성시,,경기도 화성시 효행구 봉담읍 동화리 425-89,,경기도 화성시 효행구 봉담읍 동화리 636-1,,,,,,1.2,,1.3,,,경기도 화성시 효행구청,031-5189-7559,2026-06-01
상리중앙로R,,경기도,화성시,,경기도 화성시 효행구 봉담읍 상리 36-22,,경기도 화성시 효행구 봉담읍 상리 279-1,,,,,,0.87,,1.5,,,경기도 화성시 효행구청,031-5189-7559,2026-06-01
상리중앙로L,,경기도,화성시,,경기도 화성시 효행구 봉담읍 상리 산 23-15,,경기도 화성시 효행구 봉담읍 상리 274-8,,,,,,1,,1.5,,,경기도 화성시 효행구청,031-5189-7559,2026-06-01
수영로 1R,,경기도,화성시,,경기도 화성시 효행구 봉담읍 수영리 339-24,,경기도 화성시 효행구 봉담읍 수영리 233-8,,,,,,0.73,,2.5,,,경기도 화성시 효행구청,031-5189-7559,2026-06-01
수영로 1L,,경기도,화성시,,경기도 화성시 효행구 봉담읍 수영리 339-24,,경기도 화성시 효행구 봉담읍 수영리 233-8,,,,,,0.72,,2.5,,,경기도 화성시 효행구청,031-5189-7559,2026-06-01
와우로 15번길 1L(기점->1),,경기도,화성시,,경기도 화성시 효행구 봉담읍 와우리 210-111,,경기도 화성시 효행구 봉담읍 와우리 26-7,,,,,,0.2,,1,,,경기도 화성시 효행구청,031-5189-7559,2026-06-01
와우로 15번길 1R(기점->1),,경기도,화성시,,경기도 화성시 효행구 봉담읍 와우리 211-61,,경기도 화성시 효행구 봉담읍 와우리 26-49,,,,,,0.59,,1,,,경기도 화성시 효행구청,031-5189-7559,2026-06-01
와우로 1R(기점->1),,경기도,화성시,,경기도 화성시 효행구 봉담읍 와우리 213-155,,경기도 화성시 효행구 봉담읍 와우리 221-123,,,,,,0.3,,1.5,,,경기도 화성시 효행구청,031-5189-7559,2026-06-01
와우로 1L(기점->1),,경기도,화성시,,경기도 화성시 효행구 봉담읍 와우리 213-69,,경기도 화성시 효행구 봉담읍 와우리 220-92,,,,,,0.3,,1.5,,,경기도 화성시 효행구청,031-5189-7559,2026-06-01
와우로 1L(1->종점),,경기도,화성시,,경기도 화성시 효행구 봉담읍 와우리 220-92,,경기도 화성시 효행구 봉담읍 와우리 26-64,,,,,,0.34,,1.5,,,경기도 화성시 효행구청,031-5189-7559,2026-06-01
와우로 1R(1->종점),,경기도,화성시,,경기도 화성시 효행구 봉담읍 와우리 221-123,,경기도 화성시 효행구 봉담읍 와우리 19-17,,,,,,0.4,,3,,,경기도 화성시 효행구청,031-5189-7559,2026-06-01
와우로 15번길 1R(1->종점),,경기도,화성시,,경기도 화성시 효행구 봉담읍 와우리 26-49,,경기도 화성시 효행구 봉담읍 와우리 26-60,,,,,,0.06,,1,,,경기도 화성시 효행구청,031-5189-7559,2026-06-01
와우로 15번길 1L(1->종점),,경기도,화성시,,경기도 화성시 효행구 봉담읍 와우리 26-7,,경기도 화성시 효행구 봉담읍 와우리 26-7,,,,,,0.04,,1,,,경기도 화성시 효행구청,031-5189-7559,2026-06-01
효행로 1R(기점->1),,경기도,화성시,,경기도 화성시 효행구 봉담읍 와우리 45-15,,경기도 화성시 효행구 봉담읍 와우리 44-49,,,,,,0.3,,1.8,,,경기도 화성시 효행구청,031-5189-7559,2026-06-01
푸른들판로 1,,경기도,화성시,,경기도 화성시 효행구 비봉면 구포리 975-6,,경기도 화성시 효행구 비봉면 청요리 910-1,,,,,,4.9,,3,,,경기도 화성시 효행구청,031-5189-7559,2026-06-01
비봉로 R,,경기도,화성시,,경기도 화성시 효행구 비봉면 삼화리 511-12,,경기도 화성시 효행구 비봉면 삼화리 773-8,,,,,,1.36,,3,,,경기도 화성시 효행구청,031-5189-7559,2026-06-01
비봉로 L,,경기도,화성시,,경기도 화성시 효행구 비봉면 삼화리 511-12,,경기도 화성시 효행구 비봉면 삼화리 773-8,,,,,,1.36,,3,,,경기도 화성시 효행구청,031-5189-7559,2026-06-01
송산비봉로 R,,경기도,화성시,,경기도 화성시 효행구 비봉면 삼화리 511-12,,경기도 화성시 효행구 비봉면 삼화리 773-8,,,,,,4.63,,3,,,경기도 화성시 효행구청,031-5189-7559,2026-06-01
송산비봉로 L,,경기도,화성시,,경기도 화성시 효행구 비봉면 삼화리 511-12,,경기도 화성시 효행구 비봉면 삼화리 773-8,,,,,,4.63,,3,,,경기도 화성시 효행구청,031-5189-7559,2026-06-01
만년로 R,,경기도,화성시,,경기도 화성시 효행구 정남면 괘랑리 267-1,,경기도 화성시 병점구 안녕동 140-4,,,37.1929661688,127.0053792639,,3.2,,3,,,경기도 화성시 효행구청,031-5189-7559,2026-06-01
