start,end,time,latitude,longitude,speed,accuracy,accelRms,peak,jerkRms,gyroRms,normalizedRms,eligible,score,confidence,grade
0.0,4.0,2.0,37.1848871,127.1043695,0.3,5.5,1.48,5.27,56.018,0.929,2.334,False,0,0.35,poor
2.0,6.0,4.0,37.1848986,127.1043905,0.717,4.62,2.031,12.85,113.975,0.975,3.204,False,0,0.35,poor
4.0,8.0,6.0,37.1849049,127.1044045,0.188,3.69,1.559,12.85,111.812,0.386,2.459,False,0,0.35,poor
6.0,10.0,8.0,37.1849057,127.1044039,0.149,3.08,0.795,7.201,61.239,0.155,1.254,False,0,0.35,poor
8.0,12.0,10.0,37.1849064,127.1044032,0.022,4.62,0.478,6.837,34.808,0.059,0.754,False,0,0.35,poor
10.0,14.0,12.0,37.184908,127.1044029,0.001,4.75,0.085,0.414,4.804,0.013,0.134,False,0,0.35,poor
12.0,16.0,14.0,37.184908,127.1044029,0.0,4.75,0.094,0.414,4.876,0.012,0.149,False,0,0.35,poor
14.0,18.0,16.0,37.184908,127.1044029,0.0,4.75,0.085,0.365,3.861,0.011,0.134,False,0,0.35,poor
16.0,20.0,18.0,37.184908,127.1044029,0.0,4.75,0.074,0.22,2.909,0.011,0.117,False,0,0.35,poor
18.0,22.0,20.0,37.184908,127.1044029,0.0,4.75,0.078,0.214,2.634,0.014,0.123,False,0,0.35,poor
20.0,24.0,22.0,37.1849056,127.1044,0.044,4.75,0.239,1.264,11.715,0.128,0.377,False,0,0.35,poor
22.0,26.0,24.0,37.1849054,127.1043998,0.0,4.75,0.323,1.264,14.559,0.186,0.509,False,0,0.35,poor
24.0,28.0,26.0,37.1849017,127.1044003,0.058,4.75,0.403,0.995,10.537,0.152,0.635,False,0,0.35,poor
26.0,30.0,28.0,37.184907,127.1043923,0.083,4.75,0.394,0.995,9.005,0.342,0.621,False,0,0.35,poor
28.0,32.0,30.0,37.1848917,127.1043889,0.025,6.7,0.726,2.062,17.901,0.406,1.146,False,0,0.35,poor
30.0,34.0,32.0,37.1848981,127.1043889,0.125,6.52,1.484,5.152,61.386,0.32,2.34,False,0,0.35,poor
32.0,36.0,34.0,37.184888,127.1043772,0.536,6.4,1.499,5.152,60.231,0.262,2.365,False,0,0.35,poor
34.0,38.0,36.0,37.1848869,127.104376,0.215,6.17,0.809,2.172,18.556,0.156,1.276,False,0,0.35,poor
36.0,40.0,38.0,37.1848862,127.1043803,0.017,5.94,0.608,2.195,24.761,0.163,0.959,False,0,0.35,poor
38.0,42.0,40.0,37.1848831,127.1043792,0.039,6.18,0.836,2.225,30.434,0.262,1.319,False,0,0.35,poor
40.0,44.0,42.0,37.1848829,127.1043665,0.261,6.09,1.142,4.664,44.468,0.273,1.801,False,0,0.35,poor
42.0,46.0,44.0,37.1848773,127.1043524,0.48,6.19,2.142,5.676,81.131,0.816,3.378,False,0,0.35,poor
44.0,48.0,46.0,37.1848711,127.1043396,0.778,6.03,2.374,5.676,87.53,0.982,3.744,False,0,0.35,poor
46.0,50.0,48.0,37.1848608,127.1043243,0.65,6.02,1.775,8.815,70.971,0.61,2.799,False,0,0.35,poor
48.0,52.0,50.0,37.1848672,127.1043205,0.115,6.09,1.38,8.815,56.379,0.253,2.176,False,0,0.35,poor
50.0,54.0,52.0,37.1848685,127.1043283,0.06,6.43,1.093,4.086,40.607,0.182,1.724,False,0,0.35,poor
52.0,56.0,54.0,37.1848738,127.1043374,0.029,6.55,1.17,4.051,47.587,0.225,1.845,False,0,0.35,poor
54.0,58.0,56.0,37.1848732,127.1043369,0.061,6.63,1.032,4.051,40.823,0.221,1.627,False,0,0.35,poor
56.0,60.0,58.0,37.1848702,127.1043307,0.015,6.9,0.728,3.116,30.276,0.155,1.147,False,0,0.35,poor
58.0,62.0,60.0,37.1848619,127.104321,0.092,6.92,0.687,3.116,26.967,0.138,1.083,False,0,0.35,poor
60.0,64.0,62.0,37.184868,127.1043228,0.002,6.94,1.08,4.588,53.315,0.17,1.703,False,0,0.35,poor
62.0,66.0,64.0,37.1848792,127.10433,0.046,7.12,1.309,4.588,67.162,0.262,2.064,False,0,0.35,poor
64.0,68.0,66.0,37.1848762,127.1043248,0.015,7.22,1.206,4.053,51.182,0.265,1.902,False,0,0.35,poor
66.0,70.0,68.0,37.1848743,127.1043207,0.138,7.39,1.147,5.293,61.438,0.246,1.809,False,0,0.35,poor
68.0,72.0,70.0,37.1848729,127.1043223,0.04,7.35,2.139,9.938,121.338,0.516,3.374,False,0,0.35,poor
70.0,74.0,72.0,37.1848625,127.1042993,0.977,7.39,2.434,9.938,139.947,0.564,3.839,False,0,0.35,poor
72.0,76.0,74.0,37.1848635,127.1042696,1.496,7.24,2.315,7.887,147.749,0.402,3.652,False,0,0.35,poor
74.0,78.0,76.0,37.1848679,127.1042216,1.824,7.48,2.754,8.153,178.459,0.326,3.713,True,91,0.87,good
76.0,80.0,78.0,37.1848904,127.1041721,2.387,7.39,3.471,14.488,241.005,0.277,3.775,True,89,0.87,good
78.0,82.0,80.0,37.1849193,127.1041256,2.685,7.28,3.811,14.488,258.267,0.266,3.773,True,90,0.87,good
80.0,84.0,82.0,37.1849474,127.1040786,2.621,7.04,3.474,10.686,226.978,0.328,3.506,True,93,0.87,good
82.0,86.0,84.0,37.1849773,127.1040357,2.594,6.93,3.492,17.586,251.545,0.324,3.554,True,92,0.87,good
84.0,88.0,86.0,37.1850072,127.1039837,2.727,6.89,3.611,17.586,253.529,0.238,3.53,True,93,0.87,good
86.0,90.0,88.0,37.185045,127.1039331,2.848,7.04,4.365,12.963,285.592,0.247,4.122,True,87,0.87,good
88.0,92.0,90.0,37.1850746,127.1038724,3.1,7.09,5.463,14.955,375.048,0.266,4.82,True,81,0.87,good
90.0,94.0,92.0,37.1851132,127.1038096,3.339,6.93,6.348,19.568,419.44,0.301,5.277,True,77,0.87,fair
92.0,96.0,94.0,37.1851412,127.1037348,3.478,6.67,6.21,19.568,402.155,0.318,4.997,True,79,0.87,fair
94.0,98.0,96.0,37.1851636,127.103673,3.26,6.62,5.585,17.359,372.716,0.36,4.733,True,82,0.87,good
96.0,100.0,98.0,37.1852022,127.103619,3.171,6.39,5.922,21.701,412.311,0.41,5.132,True,78,0.88,fair
98.0,102.0,100.0,37.185231,127.1035569,3.228,6.36,6.039,21.701,404.965,0.405,5.159,True,78,0.88,fair
100.0,104.0,102.0,37.1852551,127.1034926,3.202,6.51,5.924,17.394,400.972,0.332,5.094,True,79,0.87,fair
102.0,106.0,104.0,37.1852978,127.1034379,3.312,6.5,5.463,17.394,390.462,0.255,4.572,True,83,0.88,good
104.0,108.0,106.0,37.1853494,127.1033965,3.369,6.27,10.63,84.09,765.544,0.616,8.775,True,56,0.88,caution
106.0,110.0,108.0,37.1854012,127.1033739,3.138,6.08,13.152,84.09,948.27,0.915,11.491,True,46,0.88,poor
108.0,112.0,110.0,37.185438,127.103388,2.268,6.01,9.254,46.386,636.786,0.824,10.483,True,49,0.88,poor
110.0,114.0,112.0,37.1854556,127.1033407,2.099,5.92,10.699,77.41,804.083,0.676,12.895,True,43,0.88,poor
112.0,116.0,114.0,37.1854762,127.1032748,2.974,5.95,13.004,77.41,944.02,0.669,11.861,True,45,0.88,poor
114.0,118.0,116.0,37.1855102,127.1032349,2.584,5.71,16.458,91.793,1375.555,0.713,16.801,True,40,0.88,poor
116.0,120.0,118.0,37.185545,127.1031689,3.19,5.58,14.735,91.793,1305.732,0.6,12.707,True,43,0.88,poor
118.0,122.0,120.0,37.1855824,127.1030992,3.519,5.56,5.393,31.797,385.963,0.266,4.3,True,85,0.88,good
120.0,124.0,122.0,37.185612,127.1030207,3.747,5.43,5.475,31.797,401.968,0.262,4.152,True,86,0.89,good
122.0,126.0,124.0,37.1856484,127.1029431,3.836,5.39,5.658,42.502,467.357,0.251,4.21,True,86,0.89,good
124.0,128.0,126.0,37.1856777,127.1028634,4.007,5.25,5.271,42.502,428.718,0.22,3.788,True,89,0.89,good
126.0,130.0,128.0,37.1857068,127.1027779,4.078,5.19,6.937,67.615,637.94,0.269,4.915,True,80,0.89,good
128.0,132.0,130.0,37.185743,127.1026884,4.118,5.0,11.295,67.615,935.43,0.448,7.941,True,62,0.89,caution
130.0,134.0,132.0,37.185765,127.1026004,4.279,4.58,12.383,60.768,933.21,0.496,8.442,True,59,0.89,caution
132.0,136.0,134.0,37.1857831,127.1025074,4.17,4.32,9.877,46.228,713.952,0.405,6.875,True,66,0.9,fair
134.0,138.0,136.0,37.1858001,127.1024129,4.231,4.09,9.648,36.358,693.27,0.398,6.638,True,68,0.9,fair
136.0,140.0,138.0,37.1858185,127.1023269,4.017,3.89,11.291,55.466,836.811,0.507,8.097,True,61,0.9,caution
138.0,142.0,140.0,37.1858433,127.1022468,3.612,3.7,12.109,80.972,944.401,0.624,9.455,True,53,0.9,caution
140.0,144.0,142.0,37.1858663,127.1021674,3.688,3.54,9.318,80.972,748.466,0.51,7.155,True,66,0.9,fair
142.0,146.0,144.0,37.1858837,127.1020882,3.733,3.39,4.673,19.789,324.635,0.25,3.553,True,92,0.91,good
144.0,148.0,146.0,37.1858941,127.1020082,3.654,3.25,5.296,19.789,341.789,0.242,4.097,True,87,0.91,good
146.0,150.0,148.0,37.1859096,127.1019266,3.648,3.13,4.876,21.658,335.03,0.235,3.777,True,89,0.91,good
148.0,152.0,150.0,37.18593,127.1018503,3.581,3.02,4.783,21.658,338.535,0.27,3.76,True,90,0.91,good
150.0,154.0,152.0,37.1859376,127.1017721,3.485,2.92,6.055,24.938,405.712,0.308,4.866,True,80,0.91,good
152.0,156.0,154.0,37.1859433,127.1016912,3.617,2.83,5.88,24.938,411.401,0.298,4.586,True,83,0.91,good
154.0,158.0,156.0,37.1859543,127.1016121,3.613,2.75,6.594,40.238,485.511,0.375,5.147,True,78,0.91,fair
156.0,160.0,158.0,37.1859579,127.101528,3.694,2.68,7.263,41.107,564.479,0.425,5.57,True,76,0.91,fair
158.0,162.0,160.0,37.18597,127.101448,3.651,2.61,5.325,41.107,430.496,0.338,4.121,True,87,0.91,good
160.0,164.0,162.0,37.1859763,127.1013728,3.43,2.55,4.546,24.369,335.459,0.263,3.699,True,91,0.91,good
162.0,166.0,164.0,37.1859758,127.1013047,3.053,2.51,8.56,43.628,658.481,0.415,7.646,True,64,0.91,caution
164.0,168.0,166.0,37.185972,127.1012488,2.566,2.47,8.441,43.628,635.361,0.522,8.664,True,57,0.92,caution
166.0,170.0,168.0,37.1859587,127.1011997,2.279,2.42,11.355,83.814,854.693,0.656,12.815,True,43,0.92,poor
168.0,172.0,170.0,37.1859585,127.1011438,2.4,2.38,13.636,83.814,1055.516,0.658,14.766,True,41,0.92,poor
170.0,174.0,172.0,37.1859786,127.1010852,2.624,2.34,11.064,61.875,847.427,0.593,11.155,True,47,0.92,poor
172.0,176.0,174.0,37.1859936,127.1010497,1.888,2.31,8.655,52.067,574.395,0.534,11.356,True,46,0.92,poor
174.0,178.0,176.0,37.1860196,127.1010332,1.461,2.28,4.708,25.382,304.386,0.293,7.425,False,0,0.35,poor
176.0,180.0,178.0,37.1860214,127.1010419,0.125,2.25,0.681,2.668,30.119,0.135,1.074,False,0,0.35,poor
178.0,182.0,180.0,37.1860215,127.1010405,0.197,2.23,0.434,2.668,18.799,0.092,0.684,False,0,0.35,poor
180.0,184.0,182.0,37.1860188,127.1010421,0.037,2.21,0.321,1.089,10.917,0.079,0.507,False,0,0.35,poor
182.0,186.0,184.0,37.1860183,127.1010434,0.011,2.19,0.306,1.109,10.053,0.071,0.483,False,0,0.35,poor
184.0,188.0,186.0,37.1860184,127.1010438,0.019,2.17,0.213,1.109,8.293,0.052,0.336,False,0,0.35,poor
186.0,190.0,188.0,37.1860184,127.1010436,0.011,2.15,0.132,0.366,3.123,0.031,0.209,False,0,0.35,poor
188.0,192.0,190.0,37.1860182,127.1010436,0.096,2.15,0.097,0.331,2.769,0.024,0.152,False,0,0.35,poor
190.0,194.0,192.0,37.1860175,127.1010445,0.019,2.14,0.129,0.645,4.836,0.047,0.203,False,0,0.35,poor
192.0,196.0,194.0,37.1860162,127.1010443,0.031,2.13,0.144,0.645,6.691,0.047,0.227,False,0,0.35,poor
194.0,198.0,196.0,37.1860146,127.1010454,0.03,2.12,0.13,0.598,6.043,0.044,0.206,False,0,0.35,poor
196.0,200.0,198.0,37.1860129,127.1010458,0.007,2.1,0.298,1.762,16.041,0.085,0.47,False,0,0.35,poor
198.0,202.0,200.0,37.1860124,127.1010457,0.028,2.09,0.305,1.762,16.059,0.08,0.482,False,0,0.35,poor
200.0,204.0,202.0,37.1860124,127.1010462,0.01,2.1,0.159,0.591,4.586,0.045,0.251,False,0,0.35,poor
202.0,206.0,204.0,37.1860153,127.1010459,0.062,2.09,0.159,0.591,3.836,0.043,0.25,False,0,0.35,poor
204.0,208.0,206.0,37.1860174,127.1010461,0.055,2.08,0.123,0.425,4.008,0.025,0.194,False,0,0.35,poor
206.0,210.0,208.0,37.1860178,127.1010462,0.0,2.07,0.327,2.303,19.994,0.095,0.516,False,0,0.35,poor
208.0,212.0,210.0,37.1860174,127.1010469,0.022,2.07,0.381,2.303,20.953,0.106,0.601,False,0,0.35,poor
210.0,214.0,212.0,37.1860178,127.1010472,0.023,2.06,0.24,1.101,8.418,0.072,0.378,False,0,0.35,poor
212.0,216.0,214.0,37.1860179,127.101048,0.029,2.05,0.449,3.166,26.666,0.072,0.709,False,0,0.35,poor
214.0,218.0,216.0,37.1860176,127.1010483,0.015,2.05,0.436,3.166,26.425,0.048,0.687,False,0,0.35,poor
216.0,220.0,218.0,37.1860168,127.1010489,0.015,2.04,0.156,0.77,8.595,0.024,0.246,False,0,0.35,poor
218.0,222.0,220.0,37.186016,127.1010498,0.01,2.05,0.284,1.07,11.935,0.044,0.448,False,0,0.35,poor
220.0,224.0,222.0,37.1860175,127.1010495,0.037,2.05,0.348,1.698,16.707,0.05,0.549,False,0,0.35,poor
222.0,226.0,224.0,37.1860183,127.1010496,0.021,2.06,0.265,1.698,15.564,0.037,0.418,False,0,0.35,poor
224.0,228.0,226.0,37.1860196,127.1010493,0.006,2.05,0.12,0.62,6.854,0.021,0.19,False,0,0.35,poor
226.0,230.0,228.0,37.1860208,127.1010487,0.014,2.05,0.073,0.535,4.37,0.012,0.115,False,0,0.35,poor
228.0,232.0,230.0,37.1860207,127.1010486,0.0,2.04,0.088,0.384,3.898,0.02,0.139,False,0,0.35,poor
230.0,234.0,232.0,37.1860209,127.1010499,0.025,2.05,0.184,1.75,11.307,0.031,0.29,False,0,0.35,poor
232.0,236.0,234.0,37.1860221,127.1010505,0.02,2.08,0.172,1.75,11.112,0.027,0.271,False,0,0.35,poor
234.0,238.0,236.0,37.1860236,127.1010491,0.002,2.07,0.171,1.055,7.058,0.027,0.27,False,0,0.35,poor
236.0,240.0,238.0,37.1860248,127.1010479,0.024,2.07,0.275,1.055,9.755,0.051,0.433,False,0,0.35,poor
238.0,242.0,240.0,37.1860253,127.1010478,0.021,2.08,0.226,0.954,7.541,0.045,0.357,False,0,0.35,poor
240.0,244.0,242.0,37.186025,127.1010474,0.013,2.08,0.058,0.207,2.023,0.013,0.091,False,0,0.35,poor
242.0,246.0,244.0,37.1860246,127.1010474,0.0,2.11,0.069,0.294,1.68,0.014,0.108,False,0,0.35,poor
244.0,248.0,246.0,37.1860241,127.1010474,0.039,2.12,0.064,0.294,1.599,0.011,0.101,False,0,0.35,poor
246.0,250.0,248.0,37.1860242,127.1010473,0.0,2.11,0.037,0.17,1.374,0.004,0.058,False,0,0.35,poor
248.0,252.0,250.0,37.1860242,127.1010473,0.0,2.1,1.358,13.768,79.237,0.177,2.141,False,0,0.35,poor
250.0,254.0,252.0,37.1860313,127.1010447,0.703,2.09,10.733,119.17,900.158,0.598,16.927,False,0,0.35,poor
252.0,256.0,254.0,37.1860736,127.10103,2.613,2.08,14.377,119.17,1132.283,0.778,14.543,True,41,0.92,poor
254.0,258.0,256.0,37.1861085,127.1010107,2.21,2.07,10.308,88.911,757.682,0.574,11.923,True,44,0.92,poor
256.0,260.0,258.0,37.1861491,127.1009713,2.698,2.07,4.899,38.461,400.752,0.287,4.831,True,80,0.92,good
258.0,262.0,260.0,37.1861916,127.1009303,2.942,2.06,3.774,20.497,280.653,0.236,3.472,True,93,0.92,good
260.0,264.0,262.0,37.1862456,127.1009041,3.152,2.05,7.214,51.724,542.384,0.384,6.282,True,70,0.92,fair
262.0,266.0,264.0,37.1862919,127.1008719,2.906,2.05,8.908,51.724,628.797,0.607,8.278,True,60,0.92,caution
264.0,268.0,266.0,37.1863174,127.1008496,1.861,2.04,6.071,29.708,372.104,0.635,8.058,True,61,0.92,caution
266.0,270.0,268.0,37.1863203,127.1008245,1.087,2.04,2.617,16.887,156.806,0.432,4.127,False,0,0.35,poor
268.0,272.0,270.0,37.1863178,127.100809,0.528,2.04,0.716,2.933,34.245,0.182,1.129,False,0,0.35,poor
270.0,274.0,272.0,37.186317,127.100812,0.004,2.03,0.316,2.045,13.746,0.077,0.498,False,0,0.35,poor
272.0,276.0,274.0,37.1863165,127.1008121,0.069,2.03,0.335,2.485,14.477,0.055,0.529,False,0,0.35,poor
274.0,278.0,276.0,37.1863159,127.1008124,0.151,2.05,0.345,2.485,15.279,0.07,0.544,False,0,0.35,poor
276.0,280.0,278.0,37.186315,127.1008135,0.109,2.05,0.243,0.84,7.844,0.07,0.383,False,0,0.35,poor
278.0,282.0,280.0,37.1863145,127.1008141,0.083,2.04,0.314,0.925,7.758,0.061,0.496,False,0,0.35,poor
280.0,284.0,282.0,37.1863155,127.1008141,0.118,2.04,0.351,1.142,12.801,0.076,0.553,False,0,0.35,poor
282.0,286.0,284.0,37.186316,127.1008133,0.119,2.03,0.323,1.142,13.494,0.087,0.51,False,0,0.35,poor
284.0,288.0,286.0,37.1863164,127.1008139,0.119,2.04,0.247,1.087,9.085,0.067,0.39,False,0,0.35,poor
286.0,290.0,288.0,37.1863161,127.1008152,0.117,2.04,0.177,0.893,8.307,0.041,0.279,False,0,0.35,poor
288.0,292.0,290.0,37.1863157,127.1008144,0.146,2.03,0.341,2.594,21.8,0.064,0.537,False,0,0.35,poor
290.0,294.0,292.0,37.1863155,127.1008143,0.09,2.04,0.424,2.594,23.135,0.08,0.669,False,0,0.35,poor
292.0,296.0,294.0,37.1863151,127.1008144,0.124,2.04,0.344,1.312,12.993,0.068,0.542,False,0,0.35,poor
294.0,298.0,296.0,37.1863149,127.1008142,0.111,2.03,0.201,0.979,9.57,0.037,0.316,False,0,0.35,poor
296.0,300.0,298.0,37.1863137,127.1008144,0.104,2.03,0.072,0.531,4.227,0.012,0.114,False,0,0.35,poor
298.0,302.0,300.0,37.1863138,127.1008144,0.007,2.03,0.043,0.334,2.451,0.008,0.068,False,0,0.35,poor
300.0,304.0,302.0,37.1863139,127.1008145,0.007,2.02,0.044,0.156,1.539,0.012,0.069,False,0,0.35,poor
302.0,306.0,304.0,37.1863135,127.1008135,0.112,2.02,0.193,1.466,10.031,0.028,0.305,False,0,0.35,poor
304.0,308.0,306.0,37.1863132,127.1008144,0.006,2.02,0.356,3.485,23.52,0.048,0.562,False,0,0.35,poor
306.0,310.0,308.0,37.1863125,127.1008138,0.0,2.04,0.346,3.485,22.795,0.066,0.546,False,0,0.35,poor
308.0,312.0,310.0,37.1863125,127.1008124,0.089,2.03,0.21,0.998,9.949,0.057,0.332,False,0,0.35,poor
310.0,314.0,312.0,37.1863122,127.1008139,0.041,2.03,0.162,0.844,8.402,0.028,0.256,False,0,0.35,poor
312.0,316.0,314.0,37.1863126,127.1008136,0.05,2.03,0.11,0.844,6.285,0.021,0.174,False,0,0.35,poor
314.0,318.0,316.0,37.1863127,127.1008141,0.005,2.02,0.057,0.168,2.389,0.013,0.09,False,0,0.35,poor
316.0,320.0,318.0,37.1863127,127.1008142,0.0,2.02,0.057,0.168,2.292,0.012,0.089,False,0,0.35,poor
318.0,322.0,320.0,37.1863132,127.1008154,0.053,2.02,0.052,0.136,1.859,0.014,0.083,False,0,0.35,poor
320.0,324.0,322.0,37.1863131,127.1008157,0.006,2.02,0.077,0.371,3.294,0.016,0.122,False,0,0.35,poor
322.0,326.0,324.0,37.1863132,127.1008156,0.083,2.02,0.17,0.936,7.403,0.036,0.268,False,0,0.35,poor
324.0,328.0,326.0,37.186313,127.1008155,0.096,2.01,0.173,0.936,7.722,0.038,0.273,False,0,0.35,poor
326.0,330.0,328.0,37.1863129,127.1008161,0.0,2.01,0.147,0.815,7.64,0.027,0.232,False,0,0.35,poor
328.0,332.0,330.0,37.1863125,127.1008155,0.101,2.01,0.195,0.815,10.943,0.029,0.307,False,0,0.35,poor
330.0,334.0,332.0,37.1863125,127.1008154,0.093,2.01,0.201,1.365,11.23,0.024,0.317,False,0,0.35,poor
332.0,336.0,334.0,37.1863121,127.1008148,0.097,2.01,0.174,1.365,9.366,0.025,0.274,False,0,0.35,poor
334.0,338.0,336.0,37.1863126,127.1008159,0.006,2.01,0.142,0.929,7.702,0.022,0.224,False,0,0.35,poor
336.0,340.0,338.0,37.1863126,127.1008159,0.0,2.01,0.098,0.929,5.055,0.009,0.154,False,0,0.35,poor
338.0,342.0,340.0,37.1863126,127.1008159,0.0,2.01,0.043,0.283,2.499,0.004,0.067,False,0,0.35,poor
340.0,344.0,342.0,37.1863126,127.1008159,0.0,2.01,0.037,0.283,1.957,0.004,0.058,False,0,0.35,poor
342.0,346.0,344.0,37.1863126,127.1008159,0.0,2.01,0.027,0.077,1.265,0.004,0.043,False,0,0.35,poor
344.0,348.0,346.0,37.1863126,127.1008159,0.0,2.01,0.174,1.25,5.261,0.021,0.275,False,0,0.35,poor
346.0,350.0,348.0,37.1863126,127.1008159,0.0,2.0,0.259,1.484,10.895,0.038,0.408,False,0,0.35,poor
348.0,352.0,350.0,37.1863135,127.1008136,0.111,2.0,0.195,1.484,9.661,0.033,0.307,False,0,0.35,poor
350.0,354.0,352.0,37.1863134,127.1008143,0.0,2.0,0.069,0.485,3.733,0.01,0.108,False,0,0.35,poor
352.0,356.0,354.0,37.1863134,127.1008143,0.0,2.0,0.122,1.096,6.293,0.013,0.193,False,0,0.35,poor
354.0,358.0,356.0,37.1863134,127.1008143,0.0,2.0,0.249,1.096,7.884,0.06,0.392,False,0,0.35,poor
356.0,360.0,358.0,37.1863143,127.100813,0.116,2.0,0.53,4.002,24.367,0.086,0.837,False,0,0.35,poor
358.0,362.0,360.0,37.1863143,127.1008126,0.144,2.0,5.553,70.606,426.888,0.359,8.757,False,0,0.35,poor
360.0,364.0,362.0,37.1863204,127.1007819,1.717,2.0,7.02,70.606,554.228,0.489,9.938,True,51,0.92,caution
362.0,366.0,364.0,37.186328,127.1007309,2.317,2.0,4.72,50.605,376.085,0.405,5.258,True,77,0.92,fair
364.0,368.0,366.0,37.1863323,127.1006677,2.851,2.0,9.724,71.278,617.424,0.457,9.176,True,54,0.92,caution
366.0,370.0,368.0,37.186341,127.1005999,3.007,2.0,9.937,71.278,640.698,0.497,8.983,True,56,0.92,caution
368.0,372.0,370.0,37.1863471,127.1005313,3.115,2.0,3.877,18.265,284.857,0.381,3.407,True,94,0.92,good
370.0,374.0,372.0,37.1863478,127.1004548,3.419,2.0,9.685,60.982,679.569,0.466,7.903,True,62,0.92,caution
372.0,376.0,374.0,37.1863525,127.1003779,3.414,2.02,11.224,60.982,819.435,0.575,9.168,True,55,0.92,caution
374.0,378.0,376.0,37.1863599,127.100299,3.509,2.01,12.568,53.004,850.177,0.671,10.043,True,50,0.92,caution
376.0,380.0,378.0,37.1863807,127.1002307,3.178,2.01,13.833,63.604,984.399,0.669,11.966,True,44,0.92,poor
378.0,382.0,380.0,37.1864115,127.1001792,2.887,2.01,14.207,82.105,1079.939,0.626,13.272,True,42,0.92,poor
380.0,384.0,382.0,37.1864438,127.1001244,3.046,2.01,15.731,82.105,1186.778,0.759,14.075,True,41,0.92,poor
382.0,386.0,384.0,37.1864839,127.1000797,2.727,2.01,11.687,64.01,895.841,0.847,11.426,True,46,0.92,poor
384.0,388.0,386.0,37.1865217,127.1000972,1.884,2.01,10.575,77.083,842.265,0.751,13.9,True,42,0.92,poor
386.0,390.0,388.0,37.1865635,127.1001107,2.164,2.02,10.992,77.083,899.618,0.571,12.928,True,42,0.92,poor
388.0,392.0,390.0,37.1865986,127.1000923,2.069,2.02,7.925,36.566,627.95,0.536,9.665,True,52,0.92,caution
390.0,394.0,392.0,37.186637,127.1000671,2.373,2.02,9.582,54.783,786.134,0.56,10.47,True,50,0.92,caution
392.0,396.0,394.0,37.1866801,127.100042,2.774,2.02,9.503,54.783,784.974,0.493,9.163,True,55,0.92,caution
394.0,398.0,396.0,37.1867321,127.1000181,3.101,2.01,10.694,72.368,881.619,0.525,9.434,True,53,0.92,caution
396.0,400.0,398.0,37.1867737,127.0999962,2.57,2.01,10.977,72.368,879.631,0.54,11.254,True,47,0.92,poor
398.0,402.0,400.0,37.1868195,127.0999789,2.605,2.01,8.886,45.333,694.843,0.495,9.012,True,56,0.92,caution
400.0,404.0,402.0,37.1868634,127.0999586,2.612,2.01,8.713,34.119,661.83,0.511,8.818,True,56,0.92,caution
402.0,406.0,404.0,37.1869041,127.0999374,2.477,2.01,7.809,26.158,531.561,0.525,8.245,True,60,0.92,caution
404.0,408.0,406.0,37.1869427,127.0999129,2.41,2.01,7.721,41.394,589.717,0.563,8.331,True,59,0.92,caution
406.0,410.0,408.0,37.1869858,127.099889,2.563,2.01,7.408,41.394,573.518,0.469,7.612,True,64,0.92,caution
408.0,412.0,410.0,37.1870326,127.0998699,2.71,2.01,6.881,39.856,526.838,0.413,6.76,True,67,0.92,fair
410.0,414.0,412.0,37.1870783,127.0998471,2.765,2.01,8.184,53.944,676.579,0.558,7.912,True,62,0.92,caution
412.0,416.0,414.0,37.1871236,127.0998243,2.739,2.01,9.492,54.793,802.181,0.564,9.246,True,54,0.92,caution
414.0,418.0,416.0,37.1871751,127.0997986,2.976,2.0,11.275,56.924,947.433,0.483,10.279,True,50,0.92,caution
416.0,420.0,418.0,37.1872233,127.0997746,2.882,2.0,11.584,56.924,934.815,0.502,10.837,True,49,0.92,poor
418.0,422.0,420.0,37.1872657,127.0997536,2.509,2.0,9.236,53.835,679.143,0.528,9.65,True,52,0.92,caution
420.0,424.0,422.0,37.1873162,127.0997328,2.844,2.05,8.765,47.646,559.859,0.481,8.286,True,59,0.92,caution
422.0,426.0,424.0,37.1873656,127.0997122,2.937,2.07,10.814,65.992,764.637,0.483,9.963,True,51,0.92,caution
424.0,428.0,426.0,37.18742,127.0996912,3.152,3.21,10.555,65.992,814.059,0.485,9.19,True,54,0.91,caution
426.0,430.0,428.0,37.1874697,127.0996675,2.807,4.29,9.582,58.654,723.503,0.452,9.155,True,55,0.9,caution
428.0,432.0,430.0,37.187526,127.0996465,3.081,5.26,10.378,58.654,759.141,0.463,9.202,True,54,0.89,caution
430.0,434.0,432.0,37.1875811,127.0996384,2.986,6.14,9.634,50.661,719.016,0.437,8.758,True,56,0.88,caution
432.0,436.0,434.0,37.1876366,127.099633,3.121,6.93,10.454,53.155,734.22,0.46,9.174,True,55,0.87,caution
434.0,438.0,436.0,37.1876857,127.0996163,2.965,7.64,14.186,74.268,1148.275,0.545,12.973,True,42,0.86,poor
436.0,440.0,438.0,37.1877404,127.0995924,3.165,8.29,16.003,74.268,1293.705,0.582,13.889,True,42,0.86,poor
438.0,442.0,440.0,37.1877889,127.0995684,3.043,8.87,16.007,71.003,1250.381,0.618,14.333,True,41,0.85,poor
440.0,444.0,442.0,37.1878455,127.0995387,3.427,9.39,16.211,73.718,1362.75,0.649,13.201,True,42,0.85,poor
442.0,446.0,444.0,37.187894,127.0995163,3.1,9.86,15.905,73.718,1319.679,0.602,14.034,True,41,0.84,poor
444.0,448.0,446.0,37.1879455,127.0994951,3.187,10.29,14.56,69.112,1130.514,0.606,12.565,True,43,0.84,poor
446.0,450.0,448.0,37.1879935,127.0994697,3.066,10.68,11.859,61.159,876.624,0.665,10.557,True,49,0.83,poor
448.0,452.0,450.0,37.1880335,127.0994569,2.319,11.02,7.778,52.328,469.983,0.675,8.656,True,57,0.83,caution
450.0,454.0,452.0,37.188058,127.0994519,1.804,11.34,8.688,34.807,627.469,0.646,11.82,True,45,0.83,poor
452.0,456.0,454.0,37.1880967,127.0994123,2.629,11.62,8.401,34.807,623.187,0.571,8.457,True,59,0.82,caution
454.0,458.0,456.0,37.1881422,127.099391,2.708,11.88,10.165,58.993,693.111,0.571,9.993,True,51,0.82,caution
456.0,460.0,458.0,37.1882022,127.0993729,3.278,12.11,12.965,67.629,1001.386,0.58,10.94,True,48,0.82,poor
458.0,462.0,460.0,37.1882492,127.09935,2.803,12.32,11.646,67.629,975.849,0.551,11.137,True,47,0.82,poor
460.0,464.0,462.0,37.1883009,127.0993251,3.04,12.51,10.135,48.272,770.04,0.499,9.084,True,55,0.81,caution
462.0,466.0,464.0,37.1883573,127.099298,3.281,12.68,11.09,47.081,828.123,0.456,9.35,True,54,0.81,caution
464.0,468.0,466.0,37.1884121,127.0992737,3.266,12.83,11.509,47.081,891.579,0.439,9.74,True,52,0.81,caution
466.0,470.0,468.0,37.188467,127.099245,3.272,12.97,10.24,41.664,786.276,0.422,8.653,True,57,0.81,caution
468.0,472.0,470.0,37.1885238,127.0992229,3.245,13.09,9.192,42.931,668.779,0.408,7.819,True,63,0.81,caution
470.0,474.0,472.0,37.1885761,127.0991957,3.113,13.2,10.808,56.274,801.963,0.452,9.504,True,53,0.81,caution
472.0,476.0,474.0,37.1886253,127.09917,2.916,13.31,11.897,56.274,915.561,0.512,11.024,True,48,0.81,poor
474.0,478.0,476.0,37.1886817,127.0991491,3.111,13.4,11.33,58.3,857.029,0.513,9.969,True,51,0.81,caution
476.0,480.0,478.0,37.1887297,127.0991251,2.987,13.48,10.495,58.3,778.35,0.47,9.54,True,53,0.81,caution
478.0,482.0,480.0,37.1887798,127.0991004,3.019,13.55,9.509,42.033,711.916,0.42,8.57,True,58,0.8,caution
480.0,484.0,482.0,37.1888317,127.0990759,3.027,13.62,10.511,47.5,799.464,0.456,9.453,True,53,0.8,caution
482.0,486.0,484.0,37.1888886,127.0990478,3.215,13.68,9.385,47.5,702.467,0.406,8.043,True,61,0.8,caution
484.0,488.0,486.0,37.1889342,127.0990189,2.852,13.74,8.513,50.002,611.544,0.33,8.029,True,61,0.8,caution
486.0,490.0,488.0,37.1889824,127.0989983,2.902,13.79,10.785,64.617,927.099,0.385,10.032,True,50,0.8,caution
488.0,492.0,490.0,37.1890386,127.0989765,3.121,13.83,12.089,64.617,1064.895,0.475,10.61,True,49,0.8,poor
490.0,494.0,492.0,37.1890923,127.0989542,3.009,13.87,13.513,64.574,1090.102,0.528,12.211,True,44,0.8,poor
492.0,496.0,494.0,37.1891454,127.0989289,2.977,13.91,13.766,64.574,1073.559,0.539,12.545,True,43,0.8,poor
494.0,498.0,496.0,37.1891965,127.0989056,2.924,13.94,12.518,58.635,1015.128,0.53,11.575,True,45,0.8,poor
496.0,500.0,498.0,37.1892496,127.0988878,2.839,13.97,12.832,58.635,1035.201,0.582,12.147,True,44,0.8,poor
498.0,502.0,500.0,37.1893029,127.0988663,2.997,14.0,13.647,76.179,1088.398,0.565,12.373,True,44,0.8,poor
500.0,504.0,502.0,37.1893534,127.0988479,2.941,14.02,11.994,76.179,938.517,0.478,11.037,True,48,0.8,poor
502.0,506.0,504.0,37.1894021,127.0988249,2.827,14.04,10.41,67.801,731.076,0.461,9.887,True,51,0.8,caution
504.0,508.0,506.0,37.1894546,127.0988042,2.945,14.06,12.916,69.518,925.294,0.535,11.875,True,44,0.8,poor
506.0,510.0,508.0,37.1894975,127.0987858,2.476,14.08,12.253,71.525,862.876,0.532,12.94,True,42,0.8,poor
508.0,512.0,510.0,37.1895297,127.0987707,1.914,14.1,6.812,71.525,446.952,0.511,8.84,True,56,0.8,caution
510.0,514.0,512.0,37.1895416,127.0987721,0.7,14.11,1.455,5.554,66.154,0.419,2.295,False,0,0.35,poor
512.0,516.0,514.0,37.1895434,127.0987708,0.229,14.13,0.9,2.963,29.254,0.266,1.419,False,0,0.35,poor
514.0,518.0,516.0,37.1895419,127.0987704,0.002,14.14,1.037,3.835,21.056,0.294,1.635,False,0,0.35,poor
516.0,520.0,518.0,37.1895434,127.0987703,0.087,14.15,0.832,3.835,17.929,0.183,1.312,False,0,0.35,poor
518.0,522.0,520.0,37.1895418,127.0987692,0.003,14.16,0.628,1.832,29.008,0.153,0.991,False,0,0.35,poor
520.0,524.0,522.0,37.1895427,127.0987716,0.051,14.17,0.655,1.971,28.891,0.159,1.034,False,0,0.35,poor
522.0,526.0,524.0,37.1895418,127.0987718,0.002,14.17,0.317,1.971,6.224,0.069,0.5,False,0,0.35,poor
524.0,528.0,526.0,37.1895418,127.0987718,0.0,14.18,0.157,0.381,3.764,0.052,0.248,False,0,0.35,poor
526.0,530.0,528.0,37.1895418,127.0987718,0.0,14.19,0.228,0.672,8.453,0.068,0.36,False,0,0.35,poor
528.0,532.0,530.0,37.1895418,127.0987718,0.0,14.19,0.243,0.672,8.905,0.059,0.383,False,0,0.35,poor
530.0,534.0,532.0,37.1895418,127.0987718,0.0,14.2,0.175,0.515,4.575,0.048,0.276,False,0,0.35,poor
532.0,536.0,534.0,37.1895418,127.0987718,0.0,14.2,0.143,0.373,3.369,0.042,0.225,False,0,0.35,poor
534.0,538.0,536.0,37.1895418,127.0987718,0.0,14.21,0.112,0.266,3.028,0.029,0.177,False,0,0.35,poor
536.0,540.0,538.0,37.1895418,127.0987718,0.0,14.21,0.102,0.454,3.439,0.025,0.16,False,0,0.35,poor
538.0,542.0,540.0,37.1895418,127.0987718,0.0,14.21,0.174,0.56,6.181,0.039,0.275,False,0,0.35,poor
540.0,544.0,542.0,37.1895418,127.0987718,0.0,14.22,0.199,0.56,6.383,0.051,0.314,False,0,0.35,poor
542.0,546.0,544.0,37.1895418,127.0987718,0.0,14.22,0.151,0.441,4.604,0.042,0.238,False,0,0.35,poor
544.0,548.0,546.0,37.1895418,127.0987718,0.0,14.22,0.14,0.422,4.409,0.032,0.221,False,0,0.35,poor
546.0,550.0,548.0,37.1895418,127.0987718,0.0,14.22,0.118,0.422,3.61,0.024,0.186,False,0,0.35,poor
548.0,552.0,550.0,37.1895418,127.0987718,0.0,14.23,0.146,0.661,4.601,0.019,0.23,False,0,0.35,poor
550.0,554.0,552.0,37.1895418,127.0987718,0.0,14.23,0.158,0.661,5.198,0.019,0.249,False,0,0.35,poor
552.0,556.0,554.0,37.1895418,127.0987718,0.0,14.23,0.098,0.433,4.047,0.013,0.155,False,0,0.35,poor
554.0,558.0,556.0,37.1895418,127.0987718,0.0,14.23,0.194,0.797,4.997,0.053,0.305,False,0,0.35,poor
556.0,560.0,558.0,37.1895418,127.0987718,0.0,14.23,0.232,0.797,5.595,0.058,0.366,False,0,0.35,poor
558.0,562.0,560.0,37.189541,127.0987696,0.0,14.23,0.295,1.068,13.691,0.074,0.465,False,0,0.35,poor
560.0,564.0,562.0,37.1895409,127.098771,0.12,14.24,0.383,1.561,21.36,0.078,0.603,False,0,0.35,poor
562.0,566.0,564.0,37.1895394,127.0987705,0.003,14.24,0.287,1.561,16.788,0.038,0.452,False,0,0.35,poor
564.0,568.0,566.0,37.1895394,127.0987706,0.0,14.24,0.279,1.44,10.069,0.089,0.44,False,0,0.35,poor
566.0,570.0,568.0,37.1895394,127.0987706,0.0,14.24,0.295,1.44,10.518,0.09,0.465,False,0,0.35,poor
568.0,572.0,570.0,37.1895394,127.0987706,0.0,14.24,0.165,0.555,4.937,0.034,0.261,False,0,0.35,poor
570.0,574.0,572.0,37.1895394,127.0987706,0.0,14.24,0.153,0.555,4.23,0.033,0.241,False,0,0.35,poor
572.0,576.0,574.0,37.1895394,127.0987706,0.0,14.24,0.154,0.391,4.1,0.029,0.242,False,0,0.35,poor
574.0,578.0,576.0,37.1895394,127.0987706,0.0,14.24,0.165,0.479,4.278,0.034,0.261,False,0,0.35,poor
576.0,580.0,578.0,37.1895394,127.0987706,0.0,14.24,0.168,0.564,4.196,0.035,0.265,False,0,0.35,poor
578.0,582.0,580.0,37.1895394,127.0987706,0.0,14.24,0.153,0.564,3.894,0.039,0.241,False,0,0.35,poor
580.0,584.0,582.0,37.1895394,127.0987706,0.0,14.24,0.119,0.277,4.083,0.043,0.188,False,0,0.35,poor
582.0,586.0,584.0,37.1895394,127.0987706,0.0,14.24,0.134,0.367,4.257,0.04,0.212,False,0,0.35,poor
584.0,588.0,586.0,37.1895394,127.0987706,0.0,14.24,0.122,0.367,3.371,0.03,0.193,False,0,0.35,poor
586.0,590.0,588.0,37.1895394,127.0987706,0.0,14.24,0.136,0.456,3.119,0.032,0.214,False,0,0.35,poor
588.0,592.0,590.0,37.1895394,127.0987706,0.0,14.24,0.184,0.549,3.699,0.035,0.29,False,0,0.35,poor
590.0,594.0,592.0,37.1895394,127.0987706,0.0,14.24,0.175,0.549,3.711,0.037,0.275,False,0,0.35,poor
592.0,596.0,594.0,37.1895394,127.0987706,0.0,14.24,0.137,0.387,3.542,0.035,0.216,False,0,0.35,poor
594.0,598.0,596.0,37.1895394,127.0987706,0.0,14.24,0.135,0.391,3.677,0.03,0.213,False,0,0.35,poor
596.0,600.0,598.0,37.1895394,127.0987706,0.0,14.24,0.165,0.425,4.939,0.041,0.26,False,0,0.35,poor
598.0,602.0,600.0,37.1895394,127.0987706,0.0,14.24,0.142,0.425,4.622,0.036,0.225,False,0,0.35,poor
600.0,604.0,602.0,37.1895394,127.0987706,0.0,14.24,0.1,0.23,3.238,0.028,0.158,False,0,0.35,poor
602.0,606.0,604.0,37.1895394,127.0987706,0.0,14.24,0.242,1.2,9.186,0.084,0.382,False,0,0.35,poor
604.0,608.0,606.0,37.1895394,127.0987706,0.0,14.24,0.537,2.495,13.758,0.274,0.847,False,0,0.35,poor
606.0,610.0,608.0,37.189542,127.0987763,0.064,14.24,0.586,2.495,18.893,0.301,0.925,False,0,0.35,poor
608.0,612.0,610.0,37.1895451,127.098777,0.139,14.25,0.338,2.482,15.451,0.149,0.533,False,0,0.35,poor
610.0,614.0,612.0,37.1895437,127.0987775,0.0,14.25,0.22,0.963,5.74,0.079,0.347,False,0,0.35,poor
612.0,616.0,614.0,37.1895454,127.0987779,0.064,14.25,0.219,0.963,5.722,0.079,0.345,False,0,0.35,poor
614.0,618.0,616.0,37.1895453,127.0987779,0.0,14.25,0.111,0.413,5.287,0.02,0.176,False,0,0.35,poor
616.0,620.0,618.0,37.1895453,127.0987779,0.0,14.25,0.14,0.601,7.899,0.025,0.221,False,0,0.35,poor
618.0,622.0,620.0,37.1895453,127.0987779,0.0,14.25,0.522,2.406,22.165,0.078,0.824,False,0,0.35,poor
620.0,624.0,622.0,37.1895453,127.0987779,0.0,14.25,5.158,57.534,426.257,0.599,8.135,False,0,0.35,poor
622.0,626.0,624.0,37.1895669,127.0987675,1.311,14.25,5.94,57.534,473.11,0.694,9.368,False,0,0.35,poor
624.0,628.0,626.0,37.189607,127.0987478,2.284,14.25,3.362,21.581,229.519,0.474,3.787,True,89,0.8,good
626.0,630.0,628.0,37.1896514,127.0987288,2.551,14.25,3.187,19.35,250.177,0.492,3.287,True,94,0.8,good
628.0,632.0,630.0,37.1896953,127.0987082,2.559,14.25,3.296,19.35,260.561,0.473,3.391,True,94,0.8,good
630.0,634.0,632.0,37.1897375,127.098696,2.394,14.25,6.604,46.763,464.248,0.674,7.166,True,65,0.8,fair
632.0,636.0,634.0,37.1897678,127.0986633,2.177,14.25,7.788,46.763,536.918,0.844,9.119,True,55,0.8,caution
634.0,638.0,636.0,37.1898033,127.0986472,2.047,14.25,10.275,73.958,821.4,0.753,12.635,True,43,0.8,poor
636.0,640.0,638.0,37.1898502,127.0986729,2.607,14.25,10.887,73.958,857.784,0.669,11.032,True,48,0.8,poor
638.0,642.0,640.0,37.1898862,127.0986769,2.294,14.25,6.904,27.862,474.594,0.651,7.752,True,63,0.8,caution
640.0,644.0,642.0,37.1899242,127.0986581,2.278,14.25,4.51,19.995,313.395,0.548,5.091,True,79,0.8,fair
642.0,646.0,644.0,37.1899621,127.09865,2.196,14.25,3.205,9.906,213.188,0.4,3.726,True,90,0.8,good
644.0,648.0,646.0,37.1899981,127.0986385,2.137,14.25,2.937,7.668,202.285,0.426,3.49,True,93,0.8,good
646.0,650.0,648.0,37.1900304,127.0986436,1.914,14.25,3.003,8.483,205.749,0.42,3.896,True,88,0.8,good
648.0,652.0,650.0,37.1900681,127.098634,2.007,14.25,2.893,8.483,202.818,0.308,3.614,True,92,0.8,good
650.0,654.0,652.0,37.1901044,127.0986253,1.975,14.25,2.885,8.084,203.468,0.331,3.651,True,91,0.8,good
652.0,656.0,654.0,37.1901421,127.0986128,2.086,14.25,3.283,9.015,237.972,0.342,3.977,True,88,0.8,good
654.0,658.0,656.0,37.1901782,127.0986076,1.979,14.25,3.781,9.714,274.601,0.312,4.776,True,81,0.8,good
656.0,660.0,658.0,37.1902158,127.0985975,2.025,14.25,6.235,38.419,435.232,0.414,7.735,True,64,0.8,caution
658.0,662.0,660.0,37.1902441,127.0985757,1.741,14.25,11.598,60.843,826.056,0.518,16.234,True,40,0.8,poor
660.0,664.0,662.0,37.1902808,127.0985579,2.125,14.25,10.395,60.843,739.094,0.44,12.406,True,44,0.8,poor
662.0,666.0,664.0,37.1903199,127.0985465,2.281,14.25,7.707,47.735,533.56,0.359,8.691,True,57,0.8,caution
664.0,668.0,666.0,37.1903625,127.0985435,2.444,14.25,7.996,47.735,555.369,0.411,8.535,True,58,0.8,caution
666.0,670.0,668.0,37.1904008,127.0985439,2.206,14.25,4.295,15.979,295.786,0.38,4.976,True,79,0.8,fair
668.0,672.0,670.0,37.1904389,127.0985326,2.199,14.25,4.154,15.979,289.148,0.35,4.824,True,81,0.8,good
670.0,674.0,672.0,37.1904766,127.0985186,2.209,14.25,3.516,11.557,236.227,0.303,4.068,True,87,0.8,good
672.0,676.0,674.0,37.1905207,127.0985196,2.333,14.25,3.234,11.557,224.977,0.316,3.582,True,92,0.8,good
674.0,678.0,676.0,37.190565,127.0985187,2.458,14.25,5.334,33.071,403.643,0.435,5.666,True,74,0.8,fair
676.0,680.0,678.0,37.1906051,127.0985153,2.205,14.25,5.461,33.071,401.62,0.517,6.328,True,70,0.8,fair
678.0,682.0,680.0,37.1906461,127.0985179,2.291,14.25,6.732,42.188,416.768,0.477,7.566,True,65,0.8,fair
680.0,684.0,682.0,37.1906925,127.0985071,2.525,14.25,6.641,42.188,420.382,0.374,6.904,True,66,0.8,fair
682.0,686.0,684.0,37.1907364,127.0985001,2.477,14.25,3.096,9.36,208.085,0.333,3.268,True,95,0.8,good
684.0,688.0,686.0,37.1907787,127.0984918,2.406,14.25,3.469,11.407,227.156,0.369,3.749,True,90,0.8,good
686.0,690.0,688.0,37.1908217,127.0984894,2.408,14.25,3.894,11.906,256.234,0.398,4.206,True,86,0.8,good
688.0,692.0,690.0,37.1908641,127.0984896,2.249,14.25,3.644,11.906,250.986,0.342,4.157,True,86,0.8,good
690.0,694.0,692.0,37.1909004,127.0984817,2.207,14.25,3.423,18.129,253.366,0.356,3.964,True,88,0.8,good
692.0,696.0,694.0,37.1909428,127.0984809,2.326,14.25,3.565,18.129,250.961,0.405,3.957,True,88,0.8,good
694.0,698.0,696.0,37.1909853,127.0984911,2.244,14.25,4.649,32.08,339.972,0.36,5.313,True,77,0.8,fair
696.0,700.0,698.0,37.1910273,127.098512,2.442,14.25,4.457,32.08,324.764,0.283,4.76,True,81,0.8,good
698.0,702.0,700.0,37.1910685,127.0985303,2.49,14.25,3.38,13.018,225.227,0.258,3.554,True,92,0.8,good
700.0,704.0,702.0,37.1911145,127.0985391,2.515,14.25,4.434,14.391,303.574,0.297,4.625,True,83,0.8,good
702.0,706.0,704.0,37.1911606,127.098539,2.594,14.25,4.759,14.391,322.054,0.33,4.843,True,80,0.8,good
704.0,708.0,706.0,37.1912052,127.0985408,2.444,14.25,4.337,16.039,304.588,0.303,4.628,True,83,0.8,good
706.0,710.0,708.0,37.1912489,127.0985486,2.229,14.25,4.413,18.909,338.518,0.274,5.071,True,79,0.8,fair
708.0,712.0,710.0,37.1912964,127.0985489,2.527,14.25,4.245,18.909,311.184,0.297,4.411,True,84,0.8,good
710.0,714.0,712.0,37.1913411,127.0985443,2.498,14.25,4.56,17.904,320.423,0.357,4.782,True,81,0.8,good
712.0,716.0,714.0,37.1913927,127.0985362,2.769,14.25,5.088,30.077,388.855,0.334,4.913,True,80,0.8,good
714.0,718.0,716.0,37.1914402,127.0985434,2.641,14.25,4.485,30.077,332.132,0.231,4.499,True,84,0.8,good
716.0,720.0,718.0,37.19149,127.0985429,2.659,14.25,3.256,11.537,205.119,0.246,3.249,True,95,0.8,good
718.0,722.0,720.0,37.1915395,127.0985462,2.631,14.25,3.108,9.861,220.794,0.291,3.126,True,95,0.8,good
720.0,724.0,722.0,37.1915905,127.0985409,2.782,14.25,3.55,9.861,258.24,0.281,3.416,True,93,0.8,good
722.0,726.0,724.0,37.1916383,127.0985434,2.66,14.25,3.61,11.301,266.77,0.216,3.601,True,92,0.8,good
724.0,728.0,726.0,37.1916844,127.0985476,2.433,14.25,4.542,26.551,372.092,0.213,4.865,True,80,0.8,good
726.0,730.0,728.0,37.1917332,127.0985509,2.609,14.25,4.649,26.551,375.743,0.249,4.709,True,82,0.8,good
728.0,732.0,730.0,37.191783,127.0985437,2.765,14.25,4.298,23.518,290.892,0.257,4.156,True,86,0.8,good
730.0,734.0,732.0,37.1918318,127.0985441,2.715,14.25,4.174,23.518,279.54,0.267,4.095,True,87,0.8,good
732.0,736.0,734.0,37.1918788,127.0985414,2.561,14.25,5.481,32.85,406.929,0.392,5.635,True,75,0.8,fair
734.0,738.0,736.0,37.1919295,127.0985365,2.682,14.25,5.776,32.85,427.59,0.43,5.722,True,73,0.8,fair
736.0,740.0,738.0,37.191974,127.0985271,2.558,14.25,3.872,15.366,268.498,0.359,3.984,True,87,0.8,good
738.0,742.0,740.0,37.192023,127.0985226,2.672,14.25,3.528,11.032,247.879,0.323,3.506,True,93,0.8,good
740.0,744.0,742.0,37.1920733,127.0985225,2.739,14.25,3.476,12.433,246.392,0.305,3.387,True,94,0.8,good
742.0,746.0,744.0,37.1921249,127.0985212,2.83,14.25,3.608,12.642,256.427,0.301,3.425,True,93,0.8,good
744.0,748.0,746.0,37.192175,127.0985163,2.848,14.25,3.855,12.642,284.754,0.288,3.641,True,91,0.8,good
746.0,750.0,748.0,37.1922221,127.0985161,2.667,14.25,3.819,11.863,280.086,0.279,3.8,True,89,0.8,good
748.0,752.0,750.0,37.1922745,127.0985151,2.744,14.25,4.419,16.355,331.389,0.251,4.298,True,85,0.8,good
750.0,754.0,752.0,37.1923301,127.0985122,2.967,14.25,4.568,16.355,340.626,0.259,4.175,True,86,0.8,good
752.0,756.0,754.0,37.1923813,127.098515,2.82,14.25,4.707,20.649,359.276,0.264,4.48,True,84,0.8,good
754.0,758.0,756.0,37.1924324,127.0985143,2.71,14.25,4.559,20.649,347.999,0.278,4.48,True,84,0.8,good
756.0,760.0,758.0,37.1924853,127.0985182,2.808,14.25,3.938,10.046,289.507,0.277,3.761,True,90,0.8,good
758.0,762.0,760.0,37.1925355,127.0985184,2.832,14.25,4.001,13.416,303.457,0.256,3.796,True,89,0.8,good
760.0,764.0,762.0,37.1925873,127.098514,2.786,14.25,3.792,13.416,276.894,0.255,3.644,True,91,0.8,good
762.0,766.0,764.0,37.1926404,127.0985117,2.799,14.25,3.489,12.286,252.987,0.234,3.341,True,94,0.8,good
764.0,768.0,766.0,37.1926928,127.0985113,2.85,14.25,4.049,12.231,292.926,0.26,3.821,True,88,0.8,good
766.0,770.0,768.0,37.1927453,127.0985101,2.852,14.25,4.488,18.468,328.604,0.276,4.233,True,85,0.8,good
768.0,772.0,770.0,37.1927951,127.0985109,2.774,14.25,4.54,18.468,326.864,0.273,4.378,True,84,0.8,good
770.0,774.0,772.0,37.1928482,127.0985159,2.94,14.25,5.5,22.111,400.411,0.327,5.064,True,79,0.8,fair
772.0,776.0,774.0,37.1929052,127.0985103,3.171,14.25,11.789,64.567,823.258,0.5,10.216,True,50,0.8,caution
774.0,778.0,776.0,37.1929569,127.0985026,2.905,14.25,12.922,64.567,923.067,0.519,12.009,True,44,0.8,poor
776.0,780.0,778.0,37.1930138,127.0984999,3.153,14.25,9.788,28.71,730.105,0.411,8.52,True,58,0.8,caution
778.0,782.0,780.0,37.1930665,127.0985026,3.011,14.25,9.481,28.613,682.486,0.452,8.564,True,58,0.8,caution
780.0,784.0,782.0,37.193118,127.0985057,2.79,14.25,8.601,34.802,637.97,0.597,8.258,True,60,0.8,caution
782.0,786.0,784.0,37.1931667,127.0985193,2.724,14.25,6.79,34.802,499.849,0.548,6.644,True,68,0.8,fair
784.0,788.0,786.0,37.1932178,127.098514,2.805,14.25,5.861,32.811,425.015,0.393,5.602,True,75,0.8,fair
786.0,790.0,788.0,37.1932742,127.0985124,3.067,14.25,8.878,70.555,714.734,0.418,7.901,True,62,0.8,caution
788.0,792.0,790.0,37.1933288,127.098504,3.009,14.25,10.472,70.555,847.238,0.402,9.462,True,53,0.8,caution
790.0,794.0,792.0,37.1933752,127.0984996,2.675,14.25,11.627,95.542,975.932,0.469,11.545,True,45,0.8,poor
792.0,796.0,794.0,37.1934218,127.0984994,2.604,14.25,10.693,95.542,842.735,0.484,10.846,True,49,0.8,poor
794.0,798.0,796.0,37.1934692,127.0984952,2.68,14.25,5.841,32.623,415.153,0.406,5.792,True,73,0.8,fair
796.0,800.0,798.0,37.193517,127.0984991,2.688,14.25,2.687,7.749,179.039,0.361,2.657,True,96,0.8,good
798.0,802.0,800.0,37.193567,127.0985011,2.745,14.25,3.366,19.961,240.366,0.296,3.274,True,94,0.8,good
800.0,804.0,802.0,37.1936187,127.0984957,2.84,14.25,3.4,19.961,245.881,0.275,3.217,True,95,0.8,good
802.0,806.0,804.0,37.1936708,127.0984963,2.852,14.25,3.127,11.096,213.547,0.237,2.949,True,95,0.8,good
804.0,808.0,806.0,37.1937236,127.0985016,2.932,14.25,3.932,16.116,255.797,0.232,3.628,True,91,0.8,good
806.0,810.0,808.0,37.1937769,127.0985129,3.013,14.25,8.114,49.299,558.202,0.388,7.325,True,65,0.8,fair
808.0,812.0,810.0,37.1938293,127.0985139,3.041,14.25,8.2,49.299,575.972,0.423,7.347,True,65,0.8,fair
810.0,814.0,812.0,37.1938818,127.0985118,2.947,14.25,6.399,33.792,504.27,0.388,5.879,True,72,0.8,fair
812.0,816.0,814.0,37.1939293,127.098511,2.65,14.25,6.41,33.792,509.153,0.342,6.412,True,69,0.8,fair
814.0,818.0,816.0,37.1939796,127.0985083,2.762,14.25,5.379,19.217,375.741,0.296,5.206,True,77,0.8,fair
816.0,820.0,818.0,37.1940241,127.098492,2.662,14.25,6.512,24.764,452.411,0.413,6.491,True,69,0.8,fair
818.0,822.0,820.0,37.1940669,127.0984777,2.407,14.25,10.907,67.826,811.066,0.506,11.783,True,45,0.8,poor
820.0,824.0,822.0,37.1941138,127.0984806,2.503,14.25,13.633,100.44,1116.898,0.596,14.276,True,41,0.8,poor
822.0,826.0,824.0,37.1941528,127.0984753,2.288,14.25,9.775,100.44,858.835,0.589,10.996,True,48,0.8,poor
824.0,828.0,826.0,37.1941975,127.0984938,2.576,14.25,3.308,18.061,246.081,0.408,3.385,True,94,0.8,good
826.0,830.0,828.0,37.1942442,127.0985,2.598,14.25,4.382,18.061,328.849,0.274,4.454,True,84,0.8,good
828.0,832.0,830.0,37.194294,127.0985006,2.661,14.25,5.642,24.094,408.64,0.299,5.625,True,75,0.8,fair
830.0,834.0,832.0,37.1943437,127.0985028,2.656,14.25,5.612,24.094,389.658,0.331,5.603,True,75,0.8,fair
832.0,836.0,834.0,37.1943921,127.0984999,2.583,14.25,5.54,33.175,427.294,0.328,5.656,True,74,0.8,fair
834.0,838.0,836.0,37.1944377,127.0984956,2.568,14.25,7.418,42.81,561.731,0.435,7.61,True,65,0.8,fair
836.0,840.0,838.0,37.1944862,127.0984973,2.598,14.25,11.024,60.676,863.133,0.614,11.203,True,47,0.8,poor
838.0,842.0,840.0,37.1945283,127.0985127,2.292,14.25,10.167,60.676,804.42,0.544,11.424,True,46,0.8,poor
840.0,844.0,842.0,37.1945717,127.0985309,2.341,14.25,4.999,20.053,328.143,0.328,5.522,True,76,0.8,fair
842.0,846.0,844.0,37.1946077,127.0985275,1.976,14.25,6.177,39.234,461.109,0.47,7.815,True,63,0.8,caution
844.0,848.0,846.0,37.1946461,127.0985268,2.108,14.25,6.806,39.234,520.441,0.482,8.177,True,60,0.8,caution
846.0,850.0,848.0,37.194687,127.0985233,2.307,14.25,6.052,37.066,471.779,0.355,6.765,True,67,0.8,fair
848.0,852.0,850.0,37.1947363,127.0985203,2.644,14.25,6.57,40.057,516.494,0.461,6.585,True,68,0.8,fair
850.0,854.0,852.0,37.1947829,127.0985235,2.565,14.25,6.972,40.057,513.89,0.53,7.159,True,66,0.8,fair
852.0,856.0,854.0,37.194818,127.0985354,2.126,14.25,7.119,27.597,504.535,0.476,8.496,True,59,0.8,caution
854.0,858.0,856.0,37.1948666,127.0985364,2.508,14.25,6.412,21.05,456.999,0.367,6.704,True,68,0.8,fair
856.0,860.0,858.0,37.1949141,127.0985365,2.582,14.25,5.886,23.001,421.554,0.284,6.011,True,71,0.8,fair
858.0,862.0,860.0,37.1949567,127.0985483,2.394,14.25,5.34,23.001,391.99,0.301,5.793,True,73,0.8,fair
860.0,864.0,862.0,37.1949978,127.0985583,2.266,14.25,4.701,24.458,348.902,0.344,5.33,True,77,0.8,fair
862.0,866.0,864.0,37.1950406,127.0985622,2.289,14.25,5.676,41.646,463.565,0.363,6.383,True,70,0.8,fair
864.0,868.0,866.0,37.1950908,127.0985672,2.747,14.25,8.681,69.581,683.259,0.431,8.437,True,59,0.8,caution
866.0,870.0,868.0,37.1951354,127.0985666,2.517,14.25,8.211,69.581,621.92,0.438,8.559,True,58,0.8,caution
868.0,872.0,870.0,37.1951811,127.0985683,2.497,14.25,5.439,20.764,393.397,0.467,5.705,True,74,0.8,fair
870.0,874.0,872.0,37.1952213,127.098567,2.285,14.25,6.342,35.298,477.278,0.502,7.143,True,66,0.8,fair
872.0,876.0,874.0,37.19527,127.0985619,2.552,14.25,7.209,35.298,521.324,0.656,7.432,True,65,0.8,fair
874.0,878.0,876.0,37.195315,127.0985539,2.48,14.25,6.753,30.766,464.933,0.77,7.122,True,66,0.8,fair
876.0,880.0,878.0,37.1953477,127.0985569,2.18,14.25,4.982,21.505,354.482,0.59,5.827,True,72,0.8,fair
878.0,882.0,880.0,37.1953818,127.0985388,2.076,14.25,7.157,59.449,549.112,0.413,8.704,True,57,0.8,caution
880.0,884.0,882.0,37.1954165,127.0985212,2.163,14.25,16.375,89.415,1190.625,0.685,19.272,True,40,0.8,poor
882.0,886.0,884.0,37.1954524,127.0985058,2.301,14.25,15.765,89.415,1124.562,0.652,17.657,True,40,0.8,poor
884.0,888.0,886.0,37.1954947,127.0985108,2.319,14.25,9.048,61.213,639.657,0.419,10.069,True,50,0.8,caution
886.0,890.0,888.0,37.195545,127.0985123,2.7,14.25,8.302,61.213,597.068,0.451,8.182,True,60,0.8,caution
888.0,892.0,890.0,37.1955834,127.0985176,2.224,14.25,7.305,68.464,592.215,0.434,8.406,True,59,0.8,caution
890.0,894.0,892.0,37.1956265,127.0985225,2.332,14.25,7.686,68.464,618.759,0.42,8.516,True,58,0.8,caution
892.0,896.0,894.0,37.1956682,127.0985221,2.35,14.25,5.252,24.245,387.761,0.34,5.783,True,73,0.8,fair
894.0,898.0,896.0,37.1957138,127.0985237,2.51,14.25,4.542,13.394,327.773,0.295,4.745,True,81,0.8,good
896.0,900.0,898.0,37.1957553,127.098527,2.396,14.25,5.26,14.895,381.567,0.29,5.704,True,74,0.8,fair
898.0,902.0,900.0,37.1958036,127.0985198,2.615,14.25,6.697,47.657,553.873,0.318,6.77,True,67,0.8,fair
900.0,904.0,902.0,37.1958573,127.0985115,2.905,14.25,6.319,47.657,528.247,0.308,5.873,True,72,0.8,fair
902.0,906.0,904.0,37.1959041,127.0985017,2.691,14.25,4.815,18.306,351.406,0.317,4.758,True,81,0.8,good
904.0,908.0,906.0,37.1959489,127.0984982,2.531,14.25,5.007,24.377,362.64,0.303,5.195,True,78,0.8,fair
906.0,910.0,908.0,37.195999,127.0984891,2.691,14.25,6.124,27.306,447.232,0.359,6.051,True,71,0.8,fair
908.0,912.0,910.0,37.1960474,127.0984841,2.658,14.25,6.207,27.306,443.45,0.463,6.194,True,70,0.8,fair
910.0,914.0,912.0,37.1960907,127.0984735,2.404,14.25,6.297,22.583,443.427,0.437,6.809,True,67,0.8,fair
912.0,916.0,914.0,37.1961377,127.0984648,2.496,14.25,6.253,22.583,456.743,0.346,6.563,True,68,0.8,fair
914.0,918.0,916.0,37.1961823,127.0984758,2.525,14.25,7.68,43.67,612.226,0.367,7.985,True,62,0.8,caution
916.0,920.0,918.0,37.1962356,127.0984746,2.875,14.25,7.844,43.67,634.296,0.402,7.351,True,65,0.8,fair
918.0,922.0,920.0,37.1962862,127.098474,2.89,14.25,6.185,26.381,480.907,0.352,5.773,True,73,0.8,fair
920.0,924.0,922.0,37.1963353,127.0984757,2.755,14.25,8.989,62.797,593.434,0.447,8.718,True,57,0.8,caution
922.0,926.0,924.0,37.1963842,127.0984813,2.698,14.25,9.813,62.797,635.786,0.504,9.677,True,52,0.8,caution
924.0,928.0,926.0,37.1964301,127.0984745,2.497,14.25,7.577,31.706,548.21,0.415,7.95,True,62,0.8,caution
926.0,930.0,928.0,37.1964779,127.09848,2.638,14.25,7.843,37.739,548.214,0.402,7.873,True,62,0.8,caution
928.0,932.0,930.0,37.1965305,127.0984858,2.798,14.25,9.387,42.313,679.982,0.427,8.991,True,56,0.8,caution
930.0,934.0,932.0,37.1965772,127.0984866,2.605,14.25,9.644,42.313,720.881,0.47,9.779,True,51,0.8,caution
932.0,936.0,934.0,37.1966245,127.0984808,2.574,14.25,9.097,54.167,689.399,0.444,9.314,True,54,0.8,caution
934.0,938.0,936.0,37.1966663,127.098476,2.365,14.25,7.154,54.167,601.693,0.38,7.838,True,63,0.8,caution
936.0,940.0,938.0,37.1967091,127.0984742,2.365,14.25,5.444,49.047,433.798,0.585,5.965,True,71,0.8,fair
938.0,942.0,940.0,37.1967494,127.0984779,2.224,14.25,5.004,21.318,347.358,0.652,5.759,True,73,0.8,fair
940.0,944.0,942.0,37.1967852,127.0984762,2.065,14.25,6.302,45.027,443.568,0.55,7.695,True,64,0.8,caution
942.0,946.0,944.0,37.1968214,127.0984758,2.018,14.25,6.219,45.027,422.887,0.665,7.735,True,63,0.8,caution
944.0,948.0,946.0,37.1968441,127.0984838,1.327,14.25,3.086,16.235,183.004,0.597,4.867,False,0,0.35,poor
946.0,950.0,948.0,37.196848,127.0984934,0.424,14.25,1.339,8.163,56.674,0.244,2.111,False,0,0.35,poor
948.0,952.0,950.0,37.1968454,127.0984944,0.076,14.25,1.249,6.168,60.616,0.145,1.971,False,0,0.35,poor
950.0,954.0,952.0,37.1968443,127.0984972,0.12,14.25,1.223,6.168,59.603,0.133,1.929,False,0,0.35,poor
952.0,956.0,954.0,37.196845,127.0984961,0.004,14.25,0.234,1.17,11.22,0.041,0.369,False,0,0.35,poor
954.0,958.0,956.0,37.196845,127.0984961,0.0,14.25,0.158,0.856,6.309,0.018,0.25,False,0,0.35,poor
956.0,960.0,958.0,37.196845,127.0984961,0.0,14.25,0.063,0.174,1.822,0.012,0.099,False,0,0.35,poor
958.0,962.0,960.0,37.196845,127.0984961,0.0,14.25,0.039,0.114,1.553,0.011,0.061,False,0,0.35,poor
960.0,964.0,962.0,37.196845,127.0984961,0.0,14.25,0.036,0.105,1.482,0.005,0.056,False,0,0.35,poor
962.0,966.0,964.0,37.196845,127.0984961,0.0,14.25,0.039,0.105,1.579,0.005,0.062,False,0,0.35,poor
964.0,968.0,966.0,37.196845,127.0984961,0.0,14.25,0.038,0.105,1.572,0.005,0.061,False,0,0.35,poor
966.0,970.0,968.0,37.196845,127.0984961,0.0,14.25,0.038,0.091,1.557,0.006,0.06,False,0,0.35,poor
968.0,972.0,970.0,37.196845,127.0984961,0.0,14.25,0.114,0.537,4.104,0.026,0.179,False,0,0.35,poor
970.0,974.0,972.0,37.196845,127.0984961,0.0,14.25,0.176,0.818,8.614,0.029,0.277,False,0,0.35,poor
972.0,976.0,974.0,37.196845,127.0984961,0.0,14.25,0.201,0.818,10.947,0.019,0.317,False,0,0.35,poor
974.0,978.0,976.0,37.196845,127.0984961,0.0,14.25,0.218,0.825,10.392,0.018,0.343,False,0,0.35,poor
976.0,980.0,978.0,37.196845,127.0984961,0.0,14.25,0.162,0.825,6.889,0.014,0.255,False,0,0.35,poor
978.0,982.0,980.0,37.196845,127.0984961,0.0,14.25,0.034,0.089,1.538,0.005,0.054,False,0,0.35,poor
980.0,984.0,982.0,37.196845,127.0984961,0.0,14.25,0.049,0.338,2.347,0.007,0.078,False,0,0.35,poor
982.0,986.0,984.0,37.196845,127.0984961,0.0,14.25,0.052,0.338,2.275,0.008,0.082,False,0,0.35,poor
984.0,988.0,986.0,37.196845,127.0984961,0.0,14.25,0.098,0.5,4.27,0.013,0.155,False,0,0.35,poor
986.0,990.0,988.0,37.196845,127.0984961,0.0,14.25,0.106,0.5,5.14,0.012,0.167,False,0,0.35,poor
988.0,992.0,990.0,37.196845,127.0984961,0.0,14.25,0.059,0.338,3.356,0.006,0.093,False,0,0.35,poor
990.0,994.0,992.0,37.196845,127.0984961,0.0,14.25,0.275,1.271,16.266,0.011,0.434,False,0,0.35,poor
992.0,996.0,994.0,37.1968479,127.098518,0.125,14.25,0.275,1.271,16.248,0.012,0.434,False,0,0.35,poor
994.0,998.0,996.0,37.196848,127.0985194,0.0,14.25,0.039,0.092,1.683,0.008,0.062,False,0,0.35,poor
996.0,1000.0,998.0,37.196848,127.0985194,0.0,14.25,0.053,0.4,2.304,0.008,0.084,False,0,0.35,poor
998.0,1002.0,1000.0,37.196848,127.0985194,0.0,14.25,0.123,1.229,7.746,0.011,0.194,False,0,0.35,poor
1000.0,1004.0,1002.0,37.196848,127.0985194,0.0,14.25,0.124,1.229,7.801,0.011,0.195,False,0,0.35,poor
1002.0,1006.0,1004.0,37.196848,127.0985194,0.0,14.25,0.057,0.21,2.533,0.007,0.09,False,0,0.35,poor
1004.0,1008.0,1006.0,37.196848,127.0985194,0.0,14.25,0.044,0.126,1.914,0.007,0.069,False,0,0.35,poor
1006.0,1010.0,1008.0,37.196848,127.0985194,0.0,14.25,0.043,0.126,1.798,0.008,0.067,False,0,0.35,poor
1008.0,1012.0,1010.0,37.196848,127.0985194,0.0,14.25,0.04,0.1,1.715,0.005,0.064,False,0,0.35,poor
1010.0,1014.0,1012.0,37.196848,127.0985194,0.0,14.25,0.037,0.095,1.528,0.004,0.058,False,0,0.35,poor
1012.0,1016.0,1014.0,37.196848,127.0985194,0.0,14.25,0.032,0.082,1.389,0.003,0.051,False,0,0.35,poor
1014.0,1018.0,1016.0,37.196848,127.0985194,0.0,14.25,0.042,0.133,1.753,0.007,0.066,False,0,0.35,poor
1016.0,1020.0,1018.0,37.196848,127.0985194,0.0,14.25,0.045,0.133,1.884,0.007,0.071,False,0,0.35,poor
1018.0,1022.0,1020.0,37.196848,127.0985194,0.0,14.25,0.034,0.119,1.601,0.003,0.054,False,0,0.35,poor
1020.0,1024.0,1022.0,37.196848,127.0985194,0.0,14.25,0.477,2.642,17.787,0.065,0.752,False,0,0.35,poor
1022.0,1026.0,1024.0,37.196848,127.0985194,0.0,14.25,5.39,53.82,441.025,0.352,8.501,False,0,0.35,poor
1024.0,1028.0,1026.0,37.1968538,127.0985335,1.221,14.25,5.78,53.82,461.531,0.443,9.115,False,0,0.35,poor
1026.0,1030.0,1028.0,37.1968954,127.0985427,2.123,14.25,3.031,11.165,198.19,0.373,3.621,True,92,0.8,good
1028.0,1032.0,1030.0,37.196946,127.098541,2.656,14.25,11.145,155.096,943.809,0.47,11.129,True,47,0.8,poor
1030.0,1034.0,1032.0,37.1969977,127.0985377,2.753,14.25,14.789,155.096,1172.494,0.582,14.35,True,41,0.8,poor
1032.0,1036.0,1034.0,37.1970301,127.0985387,1.989,14.25,11.137,93.267,800.369,0.515,14.018,True,41,0.8,poor
1034.0,1038.0,1036.0,37.1970677,127.0985546,2.182,14.25,9.106,49.063,660.758,0.436,10.641,True,49,0.8,poor
1036.0,1040.0,1038.0,37.197104,127.0985667,2.19,14.25,9.342,49.063,662.824,0.423,10.885,True,48,0.8,poor
1038.0,1042.0,1040.0,37.197153,127.0985677,2.679,14.25,6.91,44.164,494.157,0.371,6.851,True,67,0.8,fair
1040.0,1044.0,1042.0,37.1971964,127.0985648,2.518,14.25,6.276,26.387,472.814,0.408,6.54,True,69,0.8,fair
1042.0,1046.0,1044.0,37.1972474,127.0985708,2.765,14.25,5.912,24.63,429.957,0.376,5.716,True,74,0.8,fair
1044.0,1048.0,1046.0,37.1973,127.0985685,2.796,14.25,5.776,20.644,425.805,0.3,5.535,True,76,0.8,fair
1046.0,1050.0,1048.0,37.1973552,127.0985661,2.92,14.25,6.427,25.482,486.84,0.321,5.95,True,71,0.8,fair
1048.0,1052.0,1050.0,37.1974059,127.0985697,2.828,14.25,6.809,34.059,523.795,0.32,6.466,True,69,0.8,fair
1050.0,1054.0,1052.0,37.1974529,127.0985698,2.587,14.25,6.45,34.059,495.703,0.309,6.578,True,68,0.8,fair
1052.0,1056.0,1054.0,37.1974873,127.0985806,2.106,14.25,5.336,20.669,394.254,0.357,6.414,True,69,0.8,fair
1054.0,1058.0,1056.0,37.1975275,127.0985871,2.087,14.25,6.448,45.011,460.186,0.374,7.809,True,63,0.8,caution
1056.0,1060.0,1058.0,37.1975766,127.098578,2.492,14.25,9.408,53.48,671.166,0.411,9.886,True,51,0.8,caution
1058.0,1062.0,1060.0,37.1976278,127.0985821,2.652,14.25,9.633,53.48,688.64,0.469,9.63,True,52,0.8,caution
1060.0,1064.0,1062.0,37.1976741,127.0985829,2.496,14.25,8.506,30.382,627.334,0.415,8.926,True,56,0.8,caution
1062.0,1066.0,1064.0,37.1977216,127.0985855,2.587,14.25,9.088,52.062,662.733,0.362,9.267,True,54,0.8,caution
1064.0,1068.0,1066.0,37.1977746,127.098592,2.817,14.25,8.44,52.062,597.651,0.328,8.04,True,61,0.8,caution
1066.0,1070.0,1068.0,37.1978261,127.0985818,2.735,14.25,8.071,47.437,606.423,0.414,7.873,True,62,0.8,caution
1068.0,1072.0,1070.0,37.1978758,127.0985899,2.785,14.25,8.394,52.638,709.492,0.43,8.069,True,61,0.8,caution
1070.0,1074.0,1072.0,37.1979272,127.0985826,2.875,14.25,7.166,52.638,610.036,0.337,6.716,True,67,0.8,fair
1072.0,1076.0,1074.0,37.1979748,127.0985839,2.825,14.25,6.138,23.99,447.641,0.294,5.834,True,72,0.8,fair
1074.0,1078.0,1076.0,37.1980218,127.0985849,2.621,14.25,6.119,35.243,469.594,0.324,6.174,True,71,0.8,fair
1076.0,1080.0,1078.0,37.198075,127.0985731,2.696,14.25,8.736,43.698,657.968,0.426,8.619,True,58,0.8,caution
1078.0,1082.0,1080.0,37.1981207,127.0985643,2.344,14.25,8.776,43.698,647.065,0.374,9.683,True,52,0.8,caution
1080.0,1084.0,1082.0,37.198167,127.0985676,2.395,14.25,7.831,49.231,608.362,0.378,8.495,True,59,0.8,caution
1082.0,1086.0,1084.0,37.1982164,127.0985544,2.508,14.25,7.32,49.231,571.059,0.44,7.652,True,64,0.8,caution
1084.0,1088.0,1086.0,37.1982553,127.0985261,2.209,14.25,4.466,26.519,334.12,0.427,5.168,True,78,0.8,fair
1086.0,1090.0,1088.0,37.1982873,127.0985149,1.752,14.25,3.129,26.519,236.394,0.372,4.359,True,85,0.8,good
1088.0,1092.0,1090.0,37.1983049,127.0985149,0.97,14.25,1.545,8.702,93.676,0.234,2.437,False,0,0.35,poor
1090.0,1094.0,1092.0,37.1983001,127.0985144,0.035,14.25,0.54,1.876,20.143,0.137,0.851,False,0,0.35,poor
1092.0,1096.0,1094.0,37.1983015,127.0985132,0.065,14.25,0.393,1.064,13.888,0.114,0.62,False,0,0.35,poor
1094.0,1098.0,1096.0,37.1983013,127.098513,0.0,14.25,0.411,1.812,13.854,0.097,0.648,False,0,0.35,poor
1096.0,1100.0,1098.0,37.1983005,127.0985161,0.004,14.25,0.445,1.812,14.679,0.102,0.702,False,0,0.35,poor
1098.0,1102.0,1100.0,37.1983018,127.0985151,0.038,14.25,0.333,1.283,14.195,0.096,0.525,False,0,0.35,poor
1100.0,1104.0,1102.0,37.1983017,127.0985151,0.0,14.25,0.433,2.451,26.392,0.061,0.684,False,0,0.35,poor
1102.0,1106.0,1104.0,37.1983013,127.098516,0.0,14.25,0.448,2.451,26.046,0.066,0.706,False,0,0.35,poor
1104.0,1108.0,1106.0,37.1983013,127.098516,0.0,14.25,0.292,1.024,11.43,0.054,0.461,False,0,0.35,poor
1106.0,1110.0,1108.0,37.1983028,127.0985173,0.05,14.25,0.313,1.012,13.081,0.058,0.493,False,0,0.35,poor
1108.0,1112.0,1110.0,37.1983028,127.0985177,0.0,14.25,0.273,1.01,11.384,0.072,0.43,False,0,0.35,poor
1110.0,1114.0,1112.0,37.1983028,127.0985178,0.0,14.25,0.201,1.399,9.914,0.05,0.318,False,0,0.35,poor
1112.0,1116.0,1114.0,37.1983028,127.0985178,0.0,14.25,0.235,2.477,19.053,0.031,0.371,False,0,0.35,poor
1114.0,1118.0,1116.0,37.1983028,127.0985178,0.0,14.25,0.334,2.477,20.826,0.061,0.526,False,0,0.35,poor
1116.0,1120.0,1118.0,37.1983073,127.0985194,0.0,14.25,0.277,1.361,11.297,0.056,0.437,False,0,0.35,poor
1118.0,1122.0,1120.0,37.1983073,127.0985194,0.0,14.25,0.122,0.549,5.691,0.031,0.193,False,0,0.35,poor
1120.0,1124.0,1122.0,37.1983073,127.0985194,0.0,14.25,0.131,0.549,5.117,0.043,0.207,False,0,0.35,poor
1122.0,1126.0,1124.0,37.1983073,127.0985194,0.0,14.25,0.112,0.321,3.979,0.034,0.176,False,0,0.35,poor
1124.0,1128.0,1126.0,37.1983073,127.0985194,0.0,14.25,0.153,0.532,6.372,0.027,0.241,False,0,0.35,poor
1126.0,1130.0,1128.0,37.1983073,127.0985194,0.0,14.25,0.161,0.532,6.508,0.028,0.254,False,0,0.35,poor
1128.0,1132.0,1130.0,37.1983073,127.0985194,0.0,14.25,0.147,0.61,5.325,0.038,0.233,False,0,0.35,poor
1130.0,1134.0,1132.0,37.1983073,127.0985194,0.0,14.25,0.147,0.61,5.222,0.046,0.233,False,0,0.35,poor
1132.0,1136.0,1134.0,37.1983073,127.0985194,0.0,14.25,0.112,0.435,3.543,0.03,0.176,False,0,0.35,poor
1134.0,1138.0,1136.0,37.1983073,127.0985194,0.0,14.25,0.126,0.514,3.791,0.021,0.198,False,0,0.35,poor
1136.0,1140.0,1138.0,37.1983073,127.0985194,0.0,14.25,0.162,0.535,4.874,0.024,0.255,False,0,0.35,poor
1138.0,1142.0,1140.0,37.1983073,127.0985194,0.0,14.25,0.179,0.588,5.118,0.023,0.282,False,0,0.35,poor
1140.0,1144.0,1142.0,37.1983073,127.0985194,0.0,14.25,0.173,0.595,4.985,0.03,0.273,False,0,0.35,poor
1142.0,1146.0,1144.0,37.1983073,127.0985194,0.0,14.25,0.15,0.595,4.685,0.029,0.237,False,0,0.35,poor
1144.0,1148.0,1146.0,37.1983073,127.0985194,0.0,14.25,0.164,0.524,4.338,0.033,0.258,False,0,0.35,poor
1146.0,1150.0,1148.0,37.1983073,127.0985194,0.0,14.25,0.277,1.217,11.784,0.045,0.437,False,0,0.35,poor
1148.0,1152.0,1150.0,37.1983073,127.0985194,0.0,14.25,0.384,2.162,18.843,0.061,0.605,False,0,0.35,poor
1150.0,1154.0,1152.0,37.1983044,127.098524,0.004,14.25,0.401,2.98,21.79,0.065,0.632,False,0,0.35,poor
1152.0,1156.0,1154.0,37.1983044,127.098524,0.0,14.25,0.293,2.98,16.67,0.045,0.463,False,0,0.35,poor
1154.0,1158.0,1156.0,37.1983057,127.0985241,0.0,14.25,0.333,2.877,18.682,0.039,0.525,False,0,0.35,poor
1156.0,1160.0,1158.0,37.1983057,127.0985241,0.0,14.25,0.405,2.877,21.422,0.049,0.638,False,0,0.35,poor
1158.0,1162.0,1160.0,37.1983076,127.098525,0.001,14.25,0.284,1.9,12.058,0.048,0.448,False,0,0.35,poor
1160.0,1164.0,1162.0,37.1983076,127.098525,0.0,14.25,0.163,0.972,7.793,0.036,0.258,False,0,0.35,poor
1162.0,1166.0,1164.0,37.1983076,127.098525,0.0,14.25,0.118,0.972,7.372,0.02,0.186,False,0,0.35,poor
1164.0,1168.0,1166.0,37.1983076,127.098525,0.0,14.25,0.041,0.128,1.778,0.009,0.065,False,0,0.35,poor
1166.0,1170.0,1168.0,37.1983076,127.098525,0.0,14.25,0.073,0.337,3.885,0.016,0.115,False,0,0.35,poor
1168.0,1172.0,1170.0,37.1983076,127.098525,0.0,14.25,0.184,1.217,9.417,0.033,0.29,False,0,0.35,poor
1170.0,1174.0,1172.0,37.1983076,127.098525,0.0,14.25,0.36,2.138,19.202,0.047,0.567,False,0,0.35,poor
1172.0,1176.0,1174.0,37.1983108,127.098525,0.0,14.25,0.324,2.138,17.249,0.04,0.511,False,0,0.35,poor
1174.0,1178.0,1176.0,37.1983108,127.0985251,0.0,14.25,0.079,0.261,2.413,0.018,0.125,False,0,0.35,poor
1176.0,1180.0,1178.0,37.1983108,127.0985251,0.0,14.25,0.048,0.143,1.663,0.012,0.076,False,0,0.35,poor
1178.0,1182.0,1180.0,37.1983108,127.0985251,0.0,14.25,0.097,0.503,2.695,0.012,0.153,False,0,0.35,poor
1180.0,1184.0,1182.0,37.1983108,127.0985251,0.0,14.25,0.116,0.503,3.595,0.021,0.182,False,0,0.35,poor
1182.0,1186.0,1184.0,37.1983108,127.0985251,0.0,14.25,0.11,0.77,4.416,0.025,0.174,False,0,0.35,poor
1184.0,1188.0,1186.0,37.1983108,127.0985251,0.0,14.25,0.149,0.77,6.785,0.022,0.235,False,0,0.35,poor
1186.0,1190.0,1188.0,37.1983108,127.0985251,0.0,14.25,0.165,0.989,8.509,0.026,0.261,False,0,0.35,poor
1188.0,1192.0,1190.0,37.1983108,127.0985251,0.0,14.25,0.132,0.989,7.203,0.024,0.207,False,0,0.35,poor
1190.0,1194.0,1192.0,37.1983108,127.0985251,0.0,14.25,0.075,0.467,3.696,0.011,0.118,False,0,0.35,poor
1192.0,1196.0,1194.0,37.1983108,127.0985251,0.0,14.25,0.027,0.093,1.331,0.004,0.043,False,0,0.35,poor
1194.0,1198.0,1196.0,37.1983108,127.0985251,0.0,14.25,0.03,0.117,1.345,0.005,0.048,False,0,0.35,poor
1196.0,1200.0,1198.0,37.1983108,127.0985251,0.0,14.25,0.038,0.117,1.499,0.006,0.06,False,0,0.35,poor
1198.0,1202.0,1200.0,37.1983108,127.0985251,0.0,14.25,0.039,0.109,1.464,0.007,0.061,False,0,0.35,poor
1200.0,1204.0,1202.0,37.1983108,127.0985251,0.0,14.25,0.035,0.112,1.591,0.007,0.055,False,0,0.35,poor
1202.0,1206.0,1204.0,37.1983108,127.0985251,0.0,14.25,0.041,0.141,1.873,0.008,0.065,False,0,0.35,poor
1204.0,1208.0,1206.0,37.1983108,127.0985251,0.0,14.25,0.039,0.141,1.746,0.008,0.062,False,0,0.35,poor
1206.0,1210.0,1208.0,37.1983108,127.0985251,0.0,14.25,0.048,0.424,2.52,0.006,0.076,False,0,0.35,poor
1208.0,1212.0,1210.0,37.1983108,127.0985251,0.0,14.25,0.062,0.424,3.171,0.009,0.098,False,0,0.35,poor
1210.0,1214.0,1212.0,37.1983108,127.0985251,0.0,14.25,0.058,0.23,2.813,0.009,0.091,False,0,0.35,poor
1212.0,1216.0,1214.0,37.1983108,127.0985251,0.0,14.25,0.05,0.218,2.69,0.006,0.08,False,0,0.35,poor
1214.0,1218.0,1216.0,37.1983108,127.0985251,0.0,14.25,0.052,0.273,2.618,0.009,0.083,False,0,0.35,poor
1216.0,1220.0,1218.0,37.1983108,127.0985251,0.0,14.25,0.054,0.273,2.427,0.011,0.085,False,0,0.35,poor
1218.0,1222.0,1220.0,37.1983108,127.0985251,0.0,14.25,0.272,1.724,13.124,0.027,0.429,False,0,0.35,poor
1220.0,1224.0,1222.0,37.1983108,127.0985251,0.0,14.25,7.565,87.414,675.891,0.459,11.93,False,0,0.35,poor
1222.0,1226.0,1224.0,37.1983204,127.0985209,1.076,14.25,8.276,87.414,707.982,0.504,13.052,False,0,0.35,poor
1224.0,1228.0,1226.0,37.1983657,127.0985242,2.26,14.25,3.72,44.516,223.324,0.244,4.226,True,85,0.8,good
1226.0,1230.0,1228.0,37.1984186,127.0985237,2.755,14.25,2.754,16.006,202.31,0.209,2.671,True,96,0.8,good
1228.0,1232.0,1230.0,37.198474,127.0985214,2.993,14.25,3.384,17.211,236.97,0.253,3.07,True,95,0.8,good
1230.0,1234.0,1232.0,37.1985276,127.0985219,2.941,14.25,3.399,17.211,228.841,0.282,3.128,True,95,0.8,good
1232.0,1236.0,1234.0,37.1985826,127.098521,3.015,14.25,5.232,45.625,357.628,0.301,4.72,True,82,0.8,good
1234.0,1238.0,1236.0,37.1986384,127.0985177,3.035,14.25,12.586,73.028,1021.517,0.483,11.297,True,46,0.8,poor
1236.0,1240.0,1238.0,37.1986926,127.0985051,3.082,14.25,12.571,73.028,1021.983,0.476,11.145,True,47,0.8,poor
1238.0,1242.0,1240.0,37.1987327,127.0985106,2.448,14.25,5.5,21.829,392.014,0.281,5.861,True,72,0.8,fair
1240.0,1244.0,1242.0,37.1987878,127.0985089,2.913,14.25,4.63,17.154,337.807,0.278,4.294,True,85,0.8,good
1242.0,1246.0,1244.0,37.198842,127.0985035,3.047,14.25,6.167,42.079,492.233,0.32,5.517,True,76,0.8,fair
1244.0,1248.0,1246.0,37.1988949,127.0985079,3.09,14.25,9.899,81.784,855.471,0.405,8.757,True,57,0.8,caution
1246.0,1250.0,1248.0,37.1989441,127.0985135,2.814,14.25,11.155,88.648,982.203,0.412,10.635,True,49,0.8,poor
1248.0,1252.0,1250.0,37.1989951,127.0985149,2.823,14.25,8.436,88.648,707.271,0.336,8.022,True,61,0.8,caution
1250.0,1254.0,1252.0,37.1990479,127.0985137,2.965,14.25,10.32,71.487,817.92,0.416,9.437,True,53,0.8,caution
1252.0,1256.0,1254.0,37.1991056,127.0985014,3.181,14.25,10.869,71.487,855.319,0.49,9.394,True,53,0.8,caution
1254.0,1258.0,1256.0,37.1991568,127.0984935,2.818,14.25,6.604,21.343,466.775,0.411,6.288,True,70,0.8,fair
1256.0,1260.0,1258.0,37.1991963,127.0984967,2.326,14.25,6.14,32.128,451.21,0.332,6.816,True,67,0.8,fair
1258.0,1262.0,1260.0,37.1992476,127.098495,2.801,13.66,6.684,32.128,497.139,0.309,6.395,True,69,0.8,fair
1260.0,1264.0,1262.0,37.199305,127.0984897,3.139,13.1,6.549,21.294,457.302,0.289,5.721,True,74,0.81,fair
1262.0,1266.0,1264.0,37.1993595,127.0984849,2.975,12.61,7.071,30.892,521.769,0.27,6.448,True,69,0.81,fair
1264.0,1268.0,1266.0,37.1994078,127.0984852,2.705,12.16,7.79,30.892,576.349,0.32,7.665,True,64,0.82,caution
1266.0,1270.0,1268.0,37.1994668,127.0984725,3.068,11.75,7.035,28.135,491.628,0.32,6.258,True,70,0.82,fair
1268.0,1272.0,1270.0,37.1995177,127.0984597,2.849,11.39,6.047,21.312,411.963,0.298,5.709,True,74,0.83,fair
1270.0,1274.0,1272.0,37.1995739,127.0984558,3.022,11.06,6.868,26.058,501.818,0.323,6.186,True,70,0.83,fair
1272.0,1276.0,1274.0,37.1996293,127.0984583,3.086,10.76,12.592,76.687,896.629,0.492,11.15,True,47,0.83,poor
1274.0,1278.0,1276.0,37.1996816,127.0984611,2.958,10.49,11.967,76.687,834.568,0.508,10.962,True,48,0.84,poor
1276.0,1280.0,1278.0,37.1997342,127.0984607,2.92,10.25,4.525,13.579,317.009,0.304,4.188,True,86,0.84,good
1278.0,1282.0,1280.0,37.1997873,127.0984626,2.867,10.03,5.934,32.206,427.73,0.28,5.574,True,75,0.84,fair
1280.0,1284.0,1282.0,37.1998432,127.0984577,3.049,9.83,6.366,32.206,464.467,0.278,5.691,True,74,0.84,fair
1282.0,1286.0,1284.0,37.1998973,127.0984604,2.97,9.65,5.354,20.474,373.081,0.232,4.889,True,80,0.84,good
1284.0,1288.0,1286.0,37.1999562,127.0984613,3.146,9.49,5.29,17.113,374.648,0.298,4.613,True,83,0.85,good
1286.0,1290.0,1288.0,37.2000123,127.0984742,3.137,9.35,5.861,20.421,414.292,0.329,5.123,True,78,0.85,fair
1288.0,1292.0,1290.0,37.2000677,127.0984896,3.134,9.22,6.335,23.249,436.439,0.286,5.541,True,76,0.85,fair
1290.0,1294.0,1292.0,37.2001257,127.0984944,3.176,9.1,6.055,23.249,432.25,0.262,5.24,True,77,0.85,fair
1292.0,1296.0,1294.0,37.2001825,127.0984954,3.113,8.99,5.97,18.924,429.271,0.281,5.25,True,77,0.85,fair
1294.0,1298.0,1296.0,37.2002408,127.0984927,3.218,8.89,6.079,22.727,425.174,0.289,5.206,True,78,0.85,fair
1296.0,1300.0,1298.0,37.2002961,127.0984903,3.129,8.81,11.539,83.174,808.013,0.503,10.106,True,50,0.85,caution
1298.0,1302.0,1300.0,37.2003478,127.098485,2.872,8.73,12.272,83.174,870.87,0.513,11.512,True,45,0.85,poor
1300.0,1304.0,1302.0,37.2003998,127.0984934,2.949,8.66,7.465,37.027,540.988,0.291,6.856,True,66,0.85,fair
1302.0,1306.0,1304.0,37.2004548,127.0984975,3.119,8.59,5.607,33.922,400.564,0.289,4.923,True,80,0.85,good
1304.0,1308.0,1306.0,37.200514,127.0984957,3.304,8.54,13.312,96.519,1163.696,0.512,11.163,True,47,0.85,poor
1306.0,1310.0,1308.0,37.2005641,127.0984976,2.846,8.48,13.371,96.519,1166.379,0.496,12.634,True,43,0.86,poor
1308.0,1312.0,1310.0,37.2006175,127.0985024,2.907,8.44,4.905,18.603,367.208,0.264,4.557,True,83,0.86,good
1310.0,1314.0,1312.0,37.2006728,127.0985017,3.001,8.39,8.988,58.75,651.038,0.45,8.14,True,60,0.86,caution
1312.0,1316.0,1314.0,37.2007271,127.0984999,3.023,8.36,10.03,58.75,699.789,0.484,9.029,True,55,0.86,caution
1314.0,1318.0,1316.0,37.2007786,127.0985057,2.888,8.32,6.425,29.173,431.803,0.366,6.0,True,71,0.86,fair
1316.0,1320.0,1318.0,37.200824,127.0985105,2.591,8.29,3.949,17.708,289.275,0.395,4.022,True,87,0.86,good
1318.0,1322.0,1320.0,37.2008547,127.098523,1.739,8.26,2.643,12.401,172.69,0.339,3.703,True,91,0.86,good
1320.0,1324.0,1322.0,37.2008568,127.0985216,0.122,8.24,0.983,3.932,39.375,0.15,1.55,False,0,0.35,poor
1322.0,1326.0,1324.0,37.2008583,127.0985189,0.027,8.21,0.178,0.984,8.114,0.022,0.28,False,0,0.35,poor
1324.0,1328.0,1326.0,37.2008582,127.0985188,0.0,8.19,0.493,2.252,22.993,0.295,0.777,False,0,0.35,poor
1326.0,1330.0,1328.0,37.2008601,127.0985173,0.025,8.17,0.809,2.299,32.247,0.364,1.277,False,0,0.35,poor
1328.0,1332.0,1330.0,37.2008608,127.0985157,0.041,8.16,0.899,4.19,31.93,0.307,1.418,False,0,0.35,poor
1330.0,1334.0,1332.0,37.2008584,127.0985131,0.044,8.14,1.002,4.19,42.262,0.725,1.58,False,0,0.35,poor
1332.0,1336.0,1334.0,37.2008676,127.0985105,0.608,8.13,1.269,3.28,58.645,0.758,2.001,False,0,0.35,poor
1334.0,1338.0,1336.0,37.2008755,127.0984988,0.263,8.14,1.572,6.287,81.831,0.47,2.479,False,0,0.35,poor
1336.0,1340.0,1338.0,37.2008839,127.0984925,0.478,8.12,2.841,14.097,205.504,0.415,4.481,False,0,0.35,poor
1338.0,1342.0,1340.0,37.2009115,127.0984724,1.442,8.14,3.185,14.097,230.922,0.409,5.023,False,0,0.35,poor
1340.0,1344.0,1342.0,37.2009433,127.0984527,1.498,8.13,2.347,10.728,151.629,0.458,3.701,False,0,0.35,poor
1342.0,1346.0,1344.0,37.2009823,127.0984334,1.833,8.12,2.079,8.667,123.635,0.491,2.793,True,96,0.86,good
1344.0,1348.0,1346.0,37.2010192,127.0984137,1.678,8.1,1.96,5.67,116.355,0.526,2.826,True,95,0.86,good
1346.0,1350.0,1348.0,37.2010497,127.0983865,1.476,8.09,1.761,6.142,114.881,0.395,2.777,False,0,0.35,poor
1348.0,1352.0,1350.0,37.2010877,127.0983626,1.754,8.09,5.647,35.217,417.045,0.306,7.86,True,63,0.86,caution
1350.0,1354.0,1352.0,37.2011285,127.0983362,1.93,8.08,5.829,35.217,424.67,0.31,7.514,True,65,0.86,fair
1352.0,1356.0,1354.0,37.2011642,127.0983007,1.558,8.07,2.489,9.719,163.096,0.285,3.809,True,89,0.86,good
1354.0,1358.0,1356.0,37.2011925,127.0982673,1.209,8.06,3.431,22.816,220.377,0.338,5.411,False,0,0.35,poor
1356.0,1360.0,1358.0,37.2012105,127.0982301,0.863,8.06,3.604,22.816,225.354,0.358,5.684,False,0,0.35,poor
1358.0,1362.0,1360.0,37.2012167,127.0981888,0.466,8.05,2.085,6.706,121.816,0.304,3.288,False,0,0.35,poor
1360.0,1364.0,1362.0,37.2012136,127.0981789,0.045,8.05,0.849,2.511,22.497,0.192,1.34,False,0,0.35,poor
1362.0,1366.0,1364.0,37.2012122,127.0981788,0.002,8.04,0.383,1.219,14.066,0.112,0.604,False,0,0.35,poor
1364.0,1368.0,1366.0,37.201212,127.0981793,0.0,8.04,0.976,4.951,39.7,0.561,1.54,False,0,0.35,poor
1366.0,1370.0,1368.0,37.2012163,127.0981725,0.263,8.03,1.831,5.687,81.857,0.809,2.888,False,0,0.35,poor
1368.0,1372.0,1370.0,37.201211,127.0981518,0.211,8.03,2.227,5.687,104.407,1.015,3.512,False,0,0.35,poor
1370.0,1374.0,1372.0,37.2012161,127.0981342,0.422,8.03,2.223,6.102,116.467,0.98,3.506,False,0,0.35,poor
1372.0,1376.0,1374.0,37.2012182,127.0981103,0.413,8.02,2.434,8.161,171.55,0.618,3.839,False,0,0.35,poor
1374.0,1378.0,1376.0,37.2012176,127.0980757,0.459,8.02,2.878,11.426,218.498,0.443,4.538,False,0,0.35,poor
1376.0,1380.0,1378.0,37.201222,127.0980355,0.63,8.02,3.189,11.426,222.793,0.389,5.029,False,0,0.35,poor
1378.0,1382.0,1380.0,37.2012248,127.0979913,0.735,8.02,3.024,9.853,190.923,0.348,4.768,False,0,0.35,poor
1380.0,1384.0,1382.0,37.201227,127.0979412,0.696,8.02,3.608,19.467,252.254,0.406,5.69,False,0,0.35,poor
1382.0,1386.0,1384.0,37.2012313,127.0978936,0.61,8.01,7.818,63.517,600.796,0.638,12.329,False,0,0.35,poor
1384.0,1388.0,1386.0,37.201232,127.0978547,0.606,8.01,8.509,63.517,628.406,0.607,13.42,False,0,0.35,poor
1386.0,1390.0,1388.0,37.2012357,127.0978032,0.756,8.01,6.427,20.954,433.971,0.436,10.136,False,0,0.35,poor
1388.0,1392.0,1390.0,37.2012359,127.0977513,0.454,8.01,6.218,20.954,444.195,0.453,9.807,False,0,0.35,poor
1390.0,1394.0,1392.0,37.201238,127.0976952,0.422,8.01,5.23,20.558,380.75,0.347,8.249,False,0,0.35,poor
1392.0,1396.0,1394.0,37.2012393,127.0976415,0.379,8.01,3.896,14.404,284.692,0.27,6.144,False,0,0.35,poor
1394.0,1398.0,1396.0,37.2012409,127.0975614,2.448,8.01,3.372,14.404,228.685,0.337,3.594,True,92,0.86,good
1396.0,1400.0,1398.0,37.2012359,127.0975008,2.537,8.01,3.682,9.621,241.197,0.332,3.813,True,89,0.86,good
1398.0,1402.0,1400.0,37.201238,127.0974494,2.364,8.01,4.604,17.065,319.736,0.296,5.045,True,79,0.86,fair
1400.0,1404.0,1402.0,37.2012404,127.0973904,2.617,8.01,4.617,17.065,329.719,0.307,4.665,True,83,0.86,good
1402.0,1406.0,1404.0,37.2012412,127.0973306,2.667,8.01,3.755,13.642,268.249,0.292,3.737,True,90,0.86,good
1404.0,1408.0,1406.0,37.2012432,127.0972745,2.51,8.0,3.61,13.127,274.088,0.261,3.771,True,90,0.86,good
1406.0,1410.0,1408.0,37.2012487,127.0972237,2.277,8.0,4.882,15.754,361.305,0.285,5.514,True,76,0.86,fair
1408.0,1412.0,1410.0,37.2012623,127.0971775,2.187,8.0,6.984,36.024,485.647,0.411,8.147,True,60,0.86,caution
1410.0,1414.0,1412.0,37.2012888,127.097127,2.564,8.0,6.531,36.024,440.366,0.466,6.708,True,68,0.86,fair
1412.0,1416.0,1414.0,37.2013046,127.0970756,2.423,8.0,4.382,15.271,295.133,0.425,4.709,True,82,0.86,good
1414.0,1418.0,1416.0,37.2012971,127.0970168,2.544,8.0,4.272,17.229,319.552,0.359,4.415,True,84,0.86,good
1416.0,1420.0,1418.0,37.2012892,127.0969808,1.618,8.0,3.985,17.229,287.69,0.437,5.914,True,72,0.86,fair
1418.0,1422.0,1420.0,37.2012866,127.0969631,1.079,8.0,4.377,14.93,281.285,0.449,6.903,False,0,0.35,poor
1420.0,1424.0,1422.0,37.2012696,127.0969209,1.944,8.0,9.15,55.64,653.324,0.445,11.727,True,45,0.86,poor
1422.0,1426.0,1424.0,37.2012381,127.0968693,2.622,8.0,9.659,55.64,677.55,0.492,9.745,True,52,0.86,caution
1424.0,1428.0,1426.0,37.2012304,127.0968119,2.538,8.0,5.684,21.762,361.386,0.406,5.885,True,72,0.86,fair
1426.0,1430.0,1428.0,37.2012382,127.0967482,2.768,8.0,4.357,18.401,288.028,0.336,4.208,True,86,0.86,good
1428.0,1432.0,1430.0,37.2012396,127.0966888,2.639,8.0,4.661,20.389,333.573,0.311,4.678,True,82,0.86,good
1430.0,1434.0,1432.0,37.2012343,127.0966267,2.746,8.0,4.848,20.389,365.069,0.34,4.713,True,82,0.86,good
1432.0,1436.0,1434.0,37.2012312,127.0965649,2.68,8.0,4.341,19.298,296.688,0.396,4.303,True,85,0.86,good
1434.0,1438.0,1436.0,37.2012221,127.096513,2.37,8.0,4.206,12.082,249.017,0.697,4.6,True,83,0.86,good
1436.0,1440.0,1438.0,37.2012008,127.0964896,1.565,8.0,6.653,27.818,401.664,0.76,10.144,True,50,0.86,caution
1438.0,1442.0,1440.0,37.2011517,127.0964895,2.223,8.0,6.678,27.818,415.506,0.508,7.687,True,64,0.86,caution
1440.0,1444.0,1442.0,37.2011102,127.0965056,2.103,8.0,4.948,19.887,317.688,0.378,5.954,True,71,0.86,fair
1442.0,1446.0,1444.0,37.2010756,127.0965166,1.937,8.0,4.454,19.254,276.912,0.343,5.726,True,73,0.86,fair
1444.0,1448.0,1446.0,37.2010404,127.0965188,2.028,8.0,3.766,10.762,242.724,0.297,4.666,True,82,0.86,good
1446.0,1450.0,1448.0,37.2009983,127.0965119,2.266,8.0,4.983,16.234,351.5,0.287,5.65,True,75,0.86,fair
1448.0,1452.0,1450.0,37.2009499,127.0965018,2.629,8.0,5.548,17.46,425.252,0.334,5.585,True,75,0.86,fair
1450.0,1454.0,1452.0,37.2008998,127.096501,2.742,8.0,5.545,24.122,418.727,0.324,5.397,True,76,0.86,fair
1452.0,1456.0,1454.0,37.2008516,127.0965078,2.735,8.0,6.713,24.977,494.737,0.384,6.548,True,68,0.86,fair
1454.0,1458.0,1456.0,37.2008019,127.0965031,2.743,8.0,6.095,24.977,454.03,0.431,5.932,True,71,0.86,fair
1456.0,1460.0,1458.0,37.200773,127.0965184,2.052,8.0,3.221,19.531,230.559,0.358,3.954,True,88,0.86,good
1458.0,1462.0,1460.0,37.2007253,127.0965137,2.577,8.0,2.159,9.197,146.825,0.318,2.208,True,96,0.86,good
1460.0,1464.0,1462.0,37.200698,127.0964609,2.487,8.0,3.728,15.272,265.33,0.346,3.923,True,88,0.86,good
1462.0,1466.0,1464.0,37.2006531,127.096451,2.422,8.0,4.995,21.548,378.552,0.349,5.369,True,77,0.86,fair
1464.0,1468.0,1466.0,37.2005985,127.0964507,2.824,8.0,12.017,114.015,1029.052,0.549,11.423,True,46,0.86,poor
1466.0,1470.0,1468.0,37.2005475,127.0964507,2.739,8.0,11.709,114.015,1004.052,0.866,11.408,True,46,0.86,poor
1468.0,1472.0,1470.0,37.2005353,127.0964476,0.842,8.0,2.755,12.699,182.742,0.74,4.344,False,0,0.35,poor
1470.0,1474.0,1472.0,37.2005343,127.0964302,0.355,8.1,1.291,6.305,56.599,0.224,2.035,False,0,0.35,poor
1472.0,1476.0,1474.0,37.200535,127.0964291,0.369,8.09,1.177,7.48,62.072,0.228,1.857,False,0,0.35,poor
1474.0,1478.0,1476.0,37.200536,127.0964287,0.12,8.51,1.594,10.172,98.401,0.273,2.514,False,0,0.35,poor
1476.0,1480.0,1478.0,37.2005361,127.0964287,0.126,8.46,1.611,10.172,110.311,0.19,2.541,False,0,0.35,poor
