start,end,time,latitude,longitude,speed,accuracy,accelRms,peak,jerkRms,gyroRms,normalizedRms,eligible,score,confidence,grade,accelSamples,gyroSamples
0.0,4.0,2.0,37.1848867,127.1043678,0.47,5.41,1.48,5.27,56.018,0.929,5.976,False,0,0.35,excluded,398,398
2.0,6.0,4.0,37.1848963,127.1043886,0.578,4.74,2.031,12.85,113.975,0.975,6.95,False,0,0.35,excluded,402,402
4.0,8.0,6.0,37.1849046,127.1044047,0.216,3.67,1.559,12.85,111.812,0.386,11.73,False,0,0.35,excluded,402,402
6.0,10.0,8.0,37.1849059,127.1044038,0.16,3.2,0.795,7.201,61.239,0.155,7.613,False,0,0.35,excluded,402,402
8.0,12.0,10.0,37.1849064,127.1044032,0.048,3.9,0.478,6.837,34.808,0.059,11.877,False,0,0.35,excluded,401,401
10.0,14.0,12.0,37.184908,127.1044029,0.008,4.75,0.085,0.414,4.804,0.013,8.805,False,0,0.35,excluded,401,401
12.0,16.0,14.0,37.184908,127.1044029,0.0,4.75,0.094,0.414,4.876,0.012,0.0,False,0,0.35,excluded,401,401
14.0,18.0,16.0,37.184908,127.1044029,0.0,4.75,0.085,0.365,3.861,0.011,0.0,False,0,0.35,excluded,401,401
16.0,20.0,18.0,37.184908,127.1044029,0.0,4.75,0.074,0.22,2.909,0.011,0.0,False,0,0.35,excluded,402,402
18.0,22.0,20.0,37.184908,127.1044029,0.0,4.75,0.078,0.214,2.634,0.014,0.0,False,0,0.35,excluded,402,402
20.0,24.0,22.0,37.1849054,127.1043998,0.012,4.75,0.239,1.264,11.715,0.128,18.348,False,0,0.35,excluded,402,402
22.0,26.0,24.0,37.1849054,127.1043998,0.038,4.75,0.323,1.264,14.559,0.186,9.772,False,0,0.35,excluded,402,402
24.0,28.0,26.0,37.1849018,127.1044,0.068,4.75,0.403,0.995,10.537,0.152,7.611,False,0,0.35,excluded,402,402
26.0,30.0,28.0,37.1849072,127.1043921,0.073,4.75,0.394,0.995,9.005,0.342,7.021,False,0,0.35,excluded,402,402
28.0,32.0,30.0,37.1848907,127.1043887,0.047,5.61,0.726,2.062,17.901,0.406,18.482,False,0,0.35,excluded,402,402
30.0,34.0,32.0,37.1848981,127.104389,0.173,6.68,1.484,5.152,61.386,0.32,13.323,False,0,0.35,excluded,402,402
32.0,36.0,34.0,37.1848877,127.104377,0.425,6.45,1.499,5.152,60.231,0.262,6.558,False,0,0.35,excluded,402,402
34.0,38.0,36.0,37.1848871,127.1043761,0.332,6.25,0.809,2.172,18.556,0.156,4.315,False,0,0.35,excluded,402,402
36.0,40.0,38.0,37.1848864,127.1043804,0.074,6.02,0.608,2.195,24.761,0.163,10.828,False,0,0.35,excluded,402,402
38.0,42.0,40.0,37.184883,127.1043792,0.024,6.13,0.836,2.225,30.434,0.262,35.957,False,0,0.35,excluded,402,402
40.0,44.0,42.0,37.1848828,127.1043661,0.203,6.13,1.142,4.664,44.468,0.273,9.027,False,0,0.35,excluded,402,402
42.0,46.0,44.0,37.1848769,127.1043518,0.436,6.11,2.142,5.676,81.131,0.816,9.171,False,0,0.35,excluded,402,402
44.0,48.0,46.0,37.1848709,127.1043391,0.649,6.08,2.374,5.676,87.53,0.982,7.403,False,0,0.35,excluded,401,401
46.0,50.0,48.0,37.1848604,127.1043239,0.687,6.02,1.775,8.815,70.971,0.61,5.283,False,0,0.35,excluded,401,401
48.0,52.0,50.0,37.1848677,127.1043207,0.317,6.09,1.38,8.815,56.379,0.253,7.631,False,0,0.35,excluded,402,402
50.0,54.0,52.0,37.1848684,127.1043286,0.053,6.4,1.093,4.086,40.607,0.182,25.211,False,0,0.35,excluded,402,402
52.0,56.0,54.0,37.1848739,127.1043377,0.042,6.54,1.17,4.051,47.587,0.225,32.899,False,0,0.35,excluded,402,402
54.0,58.0,56.0,37.1848731,127.1043366,0.062,6.59,1.032,4.051,40.823,0.221,21.159,False,0,0.35,excluded,402,402
56.0,60.0,58.0,37.1848703,127.1043306,0.056,6.83,0.728,3.116,30.276,0.155,15.999,False,0,0.35,excluded,402,402
58.0,62.0,60.0,37.1848614,127.1043205,0.043,6.92,0.687,3.116,26.967,0.138,18.751,False,0,0.35,excluded,402,402
60.0,64.0,62.0,37.184868,127.1043228,0.032,6.96,1.08,4.588,53.315,0.17,36.945,False,0,0.35,excluded,402,402
62.0,66.0,64.0,37.1848798,127.1043305,0.041,7.06,1.309,4.588,67.162,0.262,36.973,False,0,0.35,excluded,402,402
64.0,68.0,66.0,37.1848757,127.1043244,0.07,7.2,1.206,4.053,51.182,0.265,22.336,False,0,0.35,excluded,402,402
66.0,70.0,68.0,37.1848744,127.1043206,0.066,7.36,1.147,5.293,61.438,0.246,22.208,False,0,0.35,excluded,402,402
68.0,72.0,70.0,37.1848728,127.1043222,0.108,7.36,2.139,9.938,121.338,0.516,27.945,False,0,0.35,excluded,402,402
70.0,74.0,72.0,37.184862,127.1042978,0.647,7.36,2.434,9.938,139.947,0.564,7.604,False,0,0.35,excluded,402,402
72.0,76.0,74.0,37.1848639,127.1042684,1.38,7.34,2.315,7.887,147.749,0.402,3.948,False,0,0.35,excluded,402,402
74.0,78.0,76.0,37.1848685,127.10422,1.787,7.42,2.754,8.153,178.459,0.326,3.817,True,89.5,1.0,good,402,402
76.0,80.0,78.0,37.1848912,127.1041703,2.211,7.43,3.471,14.488,241.005,0.277,4.058,True,87.6,1.0,good,402,402
78.0,82.0,80.0,37.18492,127.1041239,2.569,7.28,3.811,14.488,258.267,0.266,3.952,True,88.2,1.0,good,402,402
80.0,84.0,82.0,37.1849483,127.104077,2.647,7.11,3.474,10.686,226.978,0.328,3.518,True,93.1,1.0,good,402,402
82.0,86.0,84.0,37.1849784,127.1040344,2.614,6.95,3.492,17.586,251.545,0.324,3.572,True,92.7,1.0,good,402,402
84.0,88.0,86.0,37.1850081,127.1039817,2.714,6.91,3.611,17.586,253.529,0.238,3.584,True,92.4,1.0,good,402,402
86.0,90.0,88.0,37.1850463,127.1039314,2.824,6.99,4.365,12.963,285.592,0.247,4.197,True,86.8,1.0,good,401,401
88.0,92.0,90.0,37.1850757,127.1038702,2.992,7.06,5.463,14.955,375.048,0.266,5.014,True,78.9,1.0,fair,401,401
90.0,94.0,92.0,37.1851145,127.1038075,3.266,6.98,6.348,19.568,419.44,0.301,5.432,True,76.0,1.0,fair,402,402
92.0,96.0,94.0,37.185142,127.1037323,3.404,6.71,6.21,19.568,402.155,0.318,5.141,True,77.9,1.0,fair,402,402
94.0,98.0,96.0,37.1851644,127.1036709,3.321,6.63,5.585,17.359,372.716,0.36,4.716,True,82.2,1.0,good,402,402
96.0,100.0,98.0,37.1852036,127.1036173,3.194,6.46,5.922,21.701,412.311,0.41,5.16,True,77.6,1.0,fair,402,402
98.0,102.0,100.0,37.185232,127.1035548,3.191,6.37,6.039,21.701,404.965,0.405,5.265,True,76.8,1.0,fair,402,402
100.0,104.0,102.0,37.1852561,127.1034906,3.227,6.47,5.924,17.394,400.972,0.332,5.119,True,78.1,1.0,fair,402,402
102.0,106.0,104.0,37.1852994,127.1034363,3.31,6.5,5.463,17.394,390.462,0.255,4.625,True,83.4,1.0,good,402,402
104.0,108.0,106.0,37.185351,127.1033952,3.37,6.32,10.63,84.09,765.544,0.616,8.872,True,56.4,1.0,caution,402,402
106.0,110.0,108.0,37.1854028,127.1033735,3.239,6.12,13.152,84.09,948.27,0.915,11.329,True,46.7,1.0,inspect,402,402
108.0,112.0,110.0,37.1854386,127.1033898,2.597,6.04,9.254,46.386,636.786,0.824,9.512,True,52.9,1.0,inspect,401,401
110.0,114.0,112.0,37.185456,127.1033385,2.256,5.96,10.699,77.41,804.083,0.676,12.309,True,43.8,1.0,inspect,401,401
112.0,116.0,114.0,37.1854772,127.1032726,2.668,5.93,13.004,77.41,944.02,0.669,13.081,True,42.4,1.0,inspect,402,402
114.0,118.0,116.0,37.1855113,127.1032341,2.832,5.77,16.458,91.793,1375.555,0.713,15.787,True,40.5,1.0,inspect,402,402
116.0,120.0,118.0,37.1855461,127.1031666,3.029,5.6,14.735,91.793,1305.732,0.6,13.392,True,42.1,1.0,inspect,402,402
118.0,122.0,120.0,37.1855837,127.1030969,3.441,5.56,5.393,31.797,385.963,0.266,4.426,True,84.3,1.0,good,402,402
120.0,124.0,122.0,37.185613,127.1030179,3.681,5.5,5.475,31.797,401.968,0.262,4.258,True,85.7,1.0,good,402,402
122.0,126.0,124.0,37.1856495,127.1029405,3.834,5.41,5.658,42.502,467.357,0.251,4.259,True,85.5,1.0,good,402,402
124.0,128.0,126.0,37.1856786,127.1028606,3.959,5.27,5.271,42.502,428.718,0.22,3.867,True,89.1,1.0,good,402,402
126.0,130.0,128.0,37.1857077,127.1027749,4.059,5.2,6.937,67.615,637.94,0.269,4.989,True,79.2,1.0,fair,402,402
128.0,132.0,130.0,37.1857444,127.1026858,4.107,5.06,11.295,67.615,935.43,0.448,8.047,True,61.3,1.0,caution,402,402
130.0,134.0,132.0,37.1857656,127.1025975,4.207,4.7,12.383,60.768,933.21,0.496,8.654,True,58.0,1.0,caution,402,402
132.0,136.0,134.0,37.1857836,127.1025045,4.256,4.37,9.877,46.228,713.952,0.405,6.838,True,67.2,1.0,caution,402,402
134.0,138.0,136.0,37.1858006,127.1024098,4.181,4.14,9.648,36.358,693.27,0.398,6.776,True,67.3,1.0,caution,402,402
136.0,140.0,138.0,37.1858191,127.102324,4.189,3.93,11.291,55.466,836.811,0.507,7.918,True,62.3,1.0,caution,402,402
138.0,142.0,140.0,37.185844,127.102245,3.876,3.74,12.109,80.972,944.401,0.624,9.036,True,55.7,1.0,caution,402,402
140.0,144.0,142.0,37.185867,127.1021646,3.595,3.57,9.318,80.972,748.466,0.51,7.385,True,65.3,1.0,caution,402,402
142.0,146.0,144.0,37.1858842,127.1020854,3.686,3.42,4.673,19.789,324.635,0.25,3.63,True,91.1,1.0,good,402,402
144.0,148.0,146.0,37.1858945,127.1020055,3.688,3.28,5.296,19.789,341.789,0.242,4.112,True,87.2,1.0,good,402,402
146.0,150.0,148.0,37.1859101,127.101924,3.656,3.16,4.876,21.658,335.03,0.235,3.813,True,89.6,1.0,good,402,402
148.0,152.0,150.0,37.1859306,127.1018478,3.58,3.04,4.783,21.658,338.535,0.27,3.804,True,89.7,1.0,good,401,401
150.0,154.0,152.0,37.1859378,127.1017694,3.502,2.94,6.055,24.938,405.712,0.308,4.901,True,80.0,1.0,fair,401,401
152.0,156.0,154.0,37.1859436,127.1016885,3.53,2.85,5.88,24.938,411.401,0.298,4.729,True,81.9,1.0,fair,402,402
154.0,158.0,156.0,37.1859546,127.1016094,3.629,2.77,6.594,40.238,485.511,0.375,5.187,True,77.3,1.0,fair,402,402
156.0,160.0,158.0,37.185958,127.1015253,3.651,2.69,7.263,41.107,564.479,0.425,5.686,True,73.9,1.0,fair,402,402
158.0,162.0,160.0,37.1859706,127.1014453,3.619,2.62,5.325,41.107,430.496,0.338,4.197,True,86.8,1.0,good,402,402
160.0,164.0,162.0,37.1859764,127.1013704,3.481,2.56,4.546,24.369,335.459,0.263,3.696,True,90.8,1.0,good,402,402
162.0,166.0,164.0,37.1859757,127.1013025,3.124,2.53,8.56,43.628,658.481,0.415,7.59,True,64.4,1.0,caution,402,402
164.0,168.0,166.0,37.1859719,127.101247,2.684,2.48,8.441,43.628,635.361,0.522,8.451,True,59.0,1.0,caution,402,402
166.0,170.0,168.0,37.1859582,127.1011981,2.378,2.43,11.355,83.814,854.693,0.656,12.527,True,43.4,1.0,inspect,402,402
168.0,172.0,170.0,37.1859588,127.1011419,2.393,2.39,13.636,83.814,1055.516,0.658,14.967,True,40.9,1.0,inspect,402,402
170.0,174.0,172.0,37.1859793,127.1010834,2.399,2.35,11.064,61.875,847.427,0.593,12.117,True,44.3,1.0,inspect,402,402
172.0,176.0,174.0,37.1859942,127.1010485,2.001,2.32,8.655,52.067,574.395,0.534,10.962,True,47.9,1.0,inspect,402,402
174.0,178.0,176.0,37.1860205,127.1010327,1.364,2.29,4.708,25.382,304.386,0.293,8.099,False,0,0.35,excluded,402,402
176.0,180.0,178.0,37.1860212,127.1010421,0.587,2.26,0.681,2.668,30.119,0.135,2.301,False,0,0.35,excluded,402,402
178.0,182.0,180.0,37.1860215,127.1010404,0.171,2.23,0.434,2.668,18.799,0.092,3.923,False,0,0.35,excluded,402,402
180.0,184.0,182.0,37.1860186,127.1010422,0.118,2.21,0.321,1.089,10.917,0.079,3.908,False,0,0.35,excluded,402,402
182.0,186.0,184.0,37.1860182,127.1010435,0.033,2.19,0.306,1.109,10.053,0.071,10.395,False,0,0.35,excluded,402,402
184.0,188.0,186.0,37.1860184,127.1010439,0.02,2.17,0.213,1.109,8.293,0.052,10.898,False,0,0.35,excluded,402,402
186.0,190.0,188.0,37.1860184,127.1010436,0.014,2.16,0.132,0.366,3.123,0.031,8.756,False,0,0.35,excluded,402,402
188.0,192.0,190.0,37.1860182,127.1010436,0.038,2.15,0.097,0.331,2.769,0.024,2.922,False,0,0.35,excluded,402,402
190.0,194.0,192.0,37.1860175,127.1010446,0.045,2.14,0.129,0.645,4.836,0.047,3.397,False,0,0.35,excluded,402,402
192.0,196.0,194.0,37.1860161,127.1010443,0.026,2.13,0.144,0.645,6.691,0.047,5.983,False,0,0.35,excluded,402,402
194.0,198.0,196.0,37.1860146,127.1010454,0.021,2.12,0.13,0.598,6.043,0.044,6.336,False,0,0.35,excluded,401,401
196.0,200.0,198.0,37.1860128,127.1010458,0.019,2.11,0.298,1.762,16.041,0.085,15.449,False,0,0.35,excluded,401,401
198.0,202.0,200.0,37.1860124,127.1010457,0.03,2.1,0.305,1.762,16.059,0.08,11.284,False,0,0.35,excluded,402,402
200.0,204.0,202.0,37.1860124,127.1010462,0.035,2.1,0.159,0.591,4.586,0.045,5.148,False,0,0.35,excluded,402,402
202.0,206.0,204.0,37.1860154,127.1010458,0.043,2.09,0.159,0.591,3.836,0.043,4.353,False,0,0.35,excluded,402,402
204.0,208.0,206.0,37.1860175,127.1010461,0.04,2.08,0.123,0.425,4.008,0.025,3.579,False,0,0.35,excluded,402,402
206.0,210.0,208.0,37.1860178,127.1010462,0.014,2.07,0.327,2.303,19.994,0.095,21.952,False,0,0.35,excluded,402,402
208.0,212.0,210.0,37.1860174,127.1010469,0.013,2.07,0.381,2.303,20.953,0.106,26.918,False,0,0.35,excluded,402,402
210.0,214.0,212.0,37.1860178,127.1010472,0.023,2.06,0.24,1.101,8.418,0.072,10.765,False,0,0.35,excluded,402,402
212.0,216.0,214.0,37.1860179,127.1010481,0.025,2.05,0.449,3.166,26.666,0.072,18.764,False,0,0.35,excluded,402,402
214.0,218.0,216.0,37.1860175,127.1010483,0.022,2.05,0.436,3.166,26.425,0.048,20.402,False,0,0.35,excluded,402,402
216.0,220.0,218.0,37.1860168,127.101049,0.01,2.04,0.156,0.77,8.595,0.024,13.28,False,0,0.35,excluded,402,402
218.0,222.0,220.0,37.1860159,127.1010498,0.012,2.04,0.284,1.07,11.935,0.044,20.933,False,0,0.35,excluded,402,402
220.0,224.0,222.0,37.1860176,127.1010495,0.021,2.05,0.348,1.698,16.707,0.05,16.727,False,0,0.35,excluded,402,402
222.0,226.0,224.0,37.1860184,127.1010496,0.02,2.05,0.265,1.698,15.564,0.037,13.216,False,0,0.35,excluded,402,402
224.0,228.0,226.0,37.1860196,127.1010493,0.017,2.05,0.12,0.62,6.854,0.021,7.002,False,0,0.35,excluded,402,402
226.0,230.0,228.0,37.1860208,127.1010486,0.012,2.05,0.073,0.535,4.37,0.012,5.452,False,0,0.35,excluded,402,402
228.0,232.0,230.0,37.1860207,127.1010486,0.003,2.05,0.088,0.384,3.898,0.02,18.889,False,0,0.35,excluded,402,402
230.0,234.0,232.0,37.1860209,127.10105,0.022,2.05,0.184,1.75,11.307,0.031,8.471,False,0,0.35,excluded,402,402
232.0,236.0,234.0,37.1860221,127.1010505,0.033,2.06,0.172,1.75,11.112,0.027,5.865,False,0,0.35,excluded,402,402
234.0,238.0,236.0,37.1860237,127.101049,0.01,2.07,0.171,1.055,7.058,0.027,14.727,False,0,0.35,excluded,402,402
236.0,240.0,238.0,37.1860249,127.1010478,0.017,2.07,0.275,1.055,9.755,0.051,16.017,False,0,0.35,excluded,402,402
238.0,242.0,240.0,37.1860253,127.1010478,0.028,2.07,0.226,0.954,7.541,0.045,8.771,False,0,0.35,excluded,402,402
240.0,244.0,242.0,37.1860249,127.1010474,0.014,2.08,0.058,0.207,2.023,0.013,3.88,False,0,0.35,excluded,401,401
242.0,246.0,244.0,37.1860246,127.1010474,0.007,2.1,0.069,0.294,1.68,0.014,8.248,False,0,0.35,excluded,401,401
244.0,248.0,246.0,37.1860242,127.1010473,0.014,2.11,0.064,0.294,1.599,0.011,4.334,False,0,0.35,excluded,402,402
246.0,250.0,248.0,37.1860242,127.1010473,0.01,2.11,0.037,0.17,1.374,0.004,3.214,False,0,0.35,excluded,402,402
248.0,252.0,250.0,37.1860242,127.1010473,0.0,2.1,1.358,13.768,79.237,0.177,0.0,False,0,0.35,excluded,402,402
250.0,254.0,252.0,37.1860318,127.1010445,0.632,2.09,10.733,119.17,900.158,0.598,34.188,False,0,0.35,excluded,402,402
252.0,256.0,254.0,37.1860752,127.1010293,1.888,2.08,14.377,119.17,1132.283,0.778,19.077,True,40.2,1.0,inspect,402,402
254.0,258.0,256.0,37.1861096,127.10101,2.492,2.08,10.308,88.911,757.682,0.574,10.953,True,48.3,1.0,inspect,402,402
256.0,260.0,258.0,37.1861502,127.1009698,2.612,2.07,4.899,38.461,400.752,0.287,5.013,True,79.1,1.0,fair,402,402
258.0,262.0,260.0,37.1861931,127.100929,2.866,2.06,3.774,20.497,280.653,0.236,3.586,True,92.3,1.0,good,402,402
260.0,264.0,262.0,37.1862475,127.1009033,3.042,2.06,7.214,51.724,542.384,0.384,6.534,True,68.7,1.0,fair,402,402
262.0,266.0,264.0,37.1862933,127.1008709,2.886,2.05,8.908,51.724,628.797,0.607,8.416,True,59.1,1.0,caution,402,402
264.0,268.0,266.0,37.1863179,127.1008489,2.11,2.05,6.071,29.708,372.104,0.635,7.369,True,65.4,1.0,caution,402,402
266.0,270.0,268.0,37.1863202,127.1008235,1.286,2.04,2.617,16.887,156.806,0.432,4.719,False,0,0.35,excluded,402,402
268.0,272.0,270.0,37.1863178,127.1008088,0.649,2.04,0.716,2.933,34.245,0.182,2.231,False,0,0.35,excluded,402,402
270.0,274.0,272.0,37.186317,127.1008121,0.176,2.03,0.316,2.045,13.746,0.077,2.8,False,0,0.35,excluded,402,402
272.0,276.0,274.0,37.1863165,127.1008122,0.083,2.03,0.335,2.485,14.477,0.055,5.397,False,0,0.35,excluded,402,402
274.0,278.0,276.0,37.1863159,127.1008124,0.124,2.05,0.345,2.485,15.279,0.07,4.033,False,0,0.35,excluded,402,402
276.0,280.0,278.0,37.186315,127.1008135,0.131,2.05,0.243,0.84,7.844,0.07,2.714,False,0,0.35,excluded,402,402
278.0,282.0,280.0,37.1863146,127.1008141,0.103,2.04,0.314,0.925,7.758,0.061,4.267,False,0,0.35,excluded,402,402
280.0,284.0,282.0,37.1863155,127.1008141,0.112,2.04,0.351,1.142,12.801,0.076,4.47,False,0,0.35,excluded,402,402
282.0,286.0,284.0,37.186316,127.1008133,0.117,2.04,0.323,1.142,13.494,0.087,3.959,False,0,0.35,excluded,402,402
284.0,288.0,286.0,37.1863164,127.1008139,0.114,2.04,0.247,1.087,9.085,0.067,3.111,False,0,0.35,excluded,402,402
286.0,290.0,288.0,37.1863161,127.1008152,0.121,2.04,0.177,0.893,8.307,0.041,2.114,False,0,0.35,excluded,401,401
288.0,292.0,290.0,37.1863157,127.1008143,0.129,2.03,0.341,2.594,21.8,0.064,3.873,False,0,0.35,excluded,401,401
290.0,294.0,292.0,37.1863155,127.1008143,0.122,2.04,0.424,2.594,23.135,0.08,5.032,False,0,0.35,excluded,402,402
292.0,296.0,294.0,37.1863151,127.1008144,0.113,2.04,0.344,1.312,12.993,0.068,4.35,False,0,0.35,excluded,402,402
294.0,298.0,296.0,37.1863148,127.1008141,0.113,2.03,0.201,0.979,9.57,0.037,2.538,False,0,0.35,excluded,402,402
296.0,300.0,298.0,37.1863136,127.1008144,0.107,2.03,0.072,0.531,4.227,0.012,0.949,False,0,0.35,excluded,402,402
298.0,302.0,300.0,37.1863138,127.1008145,0.077,2.03,0.043,0.334,2.451,0.008,0.743,False,0,0.35,excluded,402,402
300.0,304.0,302.0,37.1863139,127.1008145,0.025,2.03,0.044,0.156,1.539,0.012,1.846,False,0,0.35,excluded,402,402
302.0,306.0,304.0,37.1863135,127.1008134,0.053,2.02,0.193,1.466,10.031,0.028,4.445,False,0,0.35,excluded,402,402
304.0,308.0,306.0,37.1863132,127.1008144,0.053,2.02,0.356,3.485,23.52,0.048,8.193,False,0,0.35,excluded,402,402
306.0,310.0,308.0,37.1863125,127.1008138,0.02,2.03,0.346,3.485,22.795,0.066,17.291,False,0,0.35,excluded,402,402
308.0,312.0,310.0,37.1863125,127.1008123,0.055,2.03,0.21,0.998,9.949,0.057,4.711,False,0,0.35,excluded,402,402
310.0,314.0,312.0,37.1863121,127.1008139,0.06,2.03,0.162,0.844,8.402,0.028,3.396,False,0,0.35,excluded,402,402
312.0,316.0,314.0,37.1863126,127.1008136,0.058,2.03,0.11,0.844,6.285,0.021,2.387,False,0,0.35,excluded,402,402
314.0,318.0,316.0,37.1863127,127.1008142,0.033,2.03,0.057,0.168,2.389,0.013,1.96,False,0,0.35,excluded,402,402
316.0,320.0,318.0,37.1863127,127.1008142,0.015,2.02,0.057,0.168,2.292,0.012,3.655,False,0,0.35,excluded,402,402
318.0,322.0,320.0,37.1863132,127.1008155,0.052,2.02,0.052,0.136,1.859,0.014,1.227,False,0,0.35,excluded,402,402
320.0,324.0,322.0,37.1863131,127.1008157,0.037,2.02,0.077,0.371,3.294,0.016,2.366,False,0,0.35,excluded,402,402
322.0,326.0,324.0,37.1863132,127.1008156,0.046,2.02,0.17,0.936,7.403,0.036,4.375,False,0,0.35,excluded,402,402
324.0,328.0,326.0,37.186313,127.1008155,0.07,2.02,0.173,0.936,7.722,0.038,3.195,False,0,0.35,excluded,402,402
326.0,330.0,328.0,37.1863129,127.1008161,0.048,2.01,0.147,0.815,7.64,0.027,3.717,False,0,0.35,excluded,402,402
328.0,332.0,330.0,37.1863125,127.1008155,0.07,2.01,0.195,0.815,10.943,0.029,3.594,False,0,0.35,excluded,401,401
330.0,334.0,332.0,37.1863125,127.1008154,0.097,2.01,0.201,1.365,11.23,0.024,2.867,False,0,0.35,excluded,401,401
332.0,336.0,334.0,37.1863121,127.1008148,0.096,2.01,0.174,1.365,9.366,0.025,2.502,False,0,0.35,excluded,402,402
334.0,338.0,336.0,37.1863126,127.1008159,0.045,2.01,0.142,0.929,7.702,0.022,3.719,False,0,0.35,excluded,402,402
336.0,340.0,338.0,37.1863126,127.1008159,0.0,2.01,0.098,0.929,5.055,0.009,0.0,False,0,0.35,excluded,402,402
338.0,342.0,340.0,37.1863126,127.1008159,0.0,2.01,0.043,0.283,2.499,0.004,0.0,False,0,0.35,excluded,402,402
340.0,344.0,342.0,37.1863126,127.1008159,0.0,2.01,0.037,0.283,1.957,0.004,0.0,False,0,0.35,excluded,402,402
342.0,346.0,344.0,37.1863126,127.1008159,0.0,2.01,0.027,0.077,1.265,0.004,0.0,False,0,0.35,excluded,402,402
344.0,348.0,346.0,37.1863126,127.1008159,0.0,2.01,0.174,1.25,5.261,0.021,0.0,False,0,0.35,excluded,402,402
346.0,350.0,348.0,37.1863126,127.1008159,0.027,2.0,0.259,1.484,10.895,0.038,10.32,False,0,0.35,excluded,402,402
348.0,352.0,350.0,37.1863135,127.1008136,0.055,2.0,0.195,1.484,9.661,0.033,4.396,False,0,0.35,excluded,402,402
350.0,354.0,352.0,37.1863134,127.1008143,0.028,2.0,0.069,0.485,3.733,0.01,2.654,False,0,0.35,excluded,402,402
352.0,356.0,354.0,37.1863134,127.1008143,0.0,2.0,0.122,1.096,6.293,0.013,0.0,False,0,0.35,excluded,402,402
354.0,358.0,356.0,37.1863134,127.1008143,0.0,2.0,0.249,1.096,7.884,0.06,0.0,False,0,0.35,excluded,402,402
356.0,360.0,358.0,37.1863143,127.1008129,0.06,2.0,0.53,4.002,24.367,0.086,11.144,False,0,0.35,excluded,402,402
358.0,362.0,360.0,37.1863143,127.1008126,0.315,2.0,5.553,70.606,426.888,0.359,30.852,False,0,0.35,excluded,402,402
360.0,364.0,362.0,37.1863207,127.1007805,1.264,2.0,7.02,70.606,554.228,0.489,12.836,False,0,0.35,excluded,402,402
362.0,366.0,364.0,37.1863281,127.1007292,2.236,2.0,4.72,50.605,376.085,0.405,5.47,True,75.6,1.0,fair,402,402
364.0,368.0,366.0,37.1863325,127.1006655,2.705,2.0,9.724,71.278,617.424,0.457,9.676,True,51.8,1.0,inspect,402,402
366.0,370.0,368.0,37.1863413,127.1005977,2.976,2.0,9.937,71.278,640.698,0.497,9.161,True,55.2,1.0,caution,402,402
368.0,372.0,370.0,37.1863472,127.1005289,3.101,2.0,3.877,18.265,284.857,0.381,3.458,True,93.5,1.0,good,401,401
370.0,374.0,372.0,37.1863479,127.1004522,3.324,2.0,9.685,60.982,679.569,0.466,8.172,True,60.6,1.0,caution,401,401
372.0,376.0,374.0,37.1863526,127.1003753,3.431,2.02,11.224,60.982,819.435,0.575,9.235,True,54.9,1.0,caution,402,402
374.0,378.0,376.0,37.1863602,127.1002964,3.439,2.01,12.568,53.004,850.177,0.671,10.321,True,50.2,1.0,inspect,402,402
376.0,380.0,378.0,37.1863814,127.1002286,3.266,2.01,13.833,63.604,984.399,0.669,11.838,True,45.1,1.0,inspect,402,402
378.0,382.0,380.0,37.1864124,127.1001775,2.984,2.01,14.207,82.105,1079.939,0.626,13.067,True,42.5,1.0,inspect,402,402
380.0,384.0,382.0,37.1864448,127.1001224,3.036,2.01,15.731,82.105,1186.778,0.759,14.273,True,41.6,1.0,inspect,402,402
382.0,386.0,384.0,37.1864852,127.1000789,2.807,2.01,11.687,64.01,895.841,0.847,11.289,True,46.8,1.0,inspect,402,402
384.0,388.0,386.0,37.1865227,127.1000982,2.246,2.01,10.575,77.083,842.265,0.751,12.211,True,44.1,1.0,inspect,402,402
386.0,390.0,388.0,37.1865647,127.1001107,2.071,2.02,10.992,77.083,899.618,0.571,13.542,True,41.8,1.0,inspect,402,402
388.0,392.0,390.0,37.1865998,127.1000915,2.136,2.02,7.925,36.566,627.95,0.536,9.524,True,52.8,1.0,inspect,402,402
390.0,394.0,392.0,37.1866383,127.1000663,2.222,2.02,9.582,54.783,786.134,0.56,11.158,True,47.5,1.0,inspect,402,402
392.0,396.0,394.0,37.186682,127.1000409,2.573,2.02,9.503,54.783,784.974,0.493,9.841,True,51.4,1.0,inspect,402,402
394.0,398.0,396.0,37.1867338,127.1000174,2.925,2.01,10.694,72.368,881.619,0.525,9.996,True,50.9,1.0,inspect,402,402
396.0,400.0,398.0,37.186775,127.0999954,2.76,2.01,10.977,72.368,879.631,0.54,10.749,True,48.6,1.0,inspect,402,402
398.0,402.0,400.0,37.186821,127.0999785,2.524,2.01,8.886,45.333,694.843,0.495,9.345,True,53.8,1.0,inspect,402,402
400.0,404.0,402.0,37.186865,127.0999578,2.558,2.01,8.713,34.119,661.83,0.511,9.066,True,55.6,1.0,caution,402,402
402.0,406.0,404.0,37.1869054,127.0999367,2.538,2.01,7.809,26.158,531.561,0.525,8.176,True,60.4,1.0,caution,402,402
404.0,408.0,406.0,37.1869439,127.0999122,2.442,2.01,7.721,41.394,589.717,0.563,8.338,True,59.5,1.0,caution,402,402
406.0,410.0,408.0,37.1869873,127.0998883,2.503,2.01,7.408,41.394,573.518,0.469,7.845,True,62.7,1.0,caution,402,402
408.0,412.0,410.0,37.1870342,127.0998692,2.63,2.01,6.881,39.856,526.838,0.413,7.003,True,66.2,1.0,caution,401,401
410.0,414.0,412.0,37.1870799,127.0998462,2.734,2.01,8.184,53.944,676.579,0.558,8.075,True,61.0,1.0,caution,401,401
412.0,416.0,414.0,37.1871251,127.0998236,2.804,2.01,9.492,54.793,802.181,0.564,9.176,True,55.0,1.0,caution,402,402
414.0,418.0,416.0,37.1871767,127.0997978,2.887,2.01,11.275,56.924,947.433,0.483,10.648,True,49.4,1.0,inspect,402,402
416.0,420.0,418.0,37.1872249,127.0997738,2.89,2.0,11.584,56.924,934.815,0.502,10.933,True,48.4,1.0,inspect,402,402
418.0,422.0,420.0,37.1872669,127.099753,2.743,2.0,9.236,53.835,679.143,0.528,9.089,True,55.5,1.0,caution,402,402
420.0,424.0,422.0,37.1873177,127.0997322,2.754,2.04,8.765,47.646,559.859,0.481,8.596,True,58.3,1.0,caution,402,402
422.0,426.0,424.0,37.1873674,127.0997116,2.901,2.06,10.814,65.992,764.637,0.483,10.174,True,50.6,1.0,inspect,402,402
424.0,428.0,426.0,37.1874219,127.0996905,3.096,2.96,10.555,65.992,814.059,0.485,9.428,True,53.7,1.0,inspect,402,402
426.0,430.0,428.0,37.1874711,127.0996669,3.033,4.06,9.582,58.654,723.503,0.452,8.7,True,57.7,1.0,caution,402,402
428.0,432.0,430.0,37.1875279,127.099646,3.01,5.06,10.378,58.654,759.141,0.463,9.481,True,53.0,1.0,inspect,402,402
430.0,434.0,432.0,37.1875827,127.0996383,3.105,5.95,9.634,50.661,719.016,0.437,8.584,True,58.4,1.0,caution,402,402
432.0,436.0,434.0,37.1876384,127.0996327,3.051,6.76,10.454,53.155,734.22,0.46,9.447,True,53.4,1.0,inspect,402,402
434.0,438.0,436.0,37.1876873,127.0996156,3.054,7.49,14.186,74.268,1148.275,0.545,12.809,True,42.9,1.0,inspect,402,402
436.0,440.0,438.0,37.1877422,127.0995915,3.009,8.15,16.003,74.268,1293.705,0.582,14.622,True,41.1,1.0,inspect,402,402
438.0,442.0,440.0,37.1877907,127.0995675,3.028,8.74,16.007,71.003,1250.381,0.618,14.553,True,41.3,1.0,inspect,402,402
440.0,444.0,442.0,37.1878475,127.0995373,3.148,9.28,16.211,73.718,1362.75,0.649,14.286,True,41.4,1.0,inspect,402,402
442.0,446.0,444.0,37.1878957,127.0995155,3.082,9.76,15.905,73.718,1319.679,0.602,14.256,True,41.7,1.0,inspect,402,402
444.0,448.0,446.0,37.1879475,127.0994939,2.983,10.2,14.56,69.112,1130.514,0.606,13.397,True,42.0,1.0,inspect,402,402
446.0,450.0,448.0,37.1879953,127.0994687,3.058,10.6,11.859,61.159,876.624,0.665,10.696,True,49.1,1.0,inspect,401,401
448.0,452.0,450.0,37.1880343,127.0994566,2.448,10.95,7.778,52.328,469.983,0.675,8.381,True,59.2,1.0,caution,401,401
450.0,454.0,452.0,37.1880593,127.0994517,1.884,11.27,8.688,34.807,627.469,0.646,11.548,True,46.0,1.0,inspect,402,402
452.0,456.0,454.0,37.1880983,127.0994109,2.281,11.56,8.401,34.807,623.187,0.571,9.582,True,52.5,1.0,inspect,402,402
454.0,458.0,456.0,37.1881439,127.0993906,2.765,11.82,10.165,58.993,693.111,0.571,9.937,True,51.0,1.0,inspect,402,402
456.0,460.0,458.0,37.1882042,127.0993722,3.053,12.06,12.965,67.629,1001.386,0.58,11.71,True,45.3,1.0,inspect,402,402
458.0,462.0,460.0,37.1882506,127.0993493,3.008,12.27,11.646,67.629,975.849,0.551,10.644,True,49.5,1.0,inspect,402,402
460.0,464.0,462.0,37.1883027,127.0993244,2.981,12.47,10.135,48.272,770.04,0.499,9.33,True,54.0,1.0,inspect,402,402
462.0,466.0,464.0,37.1883591,127.0992971,3.172,12.64,11.09,47.081,828.123,0.456,9.714,True,51.7,1.0,inspect,402,402
464.0,468.0,466.0,37.188414,127.0992729,3.269,12.8,11.509,47.081,891.579,0.439,9.841,True,51.4,1.0,inspect,402,402
466.0,470.0,468.0,37.1884687,127.099244,3.26,12.94,10.24,41.664,786.276,0.422,8.776,True,56.9,1.0,caution,402,402
468.0,472.0,470.0,37.1885258,127.0992221,3.214,13.07,9.192,42.931,668.779,0.408,7.968,True,62.1,1.0,caution,402,402
470.0,474.0,472.0,37.1885777,127.0991948,3.179,13.18,10.808,56.274,801.963,0.452,9.45,True,53.2,1.0,inspect,402,402
472.0,476.0,474.0,37.1886267,127.0991691,3.068,13.28,11.897,56.274,915.561,0.512,10.704,True,48.8,1.0,inspect,402,402
474.0,478.0,476.0,37.1886834,127.0991484,3.007,13.38,11.33,58.3,857.029,0.513,10.359,True,49.9,1.0,inspect,402,402
476.0,480.0,478.0,37.1887315,127.0991243,2.977,13.46,10.495,58.3,778.35,0.47,9.673,True,51.9,1.0,inspect,402,402
478.0,482.0,480.0,37.1887816,127.0990996,3.032,13.54,9.509,42.033,711.916,0.42,8.637,True,58.1,1.0,caution,402,402
480.0,484.0,482.0,37.1888332,127.099075,3.14,13.61,10.511,47.5,799.464,0.456,9.281,True,54.4,1.0,caution,402,402
482.0,486.0,484.0,37.1888903,127.0990469,3.142,13.67,9.385,47.5,702.467,0.406,8.283,True,59.6,1.0,caution,402,402
484.0,488.0,486.0,37.1889357,127.099018,2.859,13.73,8.513,50.002,611.544,0.33,8.105,True,60.8,1.0,caution,401,401
486.0,490.0,488.0,37.1889844,127.0989973,2.828,13.78,10.785,64.617,927.099,0.385,10.357,True,50.1,1.0,inspect,401,401
488.0,492.0,490.0,37.1890403,127.0989758,3.119,13.82,12.089,64.617,1064.895,0.475,10.735,True,48.7,1.0,inspect,402,402
490.0,494.0,492.0,37.1890939,127.0989534,3.14,13.86,13.513,64.574,1090.102,0.528,11.933,True,44.7,1.0,inspect,402,402
492.0,496.0,494.0,37.189147,127.0989282,3.023,13.9,13.766,64.574,1073.559,0.539,12.533,True,43.3,1.0,inspect,402,402
494.0,498.0,496.0,37.1891982,127.0989048,3.001,13.93,12.518,58.635,1015.128,0.53,11.463,True,46.1,1.0,inspect,402,402
496.0,500.0,498.0,37.1892511,127.0988872,2.964,13.97,12.832,58.635,1035.201,0.582,11.866,True,44.9,1.0,inspect,402,402
498.0,502.0,500.0,37.1893047,127.0988656,2.912,13.99,13.647,76.179,1088.398,0.565,12.801,True,43.0,1.0,inspect,402,402
500.0,504.0,502.0,37.1893552,127.0988473,2.924,14.02,11.994,76.179,938.517,0.478,11.213,True,47.4,1.0,inspect,402,402
502.0,506.0,504.0,37.1894037,127.0988239,2.881,14.04,10.41,67.801,731.076,0.461,9.848,True,51.1,1.0,inspect,402,402
504.0,508.0,506.0,37.1894563,127.0988035,2.87,14.06,12.916,69.518,925.294,0.535,12.256,True,44.0,1.0,inspect,402,402
506.0,510.0,508.0,37.1894987,127.0987851,2.619,14.08,12.253,71.525,862.876,0.532,12.51,True,43.6,1.0,inspect,402,402
508.0,512.0,510.0,37.1895306,127.0987703,1.969,14.09,6.812,71.525,446.952,0.511,8.737,True,57.2,1.0,caution,402,402
510.0,514.0,512.0,37.1895418,127.0987723,1.015,14.11,1.455,5.554,66.154,0.419,3.172,False,0,0.35,excluded,402,402
512.0,516.0,514.0,37.1895435,127.0987708,0.288,14.12,0.9,2.963,29.254,0.266,5.37,False,0,0.35,excluded,402,402
514.0,518.0,516.0,37.1895418,127.0987704,0.092,14.13,1.037,3.835,21.056,0.294,15.44,False,0,0.35,excluded,402,402
516.0,520.0,518.0,37.1895434,127.0987703,0.06,14.15,0.832,3.835,17.929,0.183,17.318,False,0,0.35,excluded,402,402
518.0,522.0,520.0,37.1895418,127.0987692,0.032,14.16,0.628,1.832,29.008,0.153,21.512,False,0,0.35,excluded,402,402
520.0,524.0,522.0,37.1895427,127.0987718,0.02,14.16,0.655,1.971,28.891,0.159,33.654,False,0,0.35,excluded,402,402
522.0,526.0,524.0,37.1895418,127.0987718,0.02,14.17,0.317,1.971,6.224,0.069,16.282,False,0,0.35,excluded,402,402
524.0,528.0,526.0,37.1895418,127.0987718,0.0,14.18,0.157,0.381,3.764,0.052,0.0,False,0,0.35,excluded,401,401
526.0,530.0,528.0,37.1895418,127.0987718,0.0,14.19,0.228,0.672,8.453,0.068,0.0,False,0,0.35,excluded,401,401
528.0,532.0,530.0,37.1895418,127.0987718,0.0,14.19,0.243,0.672,8.905,0.059,0.0,False,0,0.35,excluded,402,402
530.0,534.0,532.0,37.1895418,127.0987718,0.0,14.2,0.175,0.515,4.575,0.048,0.0,False,0,0.35,excluded,402,402
532.0,536.0,534.0,37.1895418,127.0987718,0.0,14.2,0.143,0.373,3.369,0.042,0.0,False,0,0.35,excluded,402,402
534.0,538.0,536.0,37.1895418,127.0987718,0.0,14.21,0.112,0.266,3.028,0.029,0.0,False,0,0.35,excluded,402,402
536.0,540.0,538.0,37.1895418,127.0987718,0.0,14.21,0.102,0.454,3.439,0.025,0.0,False,0,0.35,excluded,402,402
538.0,542.0,540.0,37.1895418,127.0987718,0.0,14.21,0.174,0.56,6.181,0.039,0.0,False,0,0.35,excluded,402,402
540.0,544.0,542.0,37.1895418,127.0987718,0.0,14.22,0.199,0.56,6.383,0.051,0.0,False,0,0.35,excluded,402,402
542.0,546.0,544.0,37.1895418,127.0987718,0.0,14.22,0.151,0.441,4.604,0.042,0.0,False,0,0.35,excluded,402,402
544.0,548.0,546.0,37.1895418,127.0987718,0.0,14.22,0.14,0.422,4.409,0.032,0.0,False,0,0.35,excluded,402,402
546.0,550.0,548.0,37.1895418,127.0987718,0.0,14.22,0.118,0.422,3.61,0.024,0.0,False,0,0.35,excluded,402,402
548.0,552.0,550.0,37.1895418,127.0987718,0.0,14.23,0.146,0.661,4.601,0.019,0.0,False,0,0.35,excluded,402,402
550.0,554.0,552.0,37.1895418,127.0987718,0.0,14.23,0.158,0.661,5.198,0.019,0.0,False,0,0.35,excluded,402,402
552.0,556.0,554.0,37.1895418,127.0987718,0.0,14.23,0.098,0.433,4.047,0.013,0.0,False,0,0.35,excluded,402,402
554.0,558.0,556.0,37.1895418,127.0987718,0.0,14.23,0.194,0.797,4.997,0.053,0.0,False,0,0.35,excluded,402,402
556.0,560.0,558.0,37.1895418,127.0987718,0.0,14.23,0.232,0.797,5.595,0.058,0.0,False,0,0.35,excluded,402,402
558.0,562.0,560.0,37.189541,127.0987696,0.0,14.23,0.295,1.068,13.691,0.074,0.0,False,0,0.35,excluded,402,402
560.0,564.0,562.0,37.1895409,127.0987711,0.045,14.24,0.383,1.561,21.36,0.078,10.056,False,0,0.35,excluded,402,402
562.0,566.0,564.0,37.1895394,127.0987706,0.045,14.24,0.287,1.561,16.788,0.038,7.53,False,0,0.35,excluded,402,402
564.0,568.0,566.0,37.1895394,127.0987706,0.0,14.24,0.279,1.44,10.069,0.089,0.0,False,0,0.35,excluded,402,402
566.0,570.0,568.0,37.1895394,127.0987706,0.0,14.24,0.295,1.44,10.518,0.09,0.0,False,0,0.35,excluded,401,401
568.0,572.0,570.0,37.1895394,127.0987706,0.0,14.24,0.165,0.555,4.937,0.034,0.0,False,0,0.35,excluded,401,401
570.0,574.0,572.0,37.1895394,127.0987706,0.0,14.24,0.153,0.555,4.23,0.033,0.0,False,0,0.35,excluded,402,402
572.0,576.0,574.0,37.1895394,127.0987706,0.0,14.24,0.154,0.391,4.1,0.029,0.0,False,0,0.35,excluded,402,402
574.0,578.0,576.0,37.1895394,127.0987706,0.0,14.24,0.165,0.479,4.278,0.034,0.0,False,0,0.35,excluded,402,402
576.0,580.0,578.0,37.1895394,127.0987706,0.0,14.24,0.168,0.564,4.196,0.035,0.0,False,0,0.35,excluded,402,402
578.0,582.0,580.0,37.1895394,127.0987706,0.0,14.24,0.153,0.564,3.894,0.039,0.0,False,0,0.35,excluded,402,402
580.0,584.0,582.0,37.1895394,127.0987706,0.0,14.24,0.119,0.277,4.083,0.043,0.0,False,0,0.35,excluded,402,402
582.0,586.0,584.0,37.1895394,127.0987706,0.0,14.24,0.134,0.367,4.257,0.04,0.0,False,0,0.35,excluded,402,402
584.0,588.0,586.0,37.1895394,127.0987706,0.0,14.24,0.122,0.367,3.371,0.03,0.0,False,0,0.35,excluded,402,402
586.0,590.0,588.0,37.1895394,127.0987706,0.0,14.24,0.136,0.456,3.119,0.032,0.0,False,0,0.35,excluded,402,402
588.0,592.0,590.0,37.1895394,127.0987706,0.0,14.24,0.184,0.549,3.699,0.035,0.0,False,0,0.35,excluded,402,402
590.0,594.0,592.0,37.1895394,127.0987706,0.0,14.24,0.175,0.549,3.711,0.037,0.0,False,0,0.35,excluded,402,402
592.0,596.0,594.0,37.1895394,127.0987706,0.0,14.24,0.137,0.387,3.542,0.035,0.0,False,0,0.35,excluded,402,402
594.0,598.0,596.0,37.1895394,127.0987706,0.0,14.24,0.135,0.391,3.677,0.03,0.0,False,0,0.35,excluded,402,402
596.0,600.0,598.0,37.1895394,127.0987706,0.0,14.24,0.165,0.425,4.939,0.041,0.0,False,0,0.35,excluded,402,402
598.0,602.0,600.0,37.1895394,127.0987706,0.0,14.24,0.142,0.425,4.622,0.036,0.0,False,0,0.35,excluded,402,402
600.0,604.0,602.0,37.1895394,127.0987706,0.0,14.24,0.1,0.23,3.238,0.028,0.0,False,0,0.35,excluded,402,402
602.0,606.0,604.0,37.1895394,127.0987706,0.0,14.24,0.242,1.2,9.186,0.084,0.0,False,0,0.35,excluded,402,402
604.0,608.0,606.0,37.1895394,127.0987706,0.0,14.24,0.537,2.495,13.758,0.274,0.0,False,0,0.35,excluded,402,402
606.0,610.0,608.0,37.189542,127.0987763,0.04,14.24,0.586,2.495,18.893,0.301,17.023,False,0,0.35,excluded,401,401
608.0,612.0,610.0,37.1895452,127.098777,0.076,14.25,0.338,2.482,15.451,0.149,5.886,False,0,0.35,excluded,401,401
610.0,614.0,612.0,37.1895437,127.0987775,0.036,14.25,0.22,0.963,5.74,0.079,6.98,False,0,0.35,excluded,402,402
612.0,616.0,614.0,37.1895455,127.0987779,0.017,14.25,0.219,0.963,5.722,0.079,12.568,False,0,0.35,excluded,402,402
614.0,618.0,616.0,37.1895453,127.0987779,0.017,14.25,0.111,0.413,5.287,0.02,6.393,False,0,0.35,excluded,402,402
616.0,620.0,618.0,37.1895453,127.0987779,0.0,14.25,0.14,0.601,7.899,0.025,0.0,False,0,0.35,excluded,402,402
618.0,622.0,620.0,37.1895453,127.0987779,0.0,14.25,0.522,2.406,22.165,0.078,0.0,False,0,0.35,excluded,402,402
620.0,624.0,622.0,37.1895453,127.0987779,0.151,14.25,5.158,57.534,426.257,0.599,51.608,False,0,0.35,excluded,402,402
622.0,626.0,624.0,37.1895679,127.098767,0.918,14.25,5.94,57.534,473.11,0.694,14.028,False,0,0.35,excluded,402,402
624.0,628.0,626.0,37.1896085,127.098747,1.971,14.25,3.362,21.581,229.519,0.474,4.31,True,85.3,1.0,good,402,402
626.0,630.0,628.0,37.1896529,127.0987282,2.483,14.25,3.187,19.35,250.177,0.492,3.396,True,93.9,1.0,good,402,402
628.0,632.0,630.0,37.1896968,127.0987075,2.539,14.25,3.296,19.35,260.561,0.473,3.451,True,93.6,1.0,good,402,402
630.0,634.0,632.0,37.1897389,127.0986956,2.444,14.25,6.604,46.763,464.248,0.674,7.127,True,66.0,1.0,caution,402,402
632.0,636.0,634.0,37.1897685,127.0986619,2.273,14.25,7.788,46.763,536.918,0.844,8.906,True,56.3,1.0,caution,402,402
634.0,638.0,636.0,37.1898046,127.0986473,2.139,14.25,10.275,73.958,821.4,0.753,12.338,True,43.7,1.0,inspect,402,402
636.0,640.0,638.0,37.1898519,127.0986737,2.142,14.25,10.887,73.958,857.784,0.669,13.056,True,42.6,1.0,inspect,402,402
638.0,642.0,640.0,37.1898881,127.0986769,2.242,14.25,6.904,27.862,474.594,0.651,7.983,True,61.8,1.0,caution,402,402
640.0,644.0,642.0,37.1899255,127.0986573,2.273,14.25,4.51,19.995,313.395,0.548,5.158,True,77.7,1.0,fair,402,402
642.0,646.0,644.0,37.1899633,127.0986496,2.18,14.25,3.205,9.906,213.188,0.4,3.789,True,90.1,1.0,good,402,402
644.0,648.0,646.0,37.1899993,127.0986381,2.08,14.25,2.937,7.668,202.285,0.426,3.605,True,91.6,1.0,good,402,402
646.0,650.0,648.0,37.1900314,127.0986441,2.023,14.25,3.003,8.483,205.749,0.42,3.769,True,90.4,1.0,good,402,402
648.0,652.0,650.0,37.1900692,127.0986337,2.043,14.25,2.893,8.483,202.818,0.308,3.603,True,91.7,1.0,good,402,402
650.0,654.0,652.0,37.1901055,127.0986253,2.048,14.25,2.885,8.084,203.468,0.331,3.587,True,92.2,1.0,good,401,401
652.0,656.0,654.0,37.1901434,127.0986123,1.999,14.25,3.283,9.015,237.972,0.342,4.161,True,86.9,1.0,good,401,401
654.0,658.0,656.0,37.1901795,127.0986067,2.014,14.25,3.781,9.714,274.601,0.312,4.763,True,81.2,1.0,fair,402,402
656.0,660.0,658.0,37.190217,127.0985973,2.026,14.25,6.235,38.419,435.232,0.414,7.819,True,63.0,1.0,caution,402,402
658.0,662.0,660.0,37.1902449,127.0985752,1.929,14.25,11.598,60.843,826.056,0.518,15.127,True,40.6,1.0,inspect,402,402
660.0,664.0,662.0,37.190282,127.0985573,2.005,14.25,10.395,60.843,739.094,0.44,13.141,True,42.2,1.0,inspect,402,402
662.0,666.0,664.0,37.1903213,127.098546,2.209,14.25,7.707,47.735,533.56,0.359,9.019,True,56.0,1.0,caution,402,402
664.0,668.0,666.0,37.190364,127.0985434,2.311,14.25,7.996,47.735,555.369,0.411,9.024,True,55.9,1.0,caution,402,402
666.0,670.0,668.0,37.190402,127.0985439,2.288,14.25,4.295,15.979,295.786,0.38,4.887,True,80.1,1.0,fair,402,402
668.0,672.0,670.0,37.1904402,127.0985321,2.172,14.25,4.154,15.979,289.148,0.35,4.927,True,79.6,1.0,fair,402,402
670.0,674.0,672.0,37.190478,127.0985182,2.225,14.25,3.516,11.557,236.227,0.303,4.09,True,87.3,1.0,good,402,402
672.0,676.0,674.0,37.190522,127.0985197,2.334,14.25,3.234,11.557,224.977,0.316,3.622,True,91.2,1.0,good,402,402
674.0,678.0,676.0,37.1905665,127.0985186,2.401,14.25,5.334,33.071,403.643,0.435,5.838,True,73.1,1.0,fair,402,402
676.0,680.0,678.0,37.1906063,127.0985153,2.353,14.25,5.461,33.071,401.62,0.517,6.075,True,70.8,1.0,fair,402,402
678.0,682.0,680.0,37.1906474,127.0985181,2.363,14.25,6.732,42.188,416.768,0.477,7.463,True,64.9,1.0,caution,402,402
680.0,684.0,682.0,37.1906939,127.0985065,2.453,14.25,6.641,42.188,420.382,0.374,7.147,True,65.8,1.0,caution,402,402
682.0,686.0,684.0,37.190738,127.0985003,2.436,14.25,3.096,9.36,208.085,0.333,3.35,True,94.2,1.0,good,402,402
684.0,688.0,686.0,37.1907801,127.0984916,2.418,14.25,3.469,11.407,227.156,0.369,3.775,True,90.3,1.0,good,402,402
686.0,690.0,688.0,37.1908232,127.0984895,2.396,14.25,3.894,11.906,256.234,0.398,4.27,True,85.4,1.0,good,402,402
688.0,692.0,690.0,37.1908654,127.0984896,2.248,14.25,3.644,11.906,250.986,0.342,4.205,True,86.5,1.0,good,402,402
690.0,694.0,692.0,37.1909018,127.0984819,2.182,14.25,3.423,18.129,253.366,0.356,4.044,True,87.8,1.0,good,402,402
692.0,696.0,694.0,37.1909442,127.0984806,2.352,14.25,3.565,18.129,250.961,0.405,3.967,True,88.0,1.0,good,402,402
694.0,698.0,696.0,37.1909864,127.0984916,2.41,14.25,4.649,32.08,339.972,0.36,5.074,True,78.8,1.0,fair,401,401
696.0,700.0,698.0,37.1910286,127.0985126,2.418,14.25,4.457,32.08,324.764,0.283,4.852,True,80.8,1.0,fair,401,401
698.0,702.0,700.0,37.19107,127.0985306,2.487,14.25,3.38,13.018,225.227,0.258,3.597,True,92.0,1.0,good,402,402
700.0,704.0,702.0,37.1911159,127.0985395,2.528,14.25,4.434,14.391,303.574,0.297,4.658,True,82.7,1.0,good,402,402
702.0,706.0,704.0,37.1911622,127.0985392,2.571,14.25,4.759,14.391,322.054,0.33,4.932,True,79.5,1.0,fair,402,402
704.0,708.0,706.0,37.1912065,127.098541,2.591,14.25,4.337,16.039,304.588,0.303,4.467,True,83.9,1.0,good,402,402
706.0,710.0,708.0,37.19125,127.0985487,2.458,14.25,4.413,18.909,338.518,0.274,4.74,True,81.8,1.0,fair,402,402
708.0,712.0,710.0,37.1912979,127.098549,2.415,14.25,4.245,18.909,311.184,0.297,4.625,True,83.4,1.0,good,402,402
710.0,714.0,712.0,37.1913426,127.098544,2.598,14.25,4.56,17.904,320.423,0.357,4.686,True,82.3,1.0,good,402,402
712.0,716.0,714.0,37.1913943,127.0985366,2.69,14.25,5.088,30.077,388.855,0.334,5.085,True,78.4,1.0,fair,402,402
714.0,718.0,716.0,37.191442,127.0985433,2.7,14.25,4.485,30.077,332.132,0.231,4.47,True,83.8,1.0,good,402,402
716.0,720.0,718.0,37.1914915,127.0985428,2.734,14.25,3.256,11.537,205.119,0.246,3.213,True,94.6,1.0,good,402,402
718.0,722.0,720.0,37.191541,127.0985466,2.711,14.25,3.108,9.861,220.794,0.291,3.087,True,95.0,1.0,good,402,402
720.0,724.0,722.0,37.1915922,127.0985407,2.7,14.25,3.55,9.861,258.24,0.281,3.537,True,93.0,1.0,good,402,402
722.0,726.0,724.0,37.19164,127.0985434,2.715,14.25,3.61,11.301,266.77,0.216,3.582,True,92.6,1.0,good,402,402
724.0,728.0,726.0,37.1916857,127.0985478,2.617,14.25,4.542,26.551,372.092,0.213,4.641,True,83.0,1.0,good,402,402
726.0,730.0,728.0,37.1917348,127.0985505,2.542,14.25,4.649,26.551,375.743,0.249,4.861,True,80.5,1.0,fair,402,402
728.0,732.0,730.0,37.1917849,127.0985437,2.661,14.25,4.298,23.518,290.892,0.257,4.333,True,84.9,1.0,good,402,402
730.0,734.0,732.0,37.1918335,127.0985443,2.716,14.25,4.174,23.518,279.54,0.267,4.14,True,87.0,1.0,good,402,402
732.0,736.0,734.0,37.1918803,127.0985414,2.676,14.25,5.481,32.85,406.929,0.392,5.501,True,75.4,1.0,fair,402,402
734.0,738.0,736.0,37.191931,127.0985364,2.643,14.25,5.776,32.85,427.59,0.43,5.854,True,72.9,1.0,fair,402,402
736.0,740.0,738.0,37.1919755,127.0985267,2.658,14.25,3.872,15.366,268.498,0.359,3.907,True,88.5,1.0,good,402,402
738.0,742.0,740.0,37.1920245,127.0985227,2.699,14.25,3.528,11.032,247.879,0.323,3.516,True,93.2,1.0,good,401,401
740.0,744.0,742.0,37.192075,127.0985224,2.722,14.25,3.476,12.433,246.392,0.305,3.441,True,93.8,1.0,good,401,401
742.0,746.0,744.0,37.1921266,127.0985212,2.73,14.25,3.608,12.642,256.427,0.301,3.564,True,92.8,1.0,good,402,402
744.0,748.0,746.0,37.1921769,127.0985162,2.737,14.25,3.855,12.642,284.754,0.288,3.8,True,89.9,1.0,good,402,402
746.0,750.0,748.0,37.1922237,127.098516,2.792,14.25,3.819,11.863,280.086,0.279,3.705,True,90.7,1.0,good,402,402
748.0,752.0,750.0,37.192276,127.0985151,2.825,14.25,4.419,16.355,331.389,0.251,4.247,True,86.2,1.0,good,402,402
750.0,754.0,752.0,37.1923319,127.0985121,2.887,14.25,4.568,16.355,340.626,0.259,4.314,True,85.1,1.0,good,402,402
752.0,756.0,754.0,37.1923829,127.0985151,2.898,14.25,4.707,20.649,359.276,0.264,4.432,True,84.2,1.0,good,402,402
754.0,758.0,756.0,37.192434,127.0985144,2.853,14.25,4.559,20.649,347.999,0.278,4.348,True,84.7,1.0,good,402,402
756.0,760.0,758.0,37.1924869,127.0985184,2.749,14.25,3.938,10.046,289.507,0.277,3.868,True,88.8,1.0,good,402,402
758.0,762.0,760.0,37.1925375,127.0985177,2.76,14.25,4.001,13.416,303.457,0.256,3.918,True,88.4,1.0,good,402,402
760.0,764.0,762.0,37.192589,127.0985136,2.855,14.25,3.792,13.416,276.894,0.255,3.614,True,91.3,1.0,good,402,402
762.0,766.0,764.0,37.1926421,127.0985118,2.823,14.25,3.489,12.286,252.987,0.234,3.355,True,94.0,1.0,good,402,402
764.0,768.0,766.0,37.1926945,127.0985113,2.83,14.25,4.049,12.231,292.926,0.26,3.887,True,88.6,1.0,good,402,402
766.0,770.0,768.0,37.1927469,127.0985102,2.873,14.25,4.488,18.468,328.604,0.276,4.255,True,85.8,1.0,good,402,402
768.0,772.0,770.0,37.1927967,127.0985108,2.85,14.25,4.54,18.468,326.864,0.273,4.332,True,85.0,1.0,good,402,402
770.0,774.0,772.0,37.19285,127.098516,2.9,14.25,5.5,22.111,400.411,0.327,5.177,True,77.4,1.0,fair,402,402
772.0,776.0,774.0,37.1929071,127.0985102,3.048,14.25,11.789,64.567,823.258,0.5,10.662,True,49.2,1.0,inspect,402,402
774.0,778.0,776.0,37.1929585,127.0985023,3.005,14.25,12.922,64.567,923.067,0.519,11.821,True,45.2,1.0,inspect,402,402
776.0,780.0,778.0,37.1930158,127.0984997,2.997,14.25,9.788,28.71,730.105,0.411,8.974,True,56.1,1.0,caution,402,402
778.0,782.0,780.0,37.1930683,127.0985027,3.073,14.25,9.481,28.613,682.486,0.452,8.52,True,58.6,1.0,caution,402,402
780.0,784.0,782.0,37.1931195,127.0985059,2.883,14.25,8.601,34.802,637.97,0.597,8.134,True,60.7,1.0,caution,402,402
782.0,786.0,784.0,37.1931683,127.0985194,2.731,14.25,6.79,34.802,499.849,0.548,6.706,True,67.7,1.0,caution,401,401
784.0,788.0,786.0,37.1932195,127.0985138,2.797,14.25,5.861,32.811,425.015,0.393,5.678,True,74.1,1.0,fair,401,401
786.0,790.0,788.0,37.1932762,127.0985123,2.963,14.25,8.878,70.555,714.734,0.418,8.213,True,60.3,1.0,caution,402,402
788.0,792.0,790.0,37.1933305,127.0985037,2.983,14.25,10.472,70.555,847.238,0.402,9.635,True,52.1,1.0,inspect,402,402
790.0,794.0,792.0,37.1933767,127.0984995,2.745,14.25,11.627,95.542,975.932,0.469,11.434,True,46.4,1.0,inspect,402,402
792.0,796.0,794.0,37.1934234,127.0984995,2.603,14.25,10.693,95.542,842.735,0.484,10.971,True,47.8,1.0,inspect,402,402
794.0,798.0,796.0,37.1934708,127.0984948,2.61,14.25,5.841,32.623,415.153,0.406,5.982,True,71.6,1.0,fair,402,402
796.0,800.0,798.0,37.1935188,127.0984993,2.681,14.25,2.687,7.749,179.039,0.361,2.693,True,95.8,1.0,good,402,402
798.0,802.0,800.0,37.1935686,127.098501,2.752,14.25,3.366,19.961,240.366,0.296,3.304,True,94.3,1.0,good,402,402
800.0,804.0,802.0,37.1936204,127.0984957,2.801,14.25,3.4,19.961,245.881,0.275,3.29,True,94.4,1.0,good,402,402
802.0,806.0,804.0,37.1936725,127.0984962,2.842,14.25,3.127,11.096,213.547,0.237,2.991,True,95.3,1.0,good,402,402
804.0,808.0,806.0,37.1937254,127.0985017,2.873,14.25,3.932,16.116,255.797,0.232,3.728,True,90.5,1.0,good,402,402
806.0,810.0,808.0,37.1937788,127.0985133,2.85,14.25,8.114,49.299,558.202,0.388,7.743,True,63.5,1.0,caution,402,402
808.0,812.0,810.0,37.1938314,127.0985139,2.866,14.25,8.2,49.299,575.972,0.423,7.791,True,63.1,1.0,caution,402,402
810.0,814.0,812.0,37.1938836,127.0985117,2.934,14.25,6.399,33.792,504.27,0.388,5.966,True,71.8,1.0,fair,402,402
812.0,816.0,814.0,37.1939308,127.098511,2.81,14.25,6.41,33.792,509.153,0.342,6.187,True,70.0,1.0,fair,402,402
814.0,818.0,816.0,37.1939812,127.0985081,2.692,14.25,5.379,19.217,375.741,0.296,5.372,True,76.4,1.0,fair,402,402
816.0,820.0,818.0,37.1940256,127.0984914,2.672,14.25,6.512,24.764,452.411,0.413,6.545,True,68.5,1.0,fair,402,402
818.0,822.0,820.0,37.1940683,127.0984775,2.542,14.25,10.907,67.826,811.066,0.506,11.406,True,46.5,1.0,inspect,402,402
820.0,824.0,822.0,37.1941153,127.0984807,2.421,14.25,13.633,100.44,1116.898,0.596,14.824,True,41.0,1.0,inspect,402,402
822.0,826.0,824.0,37.1941541,127.0984751,2.331,14.25,9.775,100.44,858.835,0.589,10.958,True,48.2,1.0,inspect,402,402
824.0,828.0,826.0,37.1941992,127.0984945,2.421,14.25,3.308,18.061,246.081,0.408,3.597,True,92.0,1.0,good,402,402
826.0,830.0,828.0,37.1942458,127.0985002,2.629,14.25,4.382,18.061,328.849,0.274,4.46,True,84.1,1.0,good,402,402
828.0,832.0,830.0,37.1942956,127.0985006,2.68,14.25,5.642,24.094,408.64,0.299,5.655,True,74.3,1.0,fair,401,401
830.0,834.0,832.0,37.1943452,127.0985029,2.697,14.25,5.612,24.094,389.658,0.331,5.596,True,75.0,1.0,fair,401,401
832.0,836.0,834.0,37.1943936,127.0984997,2.646,14.25,5.54,33.175,427.294,0.328,5.611,True,74.9,1.0,fair,402,402
834.0,838.0,836.0,37.1944391,127.0984953,2.593,14.25,7.418,42.81,561.731,0.435,7.636,True,64.2,1.0,caution,402,402
836.0,840.0,838.0,37.1944877,127.0984975,2.624,14.25,11.024,60.676,863.133,0.614,11.238,True,47.2,1.0,inspect,402,402
838.0,842.0,840.0,37.1945294,127.0985136,2.523,14.25,10.167,60.676,804.42,0.544,10.696,True,49.1,1.0,inspect,402,402
840.0,844.0,842.0,37.194573,127.0985312,2.345,14.25,4.999,20.053,328.143,0.328,5.577,True,75.2,1.0,fair,402,402
842.0,846.0,844.0,37.1946087,127.0985273,2.133,14.25,6.177,39.234,461.109,0.47,7.432,True,65.0,1.0,caution,402,402
844.0,848.0,846.0,37.1946474,127.0985269,2.04,14.25,6.806,39.234,520.441,0.482,8.488,True,58.8,1.0,caution,402,402
846.0,850.0,848.0,37.1946885,127.0985233,2.282,14.25,6.052,37.066,471.779,0.355,6.9,True,66.9,1.0,caution,402,402
848.0,852.0,850.0,37.1947379,127.09852,2.551,14.25,6.57,40.057,516.494,0.461,6.851,True,67.1,1.0,caution,402,402
850.0,854.0,852.0,37.1947844,127.0985237,2.52,14.25,6.972,40.057,513.89,0.53,7.343,True,65.6,1.0,caution,402,402
852.0,856.0,854.0,37.1948192,127.0985359,2.321,14.25,7.119,27.597,504.535,0.476,8.008,True,61.5,1.0,caution,402,402
854.0,858.0,856.0,37.1948683,127.0985362,2.419,14.25,6.412,21.05,456.999,0.367,6.976,True,66.5,1.0,caution,402,402
856.0,860.0,858.0,37.1949156,127.0985368,2.568,14.25,5.886,23.001,421.554,0.284,6.105,True,70.6,1.0,fair,402,402
858.0,862.0,860.0,37.1949581,127.0985487,2.457,14.25,5.34,23.001,391.99,0.301,5.738,True,73.7,1.0,fair,402,402
860.0,864.0,862.0,37.1949991,127.0985585,2.347,14.25,4.701,24.458,348.902,0.344,5.24,True,77.0,1.0,fair,402,402
862.0,866.0,864.0,37.1950419,127.0985623,2.288,14.25,5.676,41.646,463.565,0.363,6.456,True,69.2,1.0,fair,402,402
864.0,868.0,866.0,37.1950929,127.0985673,2.474,14.25,8.681,69.581,683.259,0.431,9.276,True,54.5,1.0,caution,402,402
866.0,870.0,868.0,37.1951368,127.0985668,2.621,14.25,8.211,69.581,621.92,0.438,8.38,True,59.4,1.0,caution,402,402
868.0,872.0,870.0,37.1951826,127.0985684,2.455,14.25,5.439,20.764,393.397,0.467,5.849,True,73.0,1.0,fair,402,402
870.0,874.0,872.0,37.1952227,127.0985669,2.391,14.25,6.342,35.298,477.278,0.502,6.966,True,66.7,1.0,caution,401,401
872.0,876.0,874.0,37.1952715,127.0985617,2.502,14.25,7.209,35.298,521.324,0.656,7.636,True,64.2,1.0,caution,401,401
874.0,878.0,876.0,37.1953164,127.0985535,2.342,14.25,6.753,30.766,464.933,0.77,7.541,True,64.6,1.0,caution,402,402
876.0,880.0,878.0,37.1953493,127.0985569,2.138,14.25,4.982,21.505,354.482,0.59,5.985,True,71.5,1.0,fair,402,402
878.0,882.0,880.0,37.1953829,127.0985381,2.103,14.25,7.157,59.449,549.112,0.413,8.711,True,57.6,1.0,caution,402,402
880.0,884.0,882.0,37.1954178,127.0985205,2.05,14.25,16.375,89.415,1190.625,0.685,20.343,True,40.1,1.0,inspect,402,402
882.0,886.0,884.0,37.1954539,127.0985055,2.189,14.25,15.765,89.415,1124.562,0.652,18.581,True,40.3,1.0,inspect,402,402
884.0,888.0,886.0,37.1954961,127.0985109,2.367,14.25,9.048,61.213,639.657,0.419,10.018,True,50.7,1.0,inspect,402,402
886.0,890.0,888.0,37.1955467,127.0985123,2.484,14.25,8.302,61.213,597.068,0.451,8.845,True,56.5,1.0,caution,402,402
888.0,892.0,890.0,37.1955846,127.0985179,2.422,14.25,7.305,68.464,592.215,0.434,7.941,True,62.2,1.0,caution,402,402
890.0,894.0,892.0,37.1956279,127.0985225,2.282,14.25,7.686,68.464,618.759,0.42,8.762,True,57.1,1.0,caution,402,402
892.0,896.0,894.0,37.1956697,127.0985221,2.34,14.25,5.252,24.245,387.761,0.34,5.868,True,72.6,1.0,fair,402,402
894.0,898.0,896.0,37.1957153,127.0985239,2.434,14.25,4.542,13.394,327.773,0.295,4.918,True,79.7,1.0,fair,402,402
896.0,900.0,898.0,37.1957567,127.0985269,2.458,14.25,5.26,14.895,381.567,0.29,5.65,True,74.6,1.0,fair,402,402
898.0,902.0,900.0,37.1958052,127.0985198,2.56,14.25,6.697,47.657,553.873,0.318,6.964,True,66.8,1.0,caution,402,402
900.0,904.0,902.0,37.1958592,127.098511,2.739,14.25,6.319,47.657,528.247,0.308,6.225,True,69.8,1.0,fair,402,402
902.0,906.0,904.0,37.1959056,127.0985014,2.726,14.25,4.815,18.306,351.406,0.317,4.762,True,81.4,1.0,fair,402,402
904.0,908.0,906.0,37.1959504,127.098498,2.608,14.25,5.007,24.377,362.64,0.303,5.129,True,78.0,1.0,fair,402,402
906.0,910.0,908.0,37.1960006,127.0984889,2.635,14.25,6.124,27.306,447.232,0.359,6.222,True,69.9,1.0,fair,402,402
908.0,912.0,910.0,37.196049,127.0984839,2.615,14.25,6.207,27.306,443.45,0.463,6.346,True,69.6,1.0,fair,402,402
910.0,914.0,912.0,37.1960921,127.0984729,2.516,14.25,6.297,22.583,443.427,0.437,6.64,True,68.3,1.0,fair,402,402
912.0,916.0,914.0,37.1961392,127.0984647,2.47,14.25,6.253,22.583,456.743,0.346,6.691,True,67.9,1.0,caution,401,401
914.0,918.0,916.0,37.1961838,127.0984762,2.545,14.25,7.68,43.67,612.226,0.367,8.025,True,61.4,1.0,caution,401,401
916.0,920.0,918.0,37.1962373,127.0984745,2.757,14.25,7.844,43.67,634.296,0.402,7.686,True,63.7,1.0,caution,402,402
918.0,922.0,920.0,37.1962879,127.098474,2.858,14.25,6.185,26.381,480.907,0.352,5.889,True,72.3,1.0,fair,402,402
920.0,924.0,922.0,37.196337,127.0984759,2.803,14.25,8.989,62.797,593.434,0.447,8.693,True,57.9,1.0,caution,402,402
922.0,926.0,924.0,37.1963857,127.0984813,2.752,14.25,9.813,62.797,635.786,0.504,9.631,True,52.2,1.0,inspect,402,402
924.0,928.0,926.0,37.1964313,127.0984742,2.656,14.25,7.577,31.706,548.21,0.415,7.65,True,64.0,1.0,caution,402,402
926.0,930.0,928.0,37.1964794,127.0984804,2.658,14.25,7.843,37.739,548.214,0.402,7.914,True,62.6,1.0,caution,402,402
928.0,932.0,930.0,37.1965321,127.0984859,2.742,14.25,9.387,42.313,679.982,0.427,9.239,True,54.8,1.0,caution,402,402
930.0,934.0,932.0,37.1965787,127.0984867,2.694,14.25,9.644,42.313,720.881,0.47,9.627,True,52.3,1.0,inspect,402,402
932.0,936.0,934.0,37.196626,127.0984804,2.567,14.25,9.097,54.167,689.399,0.444,9.44,True,53.6,1.0,inspect,402,402
934.0,938.0,936.0,37.1966677,127.0984761,2.422,14.25,7.154,54.167,601.693,0.38,7.776,True,63.4,1.0,caution,402,402
936.0,940.0,938.0,37.1967105,127.0984741,2.34,14.25,5.444,49.047,433.798,0.585,6.084,True,70.7,1.0,fair,402,402
938.0,942.0,940.0,37.1967507,127.098478,2.251,14.25,5.004,21.318,347.358,0.652,5.768,True,73.3,1.0,fair,402,402
940.0,944.0,942.0,37.1967864,127.0984763,2.103,14.25,6.302,45.027,443.568,0.55,7.671,True,63.8,1.0,caution,402,402
942.0,946.0,944.0,37.1968226,127.0984758,1.963,14.25,6.219,45.027,422.887,0.665,7.998,True,61.7,1.0,caution,402,402
944.0,948.0,946.0,37.1968447,127.0984842,1.518,14.25,3.086,16.235,183.004,0.597,4.873,True,80.3,1.0,fair,402,402
946.0,950.0,948.0,37.1968479,127.0984935,0.678,14.25,1.339,8.163,56.674,0.244,4.031,False,0,0.35,excluded,402,402
948.0,952.0,950.0,37.1968453,127.0984945,0.125,14.25,1.249,6.168,60.616,0.145,14.518,False,0,0.35,excluded,402,402
950.0,954.0,952.0,37.1968443,127.0984974,0.069,14.25,1.223,6.168,59.603,0.133,22.895,False,0,0.35,excluded,402,402
952.0,956.0,954.0,37.196845,127.0984961,0.049,14.25,0.234,1.17,11.22,0.041,5.731,False,0,0.35,excluded,402,402
954.0,958.0,956.0,37.196845,127.0984961,0.0,14.25,0.158,0.856,6.309,0.018,0.0,False,0,0.35,excluded,401,401
956.0,960.0,958.0,37.196845,127.0984961,0.0,14.25,0.063,0.174,1.822,0.012,0.0,False,0,0.35,excluded,401,401
958.0,962.0,960.0,37.196845,127.0984961,0.0,14.25,0.039,0.114,1.553,0.011,0.0,False,0,0.35,excluded,402,402
960.0,964.0,962.0,37.196845,127.0984961,0.0,14.25,0.036,0.105,1.482,0.005,0.0,False,0,0.35,excluded,402,402
962.0,966.0,964.0,37.196845,127.0984961,0.0,14.25,0.039,0.105,1.579,0.005,0.0,False,0,0.35,excluded,402,402
964.0,968.0,966.0,37.196845,127.0984961,0.0,14.25,0.038,0.105,1.572,0.005,0.0,False,0,0.35,excluded,402,402
966.0,970.0,968.0,37.196845,127.0984961,0.0,14.25,0.038,0.091,1.557,0.006,0.0,False,0,0.35,excluded,402,402
968.0,972.0,970.0,37.196845,127.0984961,0.0,14.25,0.114,0.537,4.104,0.026,0.0,False,0,0.35,excluded,402,402
970.0,974.0,972.0,37.196845,127.0984961,0.0,14.25,0.176,0.818,8.614,0.029,0.0,False,0,0.35,excluded,402,402
972.0,976.0,974.0,37.196845,127.0984961,0.0,14.25,0.201,0.818,10.947,0.019,0.0,False,0,0.35,excluded,402,402
974.0,978.0,976.0,37.196845,127.0984961,0.0,14.25,0.218,0.825,10.392,0.018,0.0,False,0,0.35,excluded,402,402
976.0,980.0,978.0,37.196845,127.0984961,0.0,14.25,0.162,0.825,6.889,0.014,0.0,False,0,0.35,excluded,402,402
978.0,982.0,980.0,37.196845,127.0984961,0.0,14.25,0.034,0.089,1.538,0.005,0.0,False,0,0.35,excluded,402,402
980.0,984.0,982.0,37.196845,127.0984961,0.0,14.25,0.049,0.338,2.347,0.007,0.0,False,0,0.35,excluded,402,402
982.0,986.0,984.0,37.196845,127.0984961,0.0,14.25,0.052,0.338,2.275,0.008,0.0,False,0,0.35,excluded,402,402
984.0,988.0,986.0,37.196845,127.0984961,0.0,14.25,0.098,0.5,4.27,0.013,0.0,False,0,0.35,excluded,402,402
986.0,990.0,988.0,37.196845,127.0984961,0.0,14.25,0.106,0.5,5.14,0.012,0.0,False,0,0.35,excluded,402,402
988.0,992.0,990.0,37.196845,127.0984961,0.0,14.25,0.059,0.338,3.356,0.006,0.0,False,0,0.35,excluded,402,402
990.0,994.0,992.0,37.196845,127.0984961,0.0,14.25,0.275,1.271,16.266,0.011,0.0,False,0,0.35,excluded,402,402
992.0,996.0,994.0,37.1968481,127.0985196,0.034,14.25,0.275,1.271,16.248,0.012,9.165,False,0,0.35,excluded,402,402
994.0,998.0,996.0,37.196848,127.0985194,0.034,14.25,0.039,0.092,1.683,0.008,1.315,False,0,0.35,excluded,402,402
996.0,1000.0,998.0,37.196848,127.0985194,0.0,14.25,0.053,0.4,2.304,0.008,0.0,False,0,0.35,excluded,402,402
998.0,1002.0,1000.0,37.196848,127.0985194,0.0,14.25,0.123,1.229,7.746,0.011,0.0,False,0,0.35,excluded,401,401
1000.0,1004.0,1002.0,37.196848,127.0985194,0.0,14.25,0.124,1.229,7.801,0.011,0.0,False,0,0.35,excluded,401,401
1002.0,1006.0,1004.0,37.196848,127.0985194,0.0,14.25,0.057,0.21,2.533,0.007,0.0,False,0,0.35,excluded,402,402
1004.0,1008.0,1006.0,37.196848,127.0985194,0.0,14.25,0.044,0.126,1.914,0.007,0.0,False,0,0.35,excluded,402,402
1006.0,1010.0,1008.0,37.196848,127.0985194,0.0,14.25,0.043,0.126,1.798,0.008,0.0,False,0,0.35,excluded,402,402
1008.0,1012.0,1010.0,37.196848,127.0985194,0.0,14.25,0.04,0.1,1.715,0.005,0.0,False,0,0.35,excluded,402,402
1010.0,1014.0,1012.0,37.196848,127.0985194,0.0,14.25,0.037,0.095,1.528,0.004,0.0,False,0,0.35,excluded,402,402
1012.0,1016.0,1014.0,37.196848,127.0985194,0.0,14.25,0.032,0.082,1.389,0.003,0.0,False,0,0.35,excluded,402,402
1014.0,1018.0,1016.0,37.196848,127.0985194,0.0,14.25,0.042,0.133,1.753,0.007,0.0,False,0,0.35,excluded,402,402
1016.0,1020.0,1018.0,37.196848,127.0985194,0.0,14.25,0.045,0.133,1.884,0.007,0.0,False,0,0.35,excluded,402,402
1018.0,1022.0,1020.0,37.196848,127.0985194,0.0,14.25,0.034,0.119,1.601,0.003,0.0,False,0,0.35,excluded,402,402
1020.0,1024.0,1022.0,37.196848,127.0985194,0.0,14.25,0.477,2.642,17.787,0.065,0.0,False,0,0.35,excluded,402,402
1022.0,1026.0,1024.0,37.196848,127.0985194,0.113,14.25,5.39,53.82,441.025,0.352,67.942,False,0,0.35,excluded,402,402
1024.0,1028.0,1026.0,37.1968548,127.098534,0.894,14.25,5.78,53.82,461.531,0.443,13.948,False,0,0.35,excluded,402,402
1026.0,1030.0,1028.0,37.1968969,127.0985428,1.924,14.25,3.031,11.165,198.19,0.373,3.961,True,88.1,1.0,good,402,402
1028.0,1032.0,1030.0,37.1969478,127.0985408,2.533,14.25,11.145,155.096,943.809,0.47,11.689,True,45.5,1.0,inspect,402,402
1030.0,1034.0,1032.0,37.1969992,127.0985375,2.647,14.25,14.789,155.096,1172.494,0.582,14.972,True,40.7,1.0,inspect,402,402
1032.0,1036.0,1034.0,37.1970311,127.0985388,2.266,14.25,11.137,93.267,800.369,0.515,12.77,True,43.2,1.0,inspect,402,402
1034.0,1038.0,1036.0,37.197069,127.0985552,2.06,14.25,9.106,49.063,660.758,0.436,11.268,True,46.9,1.0,inspect,402,402
1036.0,1040.0,1038.0,37.1971054,127.0985671,2.201,14.25,9.342,49.063,662.824,0.423,10.961,True,48.0,1.0,inspect,402,402
1038.0,1042.0,1040.0,37.1971548,127.0985677,2.462,14.25,6.91,44.164,494.157,0.371,7.412,True,65.2,1.0,caution,402,402
1040.0,1044.0,1042.0,37.1971978,127.0985647,2.562,14.25,6.276,26.387,472.814,0.408,6.522,True,68.9,1.0,fair,402,402
1042.0,1046.0,1044.0,37.1972493,127.0985709,2.671,14.25,5.912,24.63,429.957,0.376,5.943,True,72.0,1.0,fair,401,401
1044.0,1048.0,1046.0,37.1973016,127.0985685,2.885,14.25,5.776,20.644,425.805,0.3,5.459,True,75.7,1.0,fair,401,401
1046.0,1050.0,1048.0,37.1973569,127.0985664,2.89,14.25,6.427,25.482,486.84,0.321,6.065,True,71.0,1.0,fair,402,402
1048.0,1052.0,1050.0,37.1974077,127.0985694,2.837,14.25,6.809,34.059,523.795,0.32,6.522,True,68.9,1.0,fair,402,402
1050.0,1054.0,1052.0,37.1974543,127.0985699,2.613,14.25,6.45,34.059,495.703,0.309,6.597,True,68.4,1.0,fair,402,402
1052.0,1056.0,1054.0,37.1974884,127.0985813,2.304,14.25,5.336,20.669,394.254,0.357,6.036,True,71.1,1.0,fair,402,402
1054.0,1058.0,1056.0,37.1975286,127.0985873,2.197,14.25,6.448,45.011,460.186,0.374,7.578,True,64.5,1.0,caution,402,402
1056.0,1060.0,1058.0,37.1975782,127.0985782,2.425,14.25,9.408,53.48,671.166,0.411,10.218,True,50.3,1.0,inspect,402,402
1058.0,1062.0,1060.0,37.1976293,127.0985822,2.651,14.25,9.633,53.48,688.64,0.469,9.74,True,51.5,1.0,inspect,402,402
1060.0,1064.0,1062.0,37.1976755,127.0985831,2.6,14.25,8.506,30.382,627.334,0.415,8.735,True,57.3,1.0,caution,402,402
1062.0,1066.0,1064.0,37.1977231,127.0985857,2.618,14.25,9.088,52.062,662.733,0.362,9.284,True,54.2,1.0,caution,402,402
1064.0,1068.0,1066.0,37.1977763,127.0985926,2.776,14.25,8.44,52.062,597.651,0.328,8.225,True,60.2,1.0,caution,402,402
1066.0,1070.0,1068.0,37.1978276,127.0985819,2.814,14.25,8.071,47.437,606.423,0.414,7.78,True,63.3,1.0,caution,402,402
1068.0,1072.0,1070.0,37.1978774,127.0985902,2.751,14.25,8.394,52.638,709.492,0.43,8.24,True,60.0,1.0,caution,402,402
1070.0,1074.0,1072.0,37.197929,127.0985819,2.676,14.25,7.166,52.638,610.036,0.337,7.192,True,65.7,1.0,caution,402,402
1072.0,1076.0,1074.0,37.1979768,127.0985839,2.683,14.25,6.138,23.99,447.641,0.294,6.149,True,70.4,1.0,fair,402,402
1074.0,1078.0,1076.0,37.1980234,127.0985848,2.751,14.25,6.119,35.243,469.594,0.324,6.007,True,71.2,1.0,fair,402,402
1076.0,1080.0,1078.0,37.1980766,127.0985728,2.693,14.25,8.736,43.698,657.968,0.426,8.725,True,57.5,1.0,caution,402,402
1078.0,1082.0,1080.0,37.1981221,127.098564,2.497,14.25,8.776,43.698,647.065,0.374,9.311,True,54.1,1.0,caution,402,402
1080.0,1084.0,1082.0,37.1981685,127.0985677,2.429,14.25,7.831,49.231,608.362,0.378,8.493,True,58.7,1.0,caution,402,402
1082.0,1086.0,1084.0,37.1982178,127.0985538,2.475,14.25,7.32,49.231,571.059,0.44,7.82,True,62.9,1.0,caution,402,402
1084.0,1088.0,1086.0,37.1982565,127.0985251,2.273,14.25,4.466,26.519,334.12,0.427,5.109,True,78.3,1.0,fair,402,402
1086.0,1090.0,1088.0,37.1982882,127.0985147,1.831,14.25,3.129,26.519,236.394,0.372,4.254,True,86.1,1.0,good,401,401
1088.0,1092.0,1090.0,37.1983053,127.0985149,1.058,14.25,1.545,8.702,93.676,0.234,3.259,False,0,0.35,excluded,401,401
1090.0,1094.0,1092.0,37.1982999,127.0985145,0.301,14.25,0.54,1.876,20.143,0.137,3.111,False,0,0.35,excluded,402,402
1092.0,1096.0,1094.0,37.1983015,127.0985131,0.04,14.25,0.393,1.064,13.888,0.114,11.5,False,0,0.35,excluded,402,402
1094.0,1098.0,1096.0,37.1983013,127.098513,0.033,14.25,0.411,1.812,13.854,0.097,13.823,False,0,0.35,excluded,402,402
1096.0,1100.0,1098.0,37.1983005,127.098516,0.027,14.25,0.445,1.812,14.679,0.102,17.658,False,0,0.35,excluded,402,402
1098.0,1102.0,1100.0,37.1983018,127.098515,0.019,14.25,0.333,1.283,14.195,0.096,17.174,False,0,0.35,excluded,402,402
1100.0,1104.0,1102.0,37.1983017,127.0985151,0.009,14.25,0.433,2.451,26.392,0.061,39.901,False,0,0.35,excluded,402,402
1102.0,1106.0,1104.0,37.1983013,127.098516,0.0,14.25,0.448,2.451,26.046,0.066,0.0,False,0,0.35,excluded,402,402
1104.0,1108.0,1106.0,37.1983013,127.098516,0.0,14.25,0.292,1.024,11.43,0.054,0.0,False,0,0.35,excluded,402,402
1106.0,1110.0,1108.0,37.1983029,127.0985174,0.013,14.25,0.313,1.012,13.081,0.058,21.684,False,0,0.35,excluded,402,402
1108.0,1112.0,1110.0,37.1983028,127.0985178,0.013,14.25,0.273,1.01,11.384,0.072,18.895,False,0,0.35,excluded,402,402
1110.0,1114.0,1112.0,37.1983028,127.0985178,0.0,14.25,0.201,1.399,9.914,0.05,0.0,False,0,0.35,excluded,402,402
1112.0,1116.0,1114.0,37.1983028,127.0985178,0.0,14.25,0.235,2.477,19.053,0.031,0.0,False,0,0.35,excluded,402,402
1114.0,1118.0,1116.0,37.1983028,127.0985178,0.002,14.25,0.334,2.477,20.826,0.061,125.736,False,0,0.35,excluded,402,402
1116.0,1120.0,1118.0,37.1983073,127.0985194,0.002,14.25,0.277,1.361,11.297,0.056,104.373,False,0,0.35,excluded,402,402
1118.0,1122.0,1120.0,37.1983073,127.0985194,0.0,14.25,0.122,0.549,5.691,0.031,0.0,False,0,0.35,excluded,402,402
1120.0,1124.0,1122.0,37.1983073,127.0985194,0.0,14.25,0.131,0.549,5.117,0.043,0.0,False,0,0.35,excluded,402,402
1122.0,1126.0,1124.0,37.1983073,127.0985194,0.0,14.25,0.112,0.321,3.979,0.034,0.0,False,0,0.35,excluded,402,402
1124.0,1128.0,1126.0,37.1983073,127.0985194,0.0,14.25,0.153,0.532,6.372,0.027,0.0,False,0,0.35,excluded,402,402
1126.0,1130.0,1128.0,37.1983073,127.0985194,0.0,14.25,0.161,0.532,6.508,0.028,0.0,False,0,0.35,excluded,402,402
1128.0,1132.0,1130.0,37.1983073,127.0985194,0.0,14.25,0.147,0.61,5.325,0.038,0.0,False,0,0.35,excluded,401,401
1130.0,1134.0,1132.0,37.1983073,127.0985194,0.0,14.25,0.147,0.61,5.222,0.046,0.0,False,0,0.35,excluded,401,401
1132.0,1136.0,1134.0,37.1983073,127.0985194,0.0,14.25,0.112,0.435,3.543,0.03,0.0,False,0,0.35,excluded,402,402
1134.0,1138.0,1136.0,37.1983073,127.0985194,0.0,14.25,0.126,0.514,3.791,0.021,0.0,False,0,0.35,excluded,402,402
1136.0,1140.0,1138.0,37.1983073,127.0985194,0.0,14.25,0.162,0.535,4.874,0.024,0.0,False,0,0.35,excluded,402,402
1138.0,1142.0,1140.0,37.1983073,127.0985194,0.0,14.25,0.179,0.588,5.118,0.023,0.0,False,0,0.35,excluded,402,402
1140.0,1144.0,1142.0,37.1983073,127.0985194,0.0,14.25,0.173,0.595,4.985,0.03,0.0,False,0,0.35,excluded,402,402
1142.0,1146.0,1144.0,37.1983073,127.0985194,0.0,14.25,0.15,0.595,4.685,0.029,0.0,False,0,0.35,excluded,402,402
1144.0,1148.0,1146.0,37.1983073,127.0985194,0.0,14.25,0.164,0.524,4.338,0.033,0.0,False,0,0.35,excluded,402,402
1146.0,1150.0,1148.0,37.1983073,127.0985194,0.0,14.25,0.277,1.217,11.784,0.045,0.0,False,0,0.35,excluded,402,402
1148.0,1152.0,1150.0,37.1983073,127.0985194,0.015,14.25,0.384,2.162,18.843,0.061,24.334,False,0,0.35,excluded,402,402
1150.0,1154.0,1152.0,37.1983044,127.098524,0.015,14.25,0.401,2.98,21.79,0.065,25.412,False,0,0.35,excluded,402,402
1152.0,1156.0,1154.0,37.1983044,127.098524,0.0,14.25,0.293,2.98,16.67,0.045,0.0,False,0,0.35,excluded,402,402
1154.0,1158.0,1156.0,37.1983057,127.0985241,0.0,14.25,0.333,2.877,18.682,0.039,0.0,False,0,0.35,excluded,402,402
1156.0,1160.0,1158.0,37.1983057,127.0985241,0.005,14.25,0.405,2.877,21.422,0.049,65.843,False,0,0.35,excluded,402,402
1158.0,1162.0,1160.0,37.1983076,127.098525,0.005,14.25,0.284,1.9,12.058,0.048,46.236,False,0,0.35,excluded,402,402
1160.0,1164.0,1162.0,37.1983076,127.098525,0.0,14.25,0.163,0.972,7.793,0.036,0.0,False,0,0.35,excluded,402,402
1162.0,1166.0,1164.0,37.1983076,127.098525,0.0,14.25,0.118,0.972,7.372,0.02,0.0,False,0,0.35,excluded,402,402
1164.0,1168.0,1166.0,37.1983076,127.098525,0.0,14.25,0.041,0.128,1.778,0.009,0.0,False,0,0.35,excluded,402,402
1166.0,1170.0,1168.0,37.1983076,127.098525,0.0,14.25,0.073,0.337,3.885,0.016,0.0,False,0,0.35,excluded,402,402
1168.0,1172.0,1170.0,37.1983076,127.098525,0.0,14.25,0.184,1.217,9.417,0.033,0.0,False,0,0.35,excluded,402,402
1170.0,1174.0,1172.0,37.1983076,127.098525,0.0,14.25,0.36,2.138,19.202,0.047,0.0,False,0,0.35,excluded,402,402
1172.0,1176.0,1174.0,37.198311,127.098525,0.0,14.25,0.324,2.138,17.249,0.04,0.0,False,0,0.35,excluded,402,402
1174.0,1178.0,1176.0,37.1983108,127.0985251,0.0,14.25,0.079,0.261,2.413,0.018,0.0,False,0,0.35,excluded,401,401
1176.0,1180.0,1178.0,37.1983108,127.0985251,0.0,14.25,0.048,0.143,1.663,0.012,0.0,False,0,0.35,excluded,401,401
1178.0,1182.0,1180.0,37.1983108,127.0985251,0.0,14.25,0.097,0.503,2.695,0.012,0.0,False,0,0.35,excluded,402,402
1180.0,1184.0,1182.0,37.1983108,127.0985251,0.0,14.25,0.116,0.503,3.595,0.021,0.0,False,0,0.35,excluded,402,402
1182.0,1186.0,1184.0,37.1983108,127.0985251,0.0,14.25,0.11,0.77,4.416,0.025,0.0,False,0,0.35,excluded,402,402
1184.0,1188.0,1186.0,37.1983108,127.0985251,0.0,14.25,0.149,0.77,6.785,0.022,0.0,False,0,0.35,excluded,402,402
1186.0,1190.0,1188.0,37.1983108,127.0985251,0.0,14.25,0.165,0.989,8.509,0.026,0.0,False,0,0.35,excluded,402,402
1188.0,1192.0,1190.0,37.1983108,127.0985251,0.0,14.25,0.132,0.989,7.203,0.024,0.0,False,0,0.35,excluded,402,402
1190.0,1194.0,1192.0,37.1983108,127.0985251,0.0,14.25,0.075,0.467,3.696,0.011,0.0,False,0,0.35,excluded,402,402
1192.0,1196.0,1194.0,37.1983108,127.0985251,0.0,14.25,0.027,0.093,1.331,0.004,0.0,False,0,0.35,excluded,402,402
1194.0,1198.0,1196.0,37.1983108,127.0985251,0.0,14.25,0.03,0.117,1.345,0.005,0.0,False,0,0.35,excluded,402,402
1196.0,1200.0,1198.0,37.1983108,127.0985251,0.0,14.25,0.038,0.117,1.499,0.006,0.0,False,0,0.35,excluded,402,402
1198.0,1202.0,1200.0,37.1983108,127.0985251,0.0,14.25,0.039,0.109,1.464,0.007,0.0,False,0,0.35,excluded,402,402
1200.0,1204.0,1202.0,37.1983108,127.0985251,0.0,14.25,0.035,0.112,1.591,0.007,0.0,False,0,0.35,excluded,402,402
1202.0,1206.0,1204.0,37.1983108,127.0985251,0.0,14.25,0.041,0.141,1.873,0.008,0.0,False,0,0.35,excluded,402,402
1204.0,1208.0,1206.0,37.1983108,127.0985251,0.0,14.25,0.039,0.141,1.746,0.008,0.0,False,0,0.35,excluded,402,402
1206.0,1210.0,1208.0,37.1983108,127.0985251,0.0,14.25,0.048,0.424,2.52,0.006,0.0,False,0,0.35,excluded,402,402
1208.0,1212.0,1210.0,37.1983108,127.0985251,0.0,14.25,0.062,0.424,3.171,0.009,0.0,False,0,0.35,excluded,402,402
1210.0,1214.0,1212.0,37.1983108,127.0985251,0.0,14.25,0.058,0.23,2.813,0.009,0.0,False,0,0.35,excluded,402,402
1212.0,1216.0,1214.0,37.1983108,127.0985251,0.0,14.25,0.05,0.218,2.69,0.006,0.0,False,0,0.35,excluded,402,402
1214.0,1218.0,1216.0,37.1983108,127.0985251,0.0,14.25,0.052,0.273,2.618,0.009,0.0,False,0,0.35,excluded,402,402
1216.0,1220.0,1218.0,37.1983108,127.0985251,0.0,14.25,0.054,0.273,2.427,0.011,0.0,False,0,0.35,excluded,402,402
1218.0,1222.0,1220.0,37.1983108,127.0985251,0.0,14.25,0.272,1.724,13.124,0.027,0.0,False,0,0.35,excluded,402,402
1220.0,1224.0,1222.0,37.1983108,127.0985251,0.051,14.25,7.565,87.414,675.891,0.459,179.429,False,0,0.35,excluded,401,401
1222.0,1226.0,1224.0,37.1983214,127.0985211,0.799,14.25,8.276,87.414,707.982,0.504,21.848,False,0,0.35,excluded,401,401
1224.0,1228.0,1226.0,37.1983672,127.0985242,1.98,14.25,3.72,44.516,223.324,0.244,4.752,True,81.6,1.0,fair,402,402
1226.0,1230.0,1228.0,37.1984204,127.0985237,2.647,14.25,2.754,16.006,202.31,0.209,2.789,True,95.5,1.0,good,402,402
1228.0,1232.0,1230.0,37.1984759,127.0985214,2.912,14.25,3.384,17.211,236.97,0.253,3.174,True,94.7,1.0,good,402,402
1230.0,1234.0,1232.0,37.1985293,127.098522,2.976,14.25,3.399,17.211,228.841,0.282,3.133,True,94.9,1.0,good,402,402
1232.0,1236.0,1234.0,37.1985844,127.0985208,3.004,14.25,5.232,45.625,357.628,0.301,4.787,True,81.1,1.0,fair,402,402
1234.0,1238.0,1236.0,37.1986402,127.0985174,2.981,14.25,12.586,73.028,1021.517,0.483,11.586,True,45.6,1.0,inspect,402,402
1236.0,1240.0,1238.0,37.1986946,127.0985047,2.886,14.25,12.571,73.028,1021.983,0.476,11.877,True,44.8,1.0,inspect,402,402
1238.0,1242.0,1240.0,37.1987341,127.0985113,2.735,14.25,5.5,21.829,392.014,0.281,5.425,True,76.1,1.0,fair,402,402
1240.0,1244.0,1242.0,37.1987895,127.098509,2.751,14.25,4.63,17.154,337.807,0.278,4.546,True,83.7,1.0,good,402,402
1242.0,1246.0,1244.0,37.198844,127.0985029,2.924,14.25,6.167,42.079,492.233,0.32,5.766,True,73.5,1.0,fair,402,402
1244.0,1248.0,1246.0,37.1988969,127.0985078,2.989,14.25,9.899,81.784,855.471,0.405,9.093,True,55.3,1.0,caution,402,402
1246.0,1250.0,1248.0,37.1989457,127.0985138,2.939,14.25,11.155,88.648,982.203,0.412,10.387,True,49.8,1.0,inspect,402,402
1248.0,1252.0,1250.0,37.1989967,127.0985152,2.848,14.25,8.436,88.648,707.271,0.336,8.055,True,61.1,1.0,caution,402,402
1250.0,1254.0,1252.0,37.1990497,127.0985136,3.002,14.25,10.32,71.487,817.92,0.416,9.447,True,53.4,1.0,inspect,402,402
1252.0,1256.0,1254.0,37.1991073,127.0985011,3.171,14.25,10.869,71.487,855.319,0.49,9.524,True,52.8,1.0,inspect,402,402
1254.0,1258.0,1256.0,37.1991583,127.0984943,2.931,14.25,6.604,21.343,466.775,0.411,6.163,True,70.3,1.0,fair,402,402
1256.0,1260.0,1258.0,37.1991975,127.0984967,2.547,14.25,6.14,32.128,451.21,0.332,6.411,True,69.3,1.0,fair,402,402
1258.0,1262.0,1260.0,37.1992495,127.0984951,2.666,13.79,6.684,32.128,497.139,0.309,6.728,True,67.6,1.0,caution,402,402
1260.0,1264.0,1262.0,37.1993069,127.0984894,3.023,13.22,6.549,21.294,457.302,0.289,5.962,True,71.9,1.0,fair,402,402
1262.0,1266.0,1264.0,37.1993613,127.0984847,2.977,12.71,7.071,30.892,521.769,0.27,6.517,True,69.1,1.0,fair,402,402
1264.0,1268.0,1266.0,37.1994095,127.0984851,2.829,12.25,7.79,30.892,576.349,0.32,7.478,True,64.8,1.0,caution,401,401
1266.0,1270.0,1268.0,37.1994688,127.0984717,2.884,11.84,7.035,28.135,491.628,0.32,6.649,True,68.1,1.0,fair,401,401
1268.0,1272.0,1270.0,37.1995195,127.0984595,2.919,11.46,6.047,21.312,411.963,0.298,5.662,True,74.2,1.0,fair,402,402
1270.0,1274.0,1272.0,37.1995757,127.0984557,2.96,11.13,6.868,26.058,501.818,0.323,6.36,True,69.5,1.0,fair,402,402
1272.0,1276.0,1274.0,37.1996312,127.0984584,3.032,10.82,12.592,76.687,896.629,0.492,11.436,True,46.3,1.0,inspect,402,402
1274.0,1278.0,1276.0,37.1996833,127.0984612,2.983,10.55,11.967,76.687,834.568,0.508,11.011,True,47.6,1.0,inspect,402,402
1276.0,1280.0,1278.0,37.199736,127.0984605,2.93,10.3,4.525,13.579,317.009,0.304,4.224,True,86.4,1.0,good,402,402
1278.0,1282.0,1280.0,37.1997889,127.0984627,2.906,10.08,5.934,32.206,427.73,0.28,5.575,True,75.3,1.0,fair,402,402
1280.0,1284.0,1282.0,37.1998451,127.0984575,2.952,9.88,6.366,32.206,464.467,0.278,5.906,True,72.2,1.0,fair,402,402
1282.0,1286.0,1284.0,37.1998991,127.0984605,3.027,9.69,5.354,20.474,373.081,0.232,4.869,True,80.4,1.0,fair,402,402
1284.0,1288.0,1286.0,37.1999582,127.0984614,3.071,9.53,5.29,17.113,374.648,0.298,4.756,True,81.5,1.0,fair,402,402
1286.0,1290.0,1288.0,37.2000141,127.0984748,3.112,9.38,5.861,20.421,414.292,0.329,5.214,True,77.2,1.0,fair,402,402
1288.0,1292.0,1290.0,37.2000696,127.09849,3.108,9.24,6.335,23.249,436.439,0.286,5.64,True,74.7,1.0,fair,402,402
1290.0,1294.0,1292.0,37.2001277,127.0984945,3.135,9.12,6.055,23.249,432.25,0.262,5.354,True,76.5,1.0,fair,402,402
1292.0,1296.0,1294.0,37.2001843,127.0984954,3.161,9.01,5.97,18.924,429.271,0.281,5.244,True,76.9,1.0,fair,402,402
1294.0,1298.0,1296.0,37.2002427,127.0984925,3.166,8.91,6.079,22.727,425.174,0.289,5.333,True,76.6,1.0,fair,402,402
1296.0,1300.0,1298.0,37.200298,127.0984902,3.134,8.83,11.539,83.174,808.013,0.503,10.207,True,50.5,1.0,inspect,402,402
1298.0,1302.0,1300.0,37.2003494,127.0984847,2.998,8.74,12.272,83.174,870.87,0.513,11.248,True,47.1,1.0,inspect,402,402
1300.0,1304.0,1302.0,37.2004015,127.0984938,2.915,8.67,7.465,37.027,540.988,0.291,6.997,True,66.4,1.0,caution,402,402
1302.0,1306.0,1304.0,37.2004568,127.0984976,3.042,8.61,5.607,33.922,400.564,0.289,5.079,True,78.7,1.0,fair,402,402
1304.0,1308.0,1306.0,37.200516,127.0984954,3.203,8.55,13.312,96.519,1163.696,0.512,11.572,True,45.7,1.0,inspect,402,402
1306.0,1310.0,1308.0,37.2005656,127.0984978,3.088,8.49,13.371,96.519,1166.379,0.496,11.967,True,44.5,1.0,inspect,402,402
1308.0,1312.0,1310.0,37.2006191,127.0985025,2.942,8.45,4.905,18.603,367.208,0.264,4.563,True,83.5,1.0,good,401,401
1310.0,1314.0,1312.0,37.2006746,127.0985017,2.996,8.4,8.988,58.75,651.038,0.45,8.242,True,59.9,1.0,caution,401,401
1312.0,1316.0,1314.0,37.2007289,127.0984999,2.967,8.36,10.03,58.75,699.789,0.484,9.269,True,54.6,1.0,caution,402,402
1314.0,1318.0,1316.0,37.2007805,127.0985055,2.821,8.33,6.425,29.173,431.803,0.366,6.183,True,70.2,1.0,fair,402,402
1316.0,1320.0,1318.0,37.2008256,127.0985105,2.585,8.3,3.949,17.708,289.275,0.395,4.074,True,87.4,1.0,good,402,402
1318.0,1322.0,1320.0,37.2008555,127.0985234,1.894,8.27,2.643,12.401,172.69,0.339,3.497,True,93.4,1.0,good,402,402
1320.0,1324.0,1322.0,37.2008565,127.0985213,0.717,8.24,0.983,3.932,39.375,0.15,2.829,False,0,0.35,excluded,402,402
1322.0,1326.0,1324.0,37.2008583,127.0985188,0.044,8.22,0.178,0.984,8.114,0.022,4.794,False,0,0.35,excluded,402,402
1324.0,1328.0,1326.0,37.2008582,127.0985188,0.006,8.2,0.493,2.252,22.993,0.295,68.963,False,0,0.35,excluded,402,402
1326.0,1330.0,1328.0,37.2008602,127.0985172,0.038,8.18,0.809,2.299,32.247,0.364,24.448,False,0,0.35,excluded,402,402
1328.0,1332.0,1330.0,37.2008607,127.0985157,0.058,8.16,0.899,4.19,31.93,0.307,19.222,False,0,0.35,excluded,402,402
1330.0,1334.0,1332.0,37.2008583,127.098513,0.089,8.14,1.002,4.19,42.262,0.725,15.368,False,0,0.35,excluded,402,402
1332.0,1336.0,1334.0,37.2008681,127.0985104,0.39,8.13,1.269,3.28,58.645,0.758,5.943,False,0,0.35,excluded,402,402
1334.0,1338.0,1336.0,37.2008755,127.0984981,0.419,8.13,1.572,6.287,81.831,0.47,6.954,False,0,0.35,excluded,402,402
1336.0,1340.0,1338.0,37.2008844,127.0984926,0.492,8.13,2.841,14.097,205.504,0.415,11.051,False,0,0.35,excluded,402,402
1338.0,1342.0,1340.0,37.2009125,127.0984714,1.153,8.14,3.185,14.097,230.922,0.409,6.268,False,0,0.35,excluded,402,402
1340.0,1344.0,1342.0,37.2009442,127.098452,1.568,8.13,2.347,10.728,151.629,0.458,3.613,True,91.5,1.0,good,402,402
1342.0,1346.0,1344.0,37.2009836,127.0984328,1.68,8.12,2.079,8.667,123.635,0.491,3.029,True,95.1,1.0,good,402,402
1344.0,1348.0,1346.0,37.2010205,127.0984131,1.62,8.11,1.96,5.67,116.355,0.526,2.94,True,95.4,1.0,good,402,402
1346.0,1350.0,1348.0,37.2010509,127.0983856,1.526,8.1,1.761,6.142,114.881,0.395,2.77,True,95.7,1.0,good,402,402
1348.0,1352.0,1350.0,37.201089,127.0983619,1.674,8.09,5.647,35.217,417.045,0.306,8.248,True,59.8,1.0,caution,401,401
1350.0,1354.0,1352.0,37.2011298,127.0983352,1.833,8.08,5.829,35.217,424.67,0.31,7.917,True,62.5,1.0,caution,401,401
1352.0,1356.0,1354.0,37.2011652,127.0982995,1.665,8.07,2.489,9.719,163.096,0.285,3.651,True,90.9,1.0,good,402,402
1354.0,1358.0,1356.0,37.2011933,127.0982661,1.268,8.06,3.431,22.816,220.377,0.338,6.257,False,0,0.35,excluded,402,402
1356.0,1360.0,1358.0,37.2012111,127.0982289,0.92,8.06,3.604,22.816,225.354,0.358,8.502,False,0,0.35,excluded,402,402
1358.0,1362.0,1360.0,37.2012167,127.0981875,0.519,8.05,2.085,6.706,121.816,0.304,7.776,False,0,0.35,excluded,402,402
1360.0,1364.0,1362.0,37.2012136,127.0981789,0.157,8.05,0.849,2.511,22.497,0.192,8.241,False,0,0.35,excluded,402,402
1362.0,1366.0,1364.0,37.2012121,127.0981788,0.02,8.04,0.383,1.219,14.066,0.112,19.617,False,0,0.35,excluded,402,402
1364.0,1368.0,1366.0,37.201212,127.0981793,0.0,8.04,0.976,4.951,39.7,0.561,0.0,False,0,0.35,excluded,402,402
1366.0,1370.0,1368.0,37.2012166,127.0981721,0.13,8.03,1.831,5.687,81.857,0.809,20.623,False,0,0.35,excluded,402,402
1368.0,1372.0,1370.0,37.2012108,127.0981512,0.258,8.03,2.227,5.687,104.407,1.015,14.526,False,0,0.35,excluded,402,402
1370.0,1374.0,1372.0,37.2012165,127.0981336,0.346,8.03,2.223,6.102,116.467,0.98,11.465,False,0,0.35,excluded,402,402
1372.0,1376.0,1374.0,37.201218,127.0981094,0.436,8.03,2.434,8.161,171.55,0.618,10.438,False,0,0.35,excluded,402,402
1374.0,1378.0,1376.0,37.2012175,127.0980746,0.49,8.02,2.878,11.426,218.498,0.443,11.233,False,0,0.35,excluded,402,402
1376.0,1380.0,1378.0,37.2012221,127.0980341,0.585,8.02,3.189,11.426,222.793,0.389,10.796,False,0,0.35,excluded,402,402
1378.0,1382.0,1380.0,37.2012249,127.0979896,0.671,8.02,3.024,9.853,190.923,0.348,9.176,False,0,0.35,excluded,402,402
1380.0,1384.0,1382.0,37.2012271,127.0979396,0.723,8.02,3.608,19.467,252.254,0.406,10.318,False,0,0.35,excluded,401,401
1382.0,1386.0,1384.0,37.2012313,127.097892,0.626,8.02,7.818,63.517,600.796,0.638,25.096,False,0,0.35,excluded,401,401
1384.0,1388.0,1386.0,37.2012322,127.0978534,0.592,8.01,8.509,63.517,628.406,0.607,28.553,False,0,0.35,excluded,402,402
1386.0,1390.0,1388.0,37.2012359,127.0978014,0.616,8.01,6.427,20.954,433.971,0.436,20.891,False,0,0.35,excluded,402,402
1388.0,1392.0,1390.0,37.201236,127.0977496,0.506,8.01,6.218,20.954,444.195,0.453,23.664,False,0,0.35,excluded,402,402
1390.0,1394.0,1392.0,37.201238,127.0976933,0.429,8.01,5.23,20.558,380.75,0.347,22.686,False,0,0.35,excluded,402,402
1392.0,1396.0,1394.0,37.2012393,127.0976398,0.699,8.01,3.896,14.404,284.692,0.27,11.445,False,0,0.35,excluded,402,402
1394.0,1398.0,1396.0,37.2012408,127.0975588,1.792,8.01,3.372,14.404,228.685,0.337,4.665,True,82.6,1.0,good,402,402
1396.0,1400.0,1398.0,37.2012359,127.0974991,2.528,8.01,3.682,9.621,241.197,0.332,3.867,True,89.1,1.0,good,402,402
1398.0,1402.0,1400.0,37.2012382,127.0974477,2.454,8.01,4.604,17.065,319.736,0.296,4.951,True,79.3,1.0,fair,402,402
1400.0,1404.0,1402.0,37.2012405,127.0973884,2.522,8.01,4.617,17.065,329.719,0.307,4.859,True,80.7,1.0,fair,402,402
1402.0,1406.0,1404.0,37.2012412,127.0973285,2.597,8.01,3.755,13.642,268.249,0.292,3.86,True,89.3,1.0,good,402,402
1404.0,1408.0,1406.0,37.2012433,127.0972726,2.527,8.0,3.61,13.127,274.088,0.261,3.793,True,90.0,1.0,good,402,402
1406.0,1410.0,1408.0,37.201249,127.0972221,2.344,8.0,4.882,15.754,361.305,0.285,5.448,True,75.8,1.0,fair,402,402
1408.0,1412.0,1410.0,37.2012629,127.097176,2.279,8.0,6.984,36.024,485.647,0.411,7.972,True,61.9,1.0,caution,402,402
1410.0,1414.0,1412.0,37.2012898,127.0971254,2.426,8.0,6.531,36.024,440.366,0.466,7.09,True,66.1,1.0,caution,402,402
1412.0,1416.0,1414.0,37.2013049,127.0970738,2.484,8.0,4.382,15.271,295.133,0.425,4.667,True,82.4,1.0,good,402,402
1414.0,1418.0,1416.0,37.2012966,127.0970148,2.421,8.0,4.272,17.229,319.552,0.359,4.645,True,82.8,1.0,good,402,402
1416.0,1420.0,1418.0,37.201289,127.09698,1.845,8.0,3.985,17.229,287.69,0.437,5.384,True,76.2,1.0,fair,402,402
1418.0,1422.0,1420.0,37.2012866,127.0969622,1.284,8.0,4.377,14.93,281.285,0.449,7.906,False,0,0.35,excluded,402,402
1420.0,1424.0,1422.0,37.2012689,127.0969193,1.76,8.0,9.15,55.64,653.324,0.445,12.843,True,42.8,1.0,inspect,402,402
1422.0,1426.0,1424.0,37.2012371,127.0968677,2.413,8.0,9.659,55.64,677.55,0.492,10.532,True,49.6,1.0,inspect,401,401
1424.0,1428.0,1426.0,37.2012305,127.0968099,2.579,8.0,5.684,21.762,361.386,0.406,5.875,True,72.5,1.0,fair,401,401
1426.0,1430.0,1428.0,37.2012385,127.096746,2.652,8.0,4.357,18.401,288.028,0.336,4.404,True,84.5,1.0,good,402,402
1428.0,1432.0,1430.0,37.2012395,127.0966868,2.649,8.0,4.661,20.389,333.573,0.311,4.716,True,82.2,1.0,good,402,402
1430.0,1434.0,1432.0,37.2012339,127.0966244,2.65,8.0,4.848,20.389,365.069,0.34,4.903,True,79.9,1.0,fair,402,402
1432.0,1436.0,1434.0,37.2012312,127.0965629,2.662,8.0,4.341,19.298,296.688,0.396,4.374,True,84.6,1.0,good,402,402
1434.0,1438.0,1436.0,37.2012218,127.0965114,2.379,8.0,4.206,12.082,249.017,0.697,4.638,True,83.1,1.0,good,402,402
1436.0,1440.0,1438.0,37.2011998,127.0964892,1.897,8.0,6.653,27.818,401.664,0.76,8.793,True,56.8,1.0,caution,402,402
1438.0,1442.0,1440.0,37.2011499,127.0964896,1.902,8.0,6.678,27.818,415.506,0.508,8.807,True,56.7,1.0,caution,402,402
1440.0,1444.0,1442.0,37.2011089,127.0965059,2.113,8.0,4.948,19.887,317.688,0.378,5.998,True,71.4,1.0,fair,402,402
1442.0,1446.0,1444.0,37.2010745,127.0965169,1.96,8.0,4.454,19.254,276.912,0.343,5.734,True,73.8,1.0,fair,402,402
1444.0,1448.0,1446.0,37.201039,127.0965188,1.991,8.0,3.766,10.762,242.724,0.297,4.789,True,81.0,1.0,fair,402,402
1446.0,1450.0,1448.0,37.2009969,127.0965115,2.24,8.0,4.983,16.234,351.5,0.287,5.766,True,73.5,1.0,fair,402,402
1448.0,1452.0,1450.0,37.2009483,127.0965015,2.513,8.0,5.548,17.46,425.252,0.334,5.854,True,72.9,1.0,fair,402,402
1450.0,1454.0,1452.0,37.2008981,127.0965012,2.626,8.0,5.545,24.122,418.727,0.324,5.65,True,74.6,1.0,fair,402,402
1452.0,1456.0,1454.0,37.2008497,127.0965077,2.676,8.0,6.713,24.977,494.737,0.384,6.737,True,67.5,1.0,caution,402,402
1454.0,1458.0,1456.0,37.2008002,127.0965029,2.4,8.0,6.095,24.977,454.03,0.431,6.673,True,68.0,1.0,fair,402,402
1456.0,1460.0,1458.0,37.2007712,127.0965191,2.142,8.0,3.221,19.531,230.559,0.358,3.863,True,89.2,1.0,good,402,402
1458.0,1462.0,1460.0,37.2007237,127.0965132,2.291,8.0,2.159,9.197,146.825,0.318,2.454,True,95.9,1.0,good,402,402
1460.0,1464.0,1462.0,37.2006963,127.09646,2.419,8.0,3.728,15.272,265.33,0.346,4.056,True,87.7,1.0,good,401,401
1462.0,1466.0,1464.0,37.2006515,127.0964512,2.632,8.0,4.995,21.548,378.552,0.349,5.08,True,78.5,1.0,fair,401,401
1464.0,1468.0,1466.0,37.2005969,127.0964509,2.825,8.0,12.017,114.015,1029.052,0.549,11.55,True,45.9,1.0,inspect,402,402
1466.0,1470.0,1468.0,37.2005459,127.0964508,2.585,8.0,11.709,114.015,1004.052,0.866,12.082,True,44.4,1.0,inspect,402,402
1468.0,1472.0,1470.0,37.2005353,127.0964474,1.562,8.0,2.755,12.699,182.742,0.74,4.254,True,86.1,1.0,good,402,402
1470.0,1474.0,1472.0,37.2005346,127.0964306,0.517,8.05,1.291,6.305,56.599,0.224,4.829,False,0,0.35,excluded,402,402
1472.0,1476.0,1474.0,37.2005348,127.0964288,0.219,8.1,1.177,7.48,62.072,0.228,8.753,False,0,0.35,excluded,402,402
1474.0,1478.0,1476.0,37.2005359,127.0964286,0.167,8.48,1.594,10.172,98.401,0.273,14.701,False,0,0.35,excluded,402,402
1476.0,1480.0,1478.0,37.200536,127.0964286,0.13,8.47,1.611,10.172,110.311,0.19,18.181,False,0,0.35,excluded,402,402
