seconds_elapsed,latitude,longitude,horizontalAccuracy,speed,score,eligible
-0.173,37.1848896,127.1043303,9.26,0.209,0,False
0.827,37.184883,127.1043371,7.59,0.107,0,False
1.827,37.1848867,127.1043678,5.54,0.209,0,False
2.827,37.1848889,127.1043777,5.29,0.732,0,False
3.827,37.1848963,127.1043886,4.74,0.831,0,False
4.827,37.1849092,127.1043995,4.05,0.17,0,False
6.066,37.1849046,127.1044047,3.67,0.189,0,False
7.066,37.1849035,127.1044049,3.34,0.288,0,False
8.066,37.1849059,127.1044038,3.06,0.139,0,False
9.066,37.1849064,127.1044032,2.79,0.022,0,False
10.066,37.1849064,127.1044032,4.75,0.022,0,False
11.066,37.184908,127.1044029,4.75,0.01,0,False
12.066,37.184908,127.1044029,4.75,0.0,0,False
13.066,37.184908,127.1044029,4.75,0.0,0,False
14.066,37.184908,127.1044029,4.75,0.0,0,False
15.066,37.184908,127.1044029,4.75,0.0,0,False
16.066,37.184908,127.1044029,4.75,0.0,0,False
17.066,37.184908,127.1044029,4.75,0.0,0,False
18.066,37.184908,127.1044029,4.75,0.0,0,False
19.066,37.184908,127.1044029,4.75,0.0,0,False
20.066,37.184908,127.1044029,4.75,0.0,0,False
21.066,37.184908,127.1044029,4.75,0.0,0,False
22.066,37.1849054,127.1043998,4.75,0.047,0,False
23.066,37.1849054,127.1043998,4.75,0.0,0,False
24.066,37.1849054,127.1043998,4.75,0.0,0,False
25.066,37.1849001,127.1044048,4.75,0.104,0,False
26.066,37.1849018,127.1044,4.75,0.054,0,False
27.066,37.184905,127.1043946,4.75,0.115,0,False
28.066,37.1849072,127.1043921,4.75,0.08,0,False
29.066,37.1849058,127.1043929,4.75,0.044,0,False
30.066,37.1848907,127.1043887,6.84,0.024,0,False
31.066,37.1848978,127.1043884,6.47,0.04,0,False
32.066,37.1848981,127.104389,6.53,0.131,0,False
33.066,37.1848927,127.1043799,6.82,0.497,0,False
34.066,37.1848877,127.104377,6.37,0.539,0,False
35.066,37.1848842,127.1043745,6.34,0.533,0,False
36.066,37.1848871,127.1043761,6.16,0.193,0,False
37.066,37.1848842,127.1043792,5.96,0.062,0,False
38.066,37.1848864,127.1043804,5.94,0.013,0,False
39.066,37.1848842,127.1043788,6.09,0.026,0,False
40.066,37.184883,127.1043792,6.18,0.04,0,False
41.066,37.1848833,127.1043721,6.18,0.018,0,False
42.066,37.1848828,127.1043661,6.08,0.278,0,False
43.066,37.1848833,127.1043608,6.08,0.475,0,False
44.066,37.1848769,127.1043518,6.2,0.481,0,False
45.066,37.1848739,127.1043476,6.13,0.512,0,False
46.066,37.1848709,127.1043391,6.02,0.796,0,False
47.066,37.1848655,127.1043299,6.01,0.806,0,False
48.066,37.1848604,127.1043239,6.02,0.639,0,False
49.066,37.1848591,127.1043178,6.09,0.508,0,False
50.066,37.1848677,127.1043207,6.09,0.087,0,False
51.066,37.1848691,127.104325,6.36,0.033,0,False
52.066,37.1848684,127.1043286,6.44,0.062,0,False
53.066,37.1848718,127.1043338,6.61,0.03,0,False
54.066,37.1848739,127.1043377,6.54,0.029,0,False
55.066,37.1848742,127.1043414,6.54,0.045,0,False
56.066,37.1848731,127.1043366,6.64,0.063,0,False
57.066,37.1848689,127.1043333,6.75,0.11,0,False
58.066,37.1848703,127.1043306,6.92,0.009,0,False
59.066,37.1848694,127.1043279,6.92,0.044,0,False
60.066,37.1848614,127.1043205,6.92,0.095,0,False
61.066,37.1848681,127.1043228,6.99,0.024,0,False
62.066,37.184868,127.1043228,6.94,0.0,0,False
63.066,37.1848702,127.1043238,6.99,0.011,0,False
64.066,37.1848798,127.1043305,7.13,0.048,0,False
65.066,37.1848841,127.1043307,7.19,0.106,0,False
66.066,37.1848757,127.1043244,7.22,0.008,0,False
67.066,37.1848718,127.1043223,7.36,0.117,0,False
68.066,37.1848744,127.1043206,7.4,0.139,0,False
69.066,37.1848741,127.1043226,7.35,0.0,0,False
70.066,37.1848728,127.1043222,7.35,0.043,0,False
71.066,37.184869,127.1043212,7.37,0.251,0,False
72.066,37.184862,127.1042978,7.39,1.029,0,False
73.066,37.1848585,127.1042864,7.33,1.267,0,False
74.066,37.1848639,127.1042684,7.24,1.512,0,False
75.066,37.1848604,127.1042438,7.35,1.712,91,True
76.066,37.1848685,127.10422,7.49,1.832,91,True
77.066,37.1848789,127.1041981,7.49,2.092,89,True
78.066,37.1848912,127.1041703,7.38,2.407,89,True
79.066,37.1849092,127.1041498,7.29,2.512,90,True
80.066,37.18492,127.1041239,7.28,2.697,90,True
81.066,37.1849343,127.1041014,7.2,2.66,93,True
82.066,37.1849483,127.104077,7.03,2.619,93,True
83.066,37.1849626,127.1040538,6.97,2.612,92,True
84.066,37.1849784,127.1040344,6.92,2.592,92,True
85.066,37.1849943,127.1040124,6.9,2.633,93,True
86.066,37.1850081,127.1039817,6.89,2.734,93,True
87.066,37.1850262,127.1039561,6.93,2.895,87,True
88.066,37.1850463,127.1039314,7.05,2.845,87,True
89.066,37.1850598,127.1039045,7.07,2.823,81,True
90.066,37.1850757,127.1038702,7.09,3.119,81,True
91.066,37.1850939,127.1038399,7.03,3.181,77,True
92.066,37.1851145,127.1038075,6.92,3.35,77,True
93.066,37.1851295,127.1037712,6.77,3.413,79,True
94.066,37.185142,127.1037323,6.66,3.483,79,True
95.066,37.1851523,127.1037035,6.65,3.37,82,True
96.066,37.1851644,127.1036709,6.61,3.253,82,True
97.066,37.1851829,127.103643,6.54,3.179,78,True
98.066,37.1852036,127.1036173,6.38,3.171,78,True
99.066,37.1852169,127.1035865,6.28,3.173,78,True
100.066,37.185232,127.1035548,6.37,3.232,78,True
101.066,37.1852415,127.1035211,6.43,3.187,79,True
102.066,37.1852561,127.1034906,6.52,3.203,79,True
103.066,37.1852758,127.1034613,6.55,3.286,83,True
104.066,37.1852994,127.1034363,6.49,3.314,83,True
105.066,37.1853266,127.1034146,6.37,3.437,56,True
106.066,37.185351,127.1033952,6.26,3.364,56,True
107.066,37.1853784,127.1033802,6.16,3.364,46,True
108.066,37.1854028,127.1033735,6.07,3.122,46,True
109.066,37.1854292,127.1033622,6.07,3.107,49,True
110.066,37.1854386,127.1033898,6.01,2.209,49,True
111.066,37.1854502,127.103372,5.96,1.951,43,True
112.066,37.185456,127.1033385,5.92,2.11,43,True
113.066,37.1854625,127.1033056,5.96,2.755,45,True
114.066,37.1854772,127.1032726,5.95,2.989,45,True
115.066,37.185494,127.1032455,5.83,2.819,40,True
116.066,37.1855113,127.1032341,5.7,2.567,40,True
117.066,37.1855296,127.1032013,5.62,2.951,43,True
118.066,37.1855461,127.1031666,5.58,3.207,43,True
119.066,37.1855651,127.1031317,5.57,3.392,85,True
120.066,37.1855837,127.1030969,5.56,3.528,85,True
121.066,37.185599,127.1030596,5.51,3.638,86,True
122.066,37.185613,127.1030179,5.42,3.754,86,True
123.066,37.1856327,127.1029803,5.48,3.804,86,True
124.066,37.1856495,127.1029405,5.39,3.839,86,True
125.066,37.1856646,127.1029037,5.28,3.94,89,True
126.066,37.1856786,127.1028606,5.25,4.012,89,True
127.066,37.185694,127.1028204,5.21,4.044,80,True
128.066,37.1857077,127.1027749,5.19,4.08,80,True
129.066,37.1857227,127.1027246,5.14,4.1,62,True
130.066,37.1857444,127.1026858,4.99,4.119,62,True
131.066,37.1857565,127.1026422,4.84,4.128,59,True
132.066,37.1857656,127.1025975,4.56,4.29,59,True
133.066,37.1857763,127.1025497,4.43,4.29,66,True
134.066,37.1857836,127.1025045,4.31,4.161,66,True
135.066,37.1857928,127.1024563,4.19,4.285,68,True
136.066,37.1858006,127.1024098,4.08,4.227,68,True
137.066,37.1858091,127.1023668,3.98,4.05,61,True
138.066,37.1858191,127.102324,3.88,4.015,61,True
139.066,37.1858338,127.1022733,3.79,4.463,53,True
140.066,37.185844,127.102245,3.7,3.552,53,True
141.066,37.1858554,127.1022066,3.61,3.474,66,True
142.066,37.185867,127.1021646,3.53,3.703,66,True
143.066,37.1858775,127.1021276,3.46,3.649,92,True
144.066,37.1858842,127.1020854,3.38,3.739,92,True
145.066,37.185888,127.1020461,3.31,3.652,87,True
146.066,37.1858945,127.1020055,3.25,3.654,87,True
147.066,37.1859021,127.1019633,3.19,3.707,89,True
148.066,37.1859101,127.101924,3.13,3.644,89,True
149.066,37.1859213,127.1018862,3.07,3.62,90,True
150.066,37.1859306,127.1018478,3.02,3.579,90,True
151.066,37.1859357,127.1018095,2.97,3.476,80,True
152.066,37.1859378,127.1017694,2.92,3.485,80,True
153.066,37.1859398,127.1017302,2.87,3.468,83,True
154.066,37.1859436,127.1016885,2.83,3.628,83,True
155.066,37.1859502,127.1016504,2.79,3.539,78,True
156.066,37.1859546,127.1016094,2.75,3.618,78,True
157.066,37.1859562,127.1015667,2.71,3.73,76,True
158.066,37.185958,127.1015253,2.67,3.692,76,True
159.066,37.185962,127.1014863,2.64,3.564,87,True
160.066,37.1859706,127.1014453,2.61,3.658,87,True
161.066,37.1859746,127.1014072,2.58,3.564,91,True
162.066,37.1859764,127.1013704,2.55,3.42,91,True
163.066,37.185977,127.1013348,2.54,3.284,64,True
164.066,37.1859757,127.1013025,2.51,3.037,64,True
165.066,37.1859737,127.1012738,2.49,2.756,57,True
166.066,37.1859719,127.101247,2.46,2.553,57,True
167.066,37.1859661,127.1012221,2.44,2.392,43,True
168.066,37.1859582,127.1011981,2.42,2.271,43,True
169.066,37.1859547,127.1011709,2.4,2.294,41,True
170.066,37.1859588,127.1011419,2.38,2.407,41,True
171.066,37.1859686,127.1011118,2.36,2.599,47,True
172.066,37.1859793,127.1010834,2.34,2.626,47,True
173.066,37.185985,127.1010673,2.32,1.966,46,True
174.066,37.1859942,127.1010485,2.31,1.882,46,True
175.066,37.1860073,127.1010401,2.29,1.528,0,False
176.066,37.1860205,127.1010327,2.28,1.456,0,False
177.066,37.1860245,127.1010393,2.26,0.591,0,False
178.066,37.1860212,127.1010421,2.25,0.092,0,False
179.066,37.1860212,127.1010407,2.24,0.21,0,False
180.066,37.1860215,127.1010404,2.23,0.196,0,False
181.066,37.1860213,127.1010414,2.22,0.188,0,False
182.066,37.1860186,127.1010422,2.2,0.026,0,False
183.066,37.1860197,127.1010427,2.19,0.064,0,False
184.066,37.1860182,127.1010435,2.18,0.007,0,False
185.066,37.1860185,127.1010432,2.18,0.034,0,False
186.066,37.1860184,127.1010439,2.17,0.018,0,False
187.066,37.1860188,127.1010433,2.16,0.02,0,False
188.066,37.1860184,127.1010436,2.15,0.011,0,False
189.066,37.186018,127.1010441,2.16,0.009,0,False
190.066,37.1860182,127.1010436,2.15,0.102,0,False
191.066,37.1860181,127.1010444,2.15,0.029,0,False
192.066,37.1860175,127.1010446,2.14,0.018,0,False
193.066,37.1860167,127.1010444,2.13,0.03,0,False
194.066,37.1860161,127.1010443,2.13,0.031,0,False
195.066,37.1860148,127.1010454,2.12,0.023,0,False
196.066,37.1860146,127.1010454,2.12,0.03,0,False
197.066,37.1860137,127.1010453,2.11,0.0,0,False
198.066,37.1860128,127.1010458,2.1,0.008,0,False
199.066,37.1860126,127.1010457,2.1,0.04,0,False
200.066,37.1860124,127.1010457,2.09,0.027,0,False
201.066,37.1860129,127.1010458,2.1,0.044,0,False
202.066,37.1860124,127.1010462,2.1,0.008,0,False
203.066,37.1860138,127.1010461,2.09,0.061,0,False
204.066,37.1860154,127.1010458,2.09,0.062,0,False
205.066,37.1860164,127.1010459,2.08,0.041,0,False
206.066,37.1860175,127.1010461,2.08,0.056,0,False
207.066,37.1860178,127.1010462,2.08,0.0,0,False
208.066,37.1860178,127.1010462,2.07,0.0,0,False
209.066,37.1860178,127.1010462,2.07,0.0,0,False
210.066,37.1860174,127.1010469,2.06,0.024,0,False
211.066,37.1860177,127.1010472,2.06,0.029,0,False
212.066,37.1860178,127.1010472,2.06,0.023,0,False
213.066,37.1860181,127.1010473,2.06,0.018,0,False
214.066,37.1860179,127.1010481,2.05,0.03,0,False
215.066,37.186018,127.1010477,2.05,0.031,0,False
216.066,37.1860175,127.1010483,2.05,0.014,0,False
217.066,37.1860178,127.1010486,2.05,0.013,0,False
218.066,37.1860168,127.101049,2.04,0.015,0,False
219.066,37.1860167,127.101049,2.04,0.0,0,False
220.066,37.1860159,127.1010498,2.05,0.011,0,False
221.066,37.1860167,127.1010499,2.06,0.024,0,False
222.066,37.1860176,127.1010495,2.05,0.038,0,False
223.066,37.1860181,127.1010497,2.06,0.012,0,False
224.066,37.1860184,127.1010496,2.06,0.022,0,False
225.066,37.1860193,127.1010493,2.05,0.009,0,False
226.066,37.1860196,127.1010493,2.05,0.006,0,False
227.066,37.1860205,127.1010489,2.05,0.03,0,False
228.066,37.1860208,127.1010486,2.05,0.013,0,False
229.066,37.1860207,127.1010486,2.04,0.0,0,False
230.066,37.1860207,127.1010486,2.04,0.0,0,False
231.066,37.1860207,127.1010486,2.05,0.0,0,False
232.066,37.1860209,127.10105,2.05,0.026,0,False
233.066,37.1860221,127.1010507,2.05,0.063,0,False
234.066,37.1860221,127.1010505,2.08,0.017,0,False
235.066,37.1860229,127.1010499,2.08,0.025,0,False
236.066,37.1860237,127.101049,2.07,0.0,0,False
237.066,37.1860237,127.101049,2.07,0.0,0,False
238.066,37.1860249,127.1010478,2.07,0.026,0,False
239.066,37.1860251,127.1010477,2.06,0.041,0,False
240.066,37.1860253,127.1010478,2.09,0.019,0,False
241.066,37.1860254,127.1010472,2.08,0.025,0,False
242.066,37.1860249,127.1010474,2.08,0.012,0,False
243.066,37.1860246,127.1010474,2.11,0.0,0,False
244.066,37.1860246,127.1010474,2.11,0.0,0,False
245.066,37.1860233,127.101048,2.1,0.015,0,False
246.066,37.1860242,127.1010473,2.12,0.04,0,False
247.066,37.1860242,127.1010473,2.12,0.0,0,False
248.066,37.1860242,127.1010473,2.11,0.0,0,False
249.066,37.1860242,127.1010473,2.11,0.0,0,False
250.066,37.1860242,127.1010473,2.1,0.0,0,False
251.066,37.1860242,127.1010473,2.1,0.0,0,False
252.066,37.1860318,127.1010445,2.09,0.753,0,False
253.066,37.1860498,127.1010401,2.09,1.774,41,True
254.066,37.1860752,127.1010293,2.08,2.673,41,True
255.066,37.1860926,127.1010206,2.08,2.351,44,True
256.066,37.1861096,127.10101,2.07,2.2,44,True
257.066,37.1861333,127.1009916,2.07,2.743,80,True
258.066,37.1861502,127.1009698,2.07,2.695,80,True
259.066,37.18617,127.100948,2.06,2.81,93,True
260.066,37.1861931,127.100929,2.06,2.952,93,True
261.066,37.1862186,127.1009151,2.06,3.006,70,True
262.066,37.1862475,127.1009033,2.05,3.162,70,True
263.066,37.186272,127.1008873,2.05,3.049,60,True
264.066,37.1862933,127.1008709,2.05,2.896,60,True
265.066,37.1863095,127.1008591,2.05,2.437,61,True
266.066,37.1863179,127.1008489,2.04,1.82,61,True
267.066,37.1863211,127.100838,2.04,1.287,0,False
268.066,37.1863202,127.1008235,2.04,1.073,0,False
269.066,37.1863189,127.1008117,2.04,0.966,0,False
270.066,37.1863178,127.1008088,2.04,0.497,0,False
271.066,37.1863172,127.1008112,2.03,0.06,0,False
272.066,37.186317,127.1008121,2.03,0.0,0,False
273.066,37.1863168,127.1008109,2.03,0.145,0,False
274.066,37.1863165,127.1008122,2.03,0.064,0,False
275.066,37.1863161,127.1008122,2.05,0.124,0,False
276.066,37.1863159,127.1008124,2.05,0.153,0,False
277.066,37.1863155,127.1008127,2.05,0.156,0,False
278.066,37.186315,127.1008135,2.05,0.105,0,False
279.066,37.1863144,127.1008134,2.04,0.112,0,False
280.066,37.1863146,127.1008141,2.04,0.081,0,False
281.066,37.1863148,127.100814,2.04,0.116,0,False
282.066,37.1863155,127.1008141,2.04,0.118,0,False
283.066,37.1863158,127.1008133,2.04,0.132,0,False
284.066,37.186316,127.1008133,2.03,0.119,0,False
285.066,37.1863162,127.1008138,2.04,0.1,0,False
286.066,37.1863164,127.1008139,2.04,0.12,0,False
287.066,37.1863165,127.1008146,2.04,0.115,0,False
288.066,37.1863161,127.1008152,2.04,0.117,0,False
289.066,37.186316,127.1008152,2.04,0.132,0,False
290.066,37.1863157,127.1008143,2.03,0.147,0,False
291.066,37.1863154,127.1008144,2.03,0.119,0,False
292.066,37.1863155,127.1008143,2.04,0.088,0,False
293.066,37.1863153,127.1008143,2.04,0.134,0,False
294.066,37.1863151,127.1008144,2.04,0.123,0,False
295.066,37.186315,127.1008145,2.03,0.106,0,False
296.066,37.1863148,127.1008141,2.03,0.111,0,False
297.066,37.1863143,127.1008145,2.03,0.111,0,False
298.066,37.1863136,127.1008144,2.03,0.104,0,False
299.066,37.1863138,127.1008138,2.03,0.103,0,False
300.066,37.1863138,127.1008145,2.03,0.0,0,False
301.066,37.1863139,127.1008138,2.03,0.1,0,False
302.066,37.1863139,127.1008145,2.02,0.0,0,False
303.066,37.1863139,127.1008145,2.02,0.0,0,False
304.066,37.1863135,127.1008134,2.02,0.12,0,False
305.066,37.1863132,127.1008138,2.02,0.093,0,False
306.066,37.1863132,127.1008144,2.02,0.0,0,False
307.066,37.1863132,127.1008144,2.02,0.0,0,False
308.066,37.1863125,127.1008138,2.04,0.0,0,False
309.066,37.1863122,127.1008129,2.04,0.081,0,False
310.066,37.1863125,127.1008123,2.03,0.089,0,False
311.066,37.1863126,127.1008134,2.03,0.05,0,False
312.066,37.1863121,127.1008139,2.03,0.041,0,False
313.066,37.1863127,127.1008135,2.03,0.06,0,False
314.066,37.1863126,127.1008136,2.03,0.049,0,False
315.066,37.1863126,127.1008135,2.03,0.081,0,False
316.066,37.1863127,127.1008142,2.02,0.0,0,False
317.066,37.1863127,127.1008142,2.02,0.0,0,False
318.066,37.1863127,127.1008142,2.02,0.0,0,False
319.066,37.186313,127.1008149,2.02,0.059,0,False
320.066,37.1863132,127.1008155,2.02,0.053,0,False
321.066,37.1863132,127.1008151,2.02,0.097,0,False
322.066,37.1863131,127.1008157,2.02,0.0,0,False
323.066,37.1863131,127.1008157,2.02,0.0,0,False
324.066,37.1863132,127.1008156,2.02,0.088,0,False
325.066,37.1863127,127.1008156,2.02,0.097,0,False
326.066,37.186313,127.1008155,2.01,0.096,0,False
327.066,37.1863129,127.1008161,2.01,0.0,0,False
328.066,37.1863129,127.1008161,2.01,0.0,0,False
329.066,37.1863127,127.1008157,2.01,0.094,0,False
330.066,37.1863125,127.1008155,2.01,0.102,0,False
331.066,37.1863126,127.1008157,2.01,0.085,0,False
332.066,37.1863125,127.1008154,2.01,0.094,0,False
333.066,37.1863122,127.1008148,2.01,0.108,0,False
334.066,37.1863121,127.1008148,2.01,0.097,0,False
335.066,37.1863125,127.1008153,2.01,0.085,0,False
336.066,37.1863126,127.1008159,2.01,0.0,0,False
337.066,37.1863126,127.1008159,2.01,0.0,0,False
338.066,37.1863126,127.1008159,2.01,0.0,0,False
339.066,37.1863126,127.1008159,2.01,0.0,0,False
340.066,37.1863126,127.1008159,2.01,0.0,0,False
341.066,37.1863126,127.1008159,2.01,0.0,0,False
342.066,37.1863126,127.1008159,2.01,0.0,0,False
343.066,37.1863126,127.1008159,2.01,0.0,0,False
344.066,37.1863126,127.1008159,2.01,0.0,0,False
345.066,37.1863126,127.1008159,2.01,0.0,0,False
346.066,37.1863126,127.1008159,2.01,0.0,0,False
347.066,37.1863126,127.1008159,2.01,0.0,0,False
348.066,37.1863126,127.1008159,2.0,0.0,0,False
349.066,37.1863134,127.1008136,2.0,0.107,0,False
350.066,37.1863135,127.1008136,2.0,0.111,0,False
351.066,37.1863134,127.1008143,2.0,0.0,0,False
352.066,37.1863134,127.1008143,2.0,0.0,0,False
353.066,37.1863134,127.1008143,2.0,0.0,0,False
354.066,37.1863134,127.1008143,2.0,0.0,0,False
355.066,37.1863134,127.1008143,2.0,0.0,0,False
356.066,37.1863134,127.1008143,2.0,0.0,0,False
357.066,37.1863134,127.1008143,2.0,0.0,0,False
358.066,37.1863143,127.1008129,2.0,0.124,0,False
359.066,37.1863144,127.100813,2.0,0.115,0,False
360.066,37.1863143,127.1008126,2.0,0.146,0,False
361.066,37.1863162,127.1008026,2.0,0.876,51,True
362.066,37.1863207,127.1007805,2.0,1.776,51,True
363.066,37.1863262,127.1007551,2.0,2.259,77,True
364.066,37.1863281,127.1007292,2.0,2.321,77,True
365.066,37.1863298,127.1006985,2.0,2.586,54,True
366.066,37.1863325,127.1006655,2.0,2.869,54,True
367.066,37.186336,127.100631,2.0,3.045,56,True
368.066,37.1863413,127.1005977,2.0,3.005,56,True
369.066,37.1863461,127.100565,2.0,2.985,94,True
370.066,37.1863472,127.1005289,2.0,3.125,94,True
371.066,37.186347,127.1004912,2.0,3.291,62,True
372.066,37.1863479,127.1004522,2.0,3.428,62,True
373.066,37.1863505,127.1004133,2.02,3.454,55,True
374.066,37.1863526,127.1003753,2.02,3.411,55,True
375.066,37.1863557,127.1003361,2.02,3.43,50,True
376.066,37.1863602,127.1002964,2.01,3.515,50,True
377.066,37.1863707,127.1002605,2.01,3.398,44,True
378.066,37.1863814,127.1002286,2.01,3.162,44,True
379.066,37.1863989,127.1002031,2.01,2.988,42,True
380.066,37.1864124,127.1001775,2.01,2.879,42,True
381.066,37.1864293,127.1001527,2.01,2.908,41,True
382.066,37.1864448,127.1001224,2.01,3.056,41,True
383.066,37.1864652,127.1000912,2.01,3.298,46,True
384.066,37.1864852,127.1000789,2.01,2.687,46,True
385.066,37.1865071,127.1000841,2.01,2.188,42,True
386.066,37.1865227,127.1000982,2.01,1.862,42,True
387.066,37.1865458,127.10011,2.02,2.246,42,True
388.066,37.1865647,127.1001107,2.02,2.159,42,True
389.066,37.1865821,127.1001032,2.02,2.017,52,True
390.066,37.1865998,127.1000915,2.02,2.072,52,True
391.066,37.1866193,127.1000783,2.02,2.298,50,True
392.066,37.1866383,127.1000663,2.02,2.378,50,True
393.066,37.1866533,127.1000577,2.02,2.141,55,True
394.066,37.186682,127.1000409,2.02,2.819,55,True
395.066,37.1867068,127.1000285,2.01,2.954,53,True
396.066,37.1867338,127.1000174,2.01,3.111,53,True
397.066,37.1867552,127.1000077,2.01,2.816,47,True
398.066,37.186775,127.0999954,2.01,2.552,47,True
399.066,37.1867976,127.0999845,2.01,2.559,56,True
400.066,37.186821,127.0999785,2.01,2.608,56,True
401.066,37.1868402,127.0999694,2.01,2.377,56,True
402.066,37.186865,127.0999578,2.01,2.628,56,True
403.066,37.186886,127.0999466,2.01,2.618,60,True
404.066,37.1869054,127.0999367,2.01,2.467,60,True
405.066,37.1869251,127.0999235,2.01,2.44,59,True
406.066,37.1869439,127.0999122,2.01,2.408,59,True
407.066,37.1869647,127.0998987,2.01,2.452,64,True
408.066,37.1869873,127.0998883,2.01,2.57,64,True
409.066,37.18701,127.0998803,2.01,2.579,67,True
410.066,37.1870342,127.0998692,2.01,2.72,67,True
411.066,37.1870557,127.0998592,2.01,2.65,62,True
412.066,37.1870799,127.0998462,2.01,2.774,62,True
413.066,37.1871031,127.0998334,2.01,2.791,54,True
414.066,37.1871251,127.0998236,2.01,2.736,54,True
415.066,37.1871517,127.0998106,2.01,2.917,50,True
416.066,37.1871767,127.0997978,2.0,2.98,50,True
417.066,37.1872006,127.0997853,2.0,2.917,49,True
418.066,37.1872249,127.0997738,2.0,2.879,49,True
419.066,37.1872481,127.0997629,2.0,2.784,52,True
420.066,37.1872669,127.099753,2.0,2.49,52,True
421.066,37.1872938,127.0997417,2.03,2.817,59,True
422.066,37.1873177,127.0997322,2.05,2.846,59,True
423.066,37.1873413,127.0997217,2.06,2.865,51,True
424.066,37.1873674,127.0997116,2.07,2.942,51,True
425.066,37.1873925,127.0997012,2.67,2.951,54,True
426.066,37.1874219,127.0996905,3.25,3.166,54,True
427.066,37.1874504,127.0996758,3.8,3.324,55,True
428.066,37.1874711,127.0996669,4.32,2.77,55,True
429.066,37.1874982,127.0996543,4.82,2.873,54,True
430.066,37.1875279,127.099646,5.29,3.096,54,True
431.066,37.1875589,127.0996398,5.74,3.3,56,True
432.066,37.1875827,127.0996383,6.17,2.964,56,True
433.066,37.1876111,127.0996366,6.57,3.062,55,True
434.066,37.1876384,127.0996327,6.95,3.126,55,True
435.066,37.1876633,127.0996263,7.32,3.053,42,True
436.066,37.1876873,127.0996156,7.66,2.958,42,True
437.066,37.1877152,127.0996052,7.99,3.081,42,True
438.066,37.1877422,127.0995915,8.31,3.171,42,True
439.066,37.187763,127.0995804,8.6,2.827,41,True
440.066,37.1877907,127.0995675,8.88,3.059,41,True
441.066,37.1878172,127.0995577,9.15,3.055,42,True
442.066,37.1878475,127.0995373,9.41,3.454,42,True
443.066,37.1878694,127.0995285,9.65,3.026,41,True
444.066,37.1878957,127.0995155,9.88,3.105,41,True
445.066,37.1879174,127.0995118,10.1,2.744,43,True
446.066,37.1879475,127.0994939,10.31,3.218,43,True
447.066,37.1879683,127.0994843,10.5,2.864,49,True
448.066,37.1879953,127.0994687,10.69,3.08,49,True
449.066,37.188022,127.099461,10.87,3.071,57,True
450.066,37.1880343,127.0994566,11.04,2.266,57,True
451.066,37.188039,127.0994553,11.2,1.377,45,True
452.066,37.1880593,127.0994517,11.35,1.835,45,True
453.066,37.1880753,127.0994326,11.49,2.057,59,True
454.066,37.1880983,127.0994109,11.63,2.67,59,True
455.066,37.1881174,127.0993971,11.76,2.562,51,True
456.066,37.1881439,127.0993906,11.89,2.718,51,True
457.066,37.1881746,127.0993834,12.0,3.112,48,True
458.066,37.1882042,127.0993722,12.12,3.29,48,True
459.066,37.1882294,127.0993608,12.22,3.092,47,True
460.066,37.1882506,127.0993493,12.32,2.783,47,True
461.066,37.1882752,127.0993353,12.42,2.868,55,True
462.066,37.1883027,127.0993244,12.51,3.052,55,True
463.066,37.1883312,127.0993112,12.6,3.221,54,True
464.066,37.1883591,127.0992971,12.68,3.286,54,True
465.066,37.1883846,127.0992851,12.76,3.129,52,True
466.066,37.188414,127.0992729,12.83,3.276,52,True
467.066,37.1884434,127.0992601,12.9,3.387,57,True
468.066,37.1884687,127.099244,12.97,3.264,57,True
469.066,37.188495,127.0992343,13.03,3.113,63,True
470.066,37.1885258,127.0992221,13.1,3.255,63,True
471.066,37.1885525,127.0992076,13.15,3.224,53,True
472.066,37.1885777,127.0991948,13.21,3.105,53,True
473.066,37.1886047,127.099183,13.26,3.133,48,True
474.066,37.1886267,127.0991691,13.31,2.9,48,True
475.066,37.1886577,127.0991589,13.36,3.132,51,True
476.066,37.1886834,127.0991484,13.4,3.109,51,True
477.066,37.1887048,127.0991363,13.44,2.886,53,True
478.066,37.1887315,127.0991243,13.48,2.994,53,True
479.066,37.1887549,127.0991113,13.52,2.917,58,True
480.066,37.1887816,127.0990996,13.56,3.026,58,True
481.066,37.1888102,127.0990878,13.59,3.191,53,True
482.066,37.1888332,127.099075,13.62,3.015,53,True
483.066,37.1888642,127.0990598,13.66,3.329,61,True
484.066,37.1888903,127.0990469,13.68,3.207,61,True
485.066,37.1889134,127.0990315,13.71,3.018,61,True
486.066,37.1889357,127.099018,13.74,2.84,61,True
487.066,37.1889536,127.0990129,13.76,2.368,50,True
488.066,37.1889844,127.0989973,13.79,2.94,50,True
489.066,37.1890138,127.0989864,13.81,3.163,49,True
490.066,37.1890403,127.0989758,13.83,3.118,49,True
491.066,37.1890695,127.0989651,13.85,3.254,44,True
492.066,37.1890939,127.0989534,13.87,2.992,44,True
493.066,37.1891236,127.0989393,13.89,3.198,43,True
494.066,37.189147,127.0989282,13.91,2.962,43,True
495.066,37.1891725,127.0989171,13.93,2.94,45,True
496.066,37.1891982,127.0989048,13.94,2.923,45,True
497.066,37.1892293,127.0988971,13.96,3.179,44,True
498.066,37.1892511,127.0988872,13.97,2.815,44,True
499.066,37.1892776,127.0988759,13.99,2.941,44,True
500.066,37.1893047,127.0988656,14.0,3.001,44,True
501.066,37.1893284,127.0988556,14.01,2.892,48,True
502.066,37.1893552,127.0988473,14.02,2.945,48,True
503.066,37.18938,127.0988378,14.03,2.86,51,True
504.066,37.1894037,127.0988239,14.04,2.825,51,True
505.066,37.1894299,127.0988135,14.05,2.894,44,True
506.066,37.1894563,127.0988035,14.06,2.948,44,True
507.066,37.1894804,127.0987959,14.07,2.814,42,True
508.066,37.1894987,127.0987851,14.08,2.452,42,True
509.066,37.1895172,127.0987763,14.09,2.263,56,True
510.066,37.1895306,127.0987703,14.1,1.889,56,True
511.066,37.1895388,127.0987688,14.11,1.273,0,False
512.066,37.1895418,127.0987723,14.11,0.66,0,False
513.066,37.1895417,127.0987707,14.12,0.237,0,False
514.066,37.1895435,127.0987708,14.13,0.228,0,False
515.066,37.1895423,127.0987704,14.13,0.027,0,False
516.066,37.1895418,127.0987704,14.14,0.0,0,False
517.066,37.1895438,127.0987704,14.14,0.112,0,False
518.066,37.1895434,127.0987703,14.15,0.085,0,False
519.066,37.1895421,127.0987693,14.15,0.044,0,False
520.066,37.1895418,127.0987692,14.16,0.0,0,False
521.066,37.1895418,127.0987692,14.16,0.0,0,False
522.066,37.1895427,127.0987718,14.17,0.055,0,False
523.066,37.189542,127.0987719,14.17,0.024,0,False
524.066,37.1895418,127.0987718,14.17,0.0,0,False
525.066,37.1895418,127.0987718,14.18,0.0,0,False
526.066,37.1895418,127.0987718,14.18,0.0,0,False
527.066,37.1895418,127.0987718,14.18,0.0,0,False
528.066,37.1895418,127.0987718,14.19,0.0,0,False
529.066,37.1895418,127.0987718,14.19,0.0,0,False
530.066,37.1895418,127.0987718,14.19,0.0,0,False
531.066,37.1895418,127.0987718,14.2,0.0,0,False
532.066,37.1895418,127.0987718,14.2,0.0,0,False
533.066,37.1895418,127.0987718,14.2,0.0,0,False
534.066,37.1895418,127.0987718,14.2,0.0,0,False
535.066,37.1895418,127.0987718,14.2,0.0,0,False
536.066,37.1895418,127.0987718,14.21,0.0,0,False
537.066,37.1895418,127.0987718,14.21,0.0,0,False
538.066,37.1895418,127.0987718,14.21,0.0,0,False
539.066,37.1895418,127.0987718,14.21,0.0,0,False
540.066,37.1895418,127.0987718,14.21,0.0,0,False
541.066,37.1895418,127.0987718,14.22,0.0,0,False
542.066,37.1895418,127.0987718,14.22,0.0,0,False
543.066,37.1895418,127.0987718,14.22,0.0,0,False
544.066,37.1895418,127.0987718,14.22,0.0,0,False
545.066,37.1895418,127.0987718,14.22,0.0,0,False
546.066,37.1895418,127.0987718,14.22,0.0,0,False
547.066,37.1895418,127.0987718,14.22,0.0,0,False
548.066,37.1895418,127.0987718,14.22,0.0,0,False
549.066,37.1895418,127.0987718,14.23,0.0,0,False
550.066,37.1895418,127.0987718,14.23,0.0,0,False
551.066,37.1895418,127.0987718,14.23,0.0,0,False
552.066,37.1895418,127.0987718,14.23,0.0,0,False
553.066,37.1895418,127.0987718,14.23,0.0,0,False
554.066,37.1895418,127.0987718,14.23,0.0,0,False
555.066,37.1895418,127.0987718,14.23,0.0,0,False
556.066,37.1895418,127.0987718,14.23,0.0,0,False
557.066,37.1895418,127.0987718,14.23,0.0,0,False
558.066,37.1895418,127.0987718,14.23,0.0,0,False
559.066,37.189541,127.0987696,14.23,0.0,0,False
560.066,37.189541,127.0987696,14.23,0.0,0,False
561.066,37.189541,127.0987696,14.24,0.0,0,False
562.066,37.1895409,127.0987711,14.24,0.128,0,False
563.066,37.1895394,127.0987698,14.24,0.052,0,False
564.066,37.1895394,127.0987706,14.24,0.0,0,False
565.066,37.1895394,127.0987706,14.24,0.0,0,False
566.066,37.1895394,127.0987706,14.24,0.0,0,False
567.066,37.1895394,127.0987706,14.24,0.0,0,False
568.066,37.1895394,127.0987706,14.24,0.0,0,False
569.066,37.1895394,127.0987706,14.24,0.0,0,False
570.066,37.1895394,127.0987706,14.24,0.0,0,False
571.066,37.1895394,127.0987706,14.24,0.0,0,False
572.066,37.1895394,127.0987706,14.24,0.0,0,False
573.066,37.1895394,127.0987706,14.24,0.0,0,False
574.066,37.1895394,127.0987706,14.24,0.0,0,False
575.066,37.1895394,127.0987706,14.24,0.0,0,False
576.066,37.1895394,127.0987706,14.24,0.0,0,False
577.066,37.1895394,127.0987706,14.24,0.0,0,False
578.066,37.1895394,127.0987706,14.24,0.0,0,False
579.066,37.1895394,127.0987706,14.24,0.0,0,False
580.066,37.1895394,127.0987706,14.24,0.0,0,False
581.066,37.1895394,127.0987706,14.24,0.0,0,False
582.066,37.1895394,127.0987706,14.24,0.0,0,False
583.066,37.1895394,127.0987706,14.24,0.0,0,False
584.066,37.1895394,127.0987706,14.24,0.0,0,False
585.066,37.1895394,127.0987706,14.24,0.0,0,False
586.066,37.1895394,127.0987706,14.24,0.0,0,False
587.066,37.1895394,127.0987706,14.24,0.0,0,False
588.066,37.1895394,127.0987706,14.24,0.0,0,False
589.066,37.1895394,127.0987706,14.24,0.0,0,False
590.066,37.1895394,127.0987706,14.24,0.0,0,False
591.066,37.1895394,127.0987706,14.24,0.0,0,False
592.066,37.1895394,127.0987706,14.24,0.0,0,False
593.066,37.1895394,127.0987706,14.24,0.0,0,False
594.066,37.1895394,127.0987706,14.24,0.0,0,False
595.066,37.1895394,127.0987706,14.24,0.0,0,False
596.066,37.1895394,127.0987706,14.24,0.0,0,False
597.066,37.1895394,127.0987706,14.24,0.0,0,False
598.066,37.1895394,127.0987706,14.24,0.0,0,False
599.066,37.1895394,127.0987706,14.24,0.0,0,False
600.066,37.1895394,127.0987706,14.24,0.0,0,False
601.066,37.1895394,127.0987706,14.24,0.0,0,False
602.066,37.1895394,127.0987706,14.24,0.0,0,False
603.066,37.1895394,127.0987706,14.24,0.0,0,False
604.066,37.1895394,127.0987706,14.24,0.0,0,False
605.066,37.1895394,127.0987706,14.24,0.0,0,False
606.066,37.1895394,127.0987706,14.24,0.0,0,False
607.066,37.1895413,127.0987763,14.24,0.0,0,False
608.066,37.189542,127.0987763,14.24,0.069,0,False
609.066,37.1895437,127.098777,14.25,0.091,0,False
610.066,37.1895452,127.098777,14.25,0.143,0,False
611.066,37.1895437,127.0987775,14.25,0.0,0,False
612.066,37.1895437,127.0987775,14.25,0.0,0,False
613.066,37.1895437,127.0987775,14.25,0.0,0,False
614.066,37.1895455,127.0987779,14.25,0.068,0,False
615.066,37.1895453,127.0987779,14.25,0.0,0,False
616.066,37.1895453,127.0987779,14.25,0.0,0,False
617.066,37.1895453,127.0987779,14.25,0.0,0,False
618.066,37.1895453,127.0987779,14.25,0.0,0,False
619.066,37.1895453,127.0987779,14.25,0.0,0,False
620.066,37.1895453,127.0987779,14.25,0.0,0,False
621.066,37.1895453,127.0987779,14.25,0.0,0,False
622.066,37.1895453,127.0987779,14.25,0.0,0,False
623.066,37.1895524,127.0987752,14.25,0.604,0,False
624.066,37.1895679,127.098767,14.25,1.361,0,False
625.066,37.1895848,127.0987601,14.25,1.707,89,True
626.066,37.1896085,127.098747,14.25,2.325,89,True
627.066,37.1896307,127.0987369,14.25,2.489,94,True
628.066,37.1896529,127.0987282,14.25,2.556,94,True
629.066,37.1896744,127.0987177,14.25,2.563,94,True
630.066,37.1896968,127.0987075,14.25,2.558,94,True
631.066,37.1897184,127.0987011,14.25,2.479,65,True
632.066,37.1897389,127.0986956,14.25,2.388,65,True
633.066,37.1897575,127.0986832,14.25,2.35,55,True
634.066,37.1897685,127.0986619,14.25,2.164,55,True
635.066,37.1897844,127.0986458,14.25,2.191,43,True
636.066,37.1898046,127.0986473,14.25,2.037,43,True
637.066,37.1898255,127.0986621,14.25,2.162,48,True
638.066,37.1898519,127.0986737,14.25,2.639,48,True
639.066,37.1898603,127.0986775,14.25,1.73,63,True
640.066,37.1898881,127.0986769,14.25,2.334,63,True
641.066,37.1899066,127.0986687,14.25,2.266,79,True
642.066,37.1899255,127.0986573,14.25,2.279,79,True
643.066,37.1899443,127.0986555,14.25,2.212,90,True
644.066,37.1899633,127.0986496,14.25,2.195,90,True
645.066,37.18998,127.098644,14.25,2.035,93,True
646.066,37.1899993,127.0986381,14.25,2.144,93,True
647.066,37.1900151,127.098636,14.25,1.948,88,True
648.066,37.1900314,127.0986441,14.25,1.912,88,True
649.066,37.1900526,127.0986373,14.25,2.089,92,True
650.066,37.1900692,127.0986337,14.25,2.001,92,True
651.066,37.1900895,127.0986253,14.25,2.169,91,True
652.066,37.1901055,127.0986253,14.25,1.961,91,True
653.066,37.1901241,127.0986201,14.25,2.059,88,True
654.066,37.1901434,127.0986123,14.25,2.087,88,True
655.066,37.1901599,127.0986205,14.25,1.888,81,True
656.066,37.1901795,127.0986067,14.25,1.986,81,True
657.066,37.1901989,127.0986014,14.25,2.095,64,True
658.066,37.190217,127.0985973,14.25,2.02,64,True
659.066,37.190234,127.0985829,14.25,2.002,40,True
660.066,37.1902449,127.0985752,14.25,1.723,40,True
661.066,37.1902642,127.0985671,14.25,1.97,44,True
662.066,37.190282,127.0985573,14.25,2.136,44,True
663.066,37.1903009,127.0985533,14.25,2.192,57,True
664.066,37.1903213,127.098546,14.25,2.288,57,True
665.066,37.1903406,127.0985455,14.25,2.218,58,True
666.066,37.190364,127.0985434,14.25,2.459,58,True
667.066,37.1903833,127.0985431,14.25,2.279,79,True
668.066,37.190402,127.0985439,14.25,2.201,79,True
669.066,37.1904212,127.09854,14.25,2.212,81,True
670.066,37.1904402,127.0985321,14.25,2.198,81,True
671.066,37.1904567,127.0985245,14.25,2.077,87,True
672.066,37.190478,127.0985182,14.25,2.219,87,True
673.066,37.1905014,127.098517,14.25,2.407,92,True
674.066,37.190522,127.0985197,14.25,2.328,92,True
675.066,37.1905439,127.0985199,14.25,2.381,74,True
676.066,37.1905665,127.0985186,14.25,2.464,74,True
677.066,37.1905886,127.0985158,14.25,2.433,70,True
678.066,37.1906063,127.0985153,14.25,2.189,70,True
679.066,37.1906286,127.0985147,14.25,2.328,65,True
680.066,37.1906474,127.0985181,14.25,2.288,65,True
681.066,37.1906726,127.0985163,14.25,2.648,66,True
682.066,37.1906939,127.0985065,14.25,2.517,66,True
683.066,37.1907135,127.0984975,14.25,2.357,95,True
684.066,37.190738,127.0985003,14.25,2.486,95,True
685.066,37.1907587,127.098494,14.25,2.383,90,True
686.066,37.1907801,127.0984916,14.25,2.407,90,True
687.066,37.1908014,127.0984885,14.25,2.396,86,True
688.066,37.1908232,127.0984895,14.25,2.409,86,True
689.066,37.1908457,127.0984893,14.25,2.373,86,True
690.066,37.1908654,127.0984896,14.25,2.24,86,True
691.066,37.1908809,127.0984785,14.25,1.971,88,True
692.066,37.1909018,127.0984819,14.25,2.224,88,True
693.066,37.1909233,127.0984847,14.25,2.295,88,True
694.066,37.1909442,127.0984806,14.25,2.329,88,True
695.066,37.1909697,127.0984833,14.25,2.559,77,True
696.066,37.1909864,127.0984916,14.25,2.222,77,True
697.066,37.1910087,127.0985047,14.25,2.53,81,True
698.066,37.1910286,127.0985126,14.25,2.436,81,True
699.066,37.1910479,127.0985269,14.25,2.484,92,True
700.066,37.19107,127.0985306,14.25,2.49,92,True
701.066,37.191094,127.0985333,14.25,2.538,83,True
702.066,37.1911159,127.0985395,14.25,2.513,83,True
703.066,37.1911389,127.098537,14.25,2.569,80,True
704.066,37.1911622,127.0985392,14.25,2.595,80,True
705.066,37.1911857,127.0985375,14.25,2.608,83,True
706.066,37.1912065,127.098541,14.25,2.433,83,True
707.066,37.1912328,127.0985475,14.25,2.727,79,True
708.066,37.19125,127.0985487,14.25,2.193,79,True
709.066,37.1912749,127.0985466,14.25,2.481,84,True
710.066,37.1912979,127.098549,14.25,2.53,84,True
711.066,37.1913193,127.0985479,14.25,2.455,81,True
712.066,37.1913426,127.098544,14.25,2.501,81,True
713.066,37.1913706,127.0985308,14.25,2.907,80,True
714.066,37.1913943,127.0985366,14.25,2.76,80,True
715.066,37.1914159,127.098545,14.25,2.592,84,True
716.066,37.191442,127.0985433,14.25,2.644,84,True
717.066,37.191469,127.0985453,14.25,2.802,95,True
718.066,37.1914915,127.0985428,14.25,2.648,95,True
719.066,37.1915185,127.0985416,14.25,2.842,95,True
720.066,37.191541,127.0985466,14.25,2.616,95,True
721.066,37.1915674,127.0985429,14.25,2.737,93,True
722.066,37.1915922,127.0985407,14.25,2.785,93,True
723.066,37.1916154,127.0985427,14.25,2.662,92,True
724.066,37.19164,127.0985434,14.25,2.659,92,True
725.066,37.1916659,127.0985444,14.25,2.753,80,True
726.066,37.1916857,127.0985478,14.25,2.41,80,True
727.066,37.1917105,127.0985577,14.25,2.645,82,True
728.066,37.1917348,127.0985505,14.25,2.606,82,True
729.066,37.1917566,127.098544,14.25,2.509,86,True
730.066,37.1917849,127.0985437,14.25,2.783,86,True
731.066,37.1918088,127.0985418,14.25,2.746,87,True
732.066,37.1918335,127.0985443,14.25,2.713,87,True
733.066,37.1918577,127.0985422,14.25,2.621,75,True
734.066,37.1918803,127.0985414,14.25,2.557,75,True
735.066,37.1919077,127.0985381,14.25,2.813,73,True
736.066,37.191931,127.0985364,14.25,2.673,73,True
737.066,37.191953,127.0985334,14.25,2.53,87,True
738.066,37.1919755,127.0985267,14.25,2.56,87,True
739.066,37.192002,127.0985212,14.25,2.869,93,True
740.066,37.1920245,127.0985227,14.25,2.658,93,True
741.066,37.1920502,127.0985238,14.25,2.711,94,True
742.066,37.192075,127.0985224,14.25,2.741,94,True
743.066,37.1921006,127.0985214,14.25,2.78,93,True
744.066,37.1921266,127.0985212,14.25,2.833,93,True
745.066,37.1921489,127.0985174,14.25,2.565,91,True
746.066,37.1921769,127.0985162,14.25,2.868,91,True
747.066,37.1921997,127.0985168,14.25,2.682,89,True
748.066,37.1922237,127.098516,14.25,2.666,89,True
749.066,37.1922524,127.0985155,14.25,2.951,85,True
750.066,37.192276,127.0985151,14.25,2.73,85,True
751.066,37.1923051,127.0985137,14.25,2.953,86,True
752.066,37.1923319,127.0985121,14.25,2.968,86,True
753.066,37.1923579,127.0985146,14.25,2.898,84,True
754.066,37.1923829,127.0985151,14.25,2.814,84,True
755.066,37.1924109,127.0985124,14.25,2.912,84,True
756.066,37.192434,127.0985144,14.25,2.696,84,True
757.066,37.1924629,127.0985159,14.25,2.99,90,True
758.066,37.1924869,127.0985184,14.25,2.795,90,True
759.066,37.1925071,127.0985271,14.25,2.515,89,True
760.066,37.1925375,127.0985177,14.25,2.854,89,True
761.066,37.1925638,127.0985192,14.25,2.875,91,True
762.066,37.192589,127.0985136,14.25,2.779,91,True
763.066,37.1926169,127.0985096,14.25,2.911,94,True
764.066,37.1926421,127.0985118,14.25,2.791,94,True
765.066,37.1926686,127.0985114,14.25,2.81,88,True
766.066,37.1926945,127.0985113,14.25,2.853,88,True
767.066,37.1927213,127.0985087,14.25,2.864,85,True
768.066,37.1927469,127.0985102,14.25,2.851,85,True
769.066,37.192773,127.0985129,14.25,2.924,84,True
770.066,37.1927967,127.0985108,14.25,2.763,84,True
771.066,37.1928227,127.0985149,14.25,2.862,79,True
772.066,37.19285,127.098516,14.25,2.945,79,True
773.066,37.1928786,127.0985127,14.25,3.029,50,True
774.066,37.1929071,127.0985102,14.25,3.181,50,True
775.066,37.1929329,127.0985077,14.25,3.037,44,True
776.066,37.1929585,127.0985023,14.25,2.896,44,True
777.066,37.1929853,127.0985025,14.25,2.905,58,True
778.066,37.1930158,127.0984997,14.25,3.17,58,True
779.066,37.1930411,127.098501,14.25,3.014,58,True
780.066,37.1930683,127.0985027,14.25,3.01,58,True
781.066,37.1930971,127.0985038,14.25,3.095,60,True
782.066,37.1931195,127.0985059,14.25,2.768,60,True
783.066,37.1931427,127.0985179,14.25,2.657,68,True
784.066,37.1931683,127.0985194,14.25,2.729,68,True
785.066,37.1931938,127.0985164,14.25,2.768,75,True
786.066,37.1932195,127.0985138,14.25,2.808,75,True
787.066,37.1932469,127.0985134,14.25,2.885,62,True
788.066,37.1932762,127.0985123,14.25,3.08,62,True
789.066,37.1933038,127.0985081,14.25,3.079,53,True
790.066,37.1933305,127.0985037,14.25,3.004,53,True
791.066,37.1933532,127.098501,14.25,2.77,45,True
792.066,37.1933767,127.0984995,14.25,2.668,45,True
793.066,37.1933989,127.0984981,14.25,2.538,49,True
794.066,37.1934234,127.0984995,14.25,2.609,49,True
795.066,37.1934462,127.098501,14.25,2.598,73,True
796.066,37.1934708,127.0984948,14.25,2.685,73,True
797.066,37.1934928,127.0984958,14.25,2.546,96,True
798.066,37.1935188,127.0984993,14.25,2.698,96,True
799.066,37.1935444,127.0985025,14.25,2.792,94,True
800.066,37.1935686,127.098501,14.25,2.741,94,True
801.066,37.1935938,127.0984964,14.25,2.777,95,True
802.066,37.1936204,127.0984957,14.25,2.845,95,True
803.066,37.1936465,127.0984966,14.25,2.84,95,True
804.066,37.1936725,127.0984962,14.25,2.853,95,True
805.066,37.1936984,127.0984993,14.25,2.83,91,True
806.066,37.1937254,127.0985017,14.25,2.94,91,True
807.066,37.1937507,127.0985078,14.25,2.87,65,True
808.066,37.1937788,127.0985133,14.25,3.023,65,True
809.066,37.1938003,127.0985133,14.25,2.568,65,True
810.066,37.1938314,127.0985139,14.25,3.075,65,True
811.066,37.1938556,127.0985135,14.25,2.799,72,True
812.066,37.1938836,127.0985117,14.25,2.958,72,True
813.066,37.1939095,127.0985111,14.25,2.904,69,True
814.066,37.1939308,127.098511,14.25,2.632,69,True
815.066,37.1939568,127.0985102,14.25,2.746,77,True
816.066,37.1939812,127.0985081,14.25,2.763,77,True
817.066,37.1940026,127.0985011,14.25,2.629,69,True
818.066,37.1940256,127.0984914,14.25,2.664,69,True
819.066,37.1940473,127.0984796,14.25,2.631,45,True
820.066,37.1940683,127.0984775,14.25,2.391,45,True
821.066,37.1940922,127.0984793,14.25,2.482,41,True
822.066,37.1941153,127.0984807,14.25,2.504,41,True
823.066,37.194134,127.0984784,14.25,2.307,48,True
824.066,37.1941541,127.0984751,14.25,2.287,48,True
825.066,37.1941732,127.0984832,14.25,2.224,94,True
826.066,37.1941992,127.0984945,14.25,2.601,94,True
827.066,37.1942222,127.0984975,14.25,2.57,84,True
828.066,37.1942458,127.0985002,14.25,2.6,84,True
829.066,37.1942722,127.0985014,14.25,2.746,75,True
830.066,37.1942956,127.0985006,14.25,2.655,75,True
831.066,37.1943212,127.0985007,14.25,2.721,75,True
832.066,37.1943452,127.0985029,14.25,2.651,75,True
833.066,37.1943712,127.098504,14.25,2.763,74,True
834.066,37.1943936,127.0984997,14.25,2.57,74,True
835.066,37.1944178,127.0985004,14.25,2.598,65,True
836.066,37.1944391,127.0984953,14.25,2.565,65,True
837.066,37.1944638,127.0984946,14.25,2.638,47,True
838.066,37.1944877,127.0984975,14.25,2.595,47,True
839.066,37.1945128,127.0984998,14.25,2.699,46,True
840.066,37.1945294,127.0985136,14.25,2.263,46,True
841.066,37.1945534,127.0985274,14.25,2.535,76,True
842.066,37.194573,127.0985312,14.25,2.327,76,True
843.066,37.1945934,127.09853,14.25,2.254,63,True
844.066,37.1946087,127.0985273,14.25,1.956,63,True
845.066,37.1946276,127.0985263,14.25,1.995,60,True
846.066,37.1946474,127.0985269,14.25,2.116,60,True
847.066,37.1946661,127.0985237,14.25,2.092,67,True
848.066,37.1946885,127.0985233,14.25,2.322,67,True
849.066,37.194714,127.0985254,14.25,2.599,68,True
850.066,37.1947379,127.09852,14.25,2.647,68,True
851.066,37.1947618,127.0985201,14.25,2.637,66,True
852.066,37.1947844,127.0985237,14.25,2.56,66,True
853.066,37.1948021,127.0985272,14.25,2.234,59,True
854.066,37.1948192,127.0985359,14.25,2.118,59,True
855.066,37.1948432,127.0985393,14.25,2.37,68,True
856.066,37.1948683,127.0985362,14.25,2.518,68,True
857.066,37.1948937,127.0985324,14.25,2.672,71,True
858.066,37.1949156,127.0985368,14.25,2.576,71,True
859.066,37.1949377,127.0985436,14.25,2.508,73,True
860.066,37.1949581,127.0985487,14.25,2.386,73,True
861.066,37.1949792,127.0985556,14.25,2.358,77,True
862.066,37.1949991,127.0985585,14.25,2.26,77,True
863.066,37.195022,127.0985598,14.25,2.385,70,True
864.066,37.1950419,127.0985623,14.25,2.282,70,True
865.066,37.1950621,127.098566,14.25,2.227,59,True
866.066,37.1950929,127.0985673,14.25,2.784,59,True
867.066,37.1951148,127.0985645,14.25,2.604,58,True
868.066,37.1951368,127.0985668,14.25,2.511,58,True
869.066,37.195161,127.0985675,14.25,2.584,74,True
870.066,37.1951826,127.0985684,14.25,2.491,74,True
871.066,37.1952007,127.0985689,14.25,2.234,66,True
872.066,37.1952227,127.0985669,14.25,2.288,66,True
873.066,37.195248,127.098565,14.25,2.548,65,True
874.066,37.1952715,127.0985617,14.25,2.553,65,True
875.066,37.1952955,127.0985592,14.25,2.618,66,True
876.066,37.1953164,127.0985535,14.25,2.471,66,True
877.066,37.1953259,127.0985563,14.25,1.725,72,True
878.066,37.1953493,127.0985569,14.25,2.212,72,True
879.066,37.1953662,127.0985489,14.25,2.142,57,True
880.066,37.1953829,127.0985381,14.25,2.071,57,True
881.066,37.1953986,127.0985308,14.25,1.985,40,True
882.066,37.1954178,127.0985205,14.25,2.175,40,True
883.066,37.1954299,127.0985105,14.25,1.967,40,True
884.066,37.1954539,127.0985055,14.25,2.324,40,True
885.066,37.1954748,127.0985089,14.25,2.289,50,True
886.066,37.1954961,127.0985109,14.25,2.321,50,True
887.066,37.1955209,127.0985113,14.25,2.532,60,True
888.066,37.1955467,127.0985123,14.25,2.712,60,True
889.066,37.1955663,127.0985136,14.25,2.369,59,True
890.066,37.1955846,127.0985179,14.25,2.214,59,True
891.066,37.1956073,127.0985223,14.25,2.393,58,True
892.066,37.1956279,127.0985225,14.25,2.328,58,True
893.066,37.1956468,127.0985229,14.25,2.193,73,True
894.066,37.1956697,127.0985221,14.25,2.361,73,True
895.066,37.1956927,127.0985221,14.25,2.479,81,True
896.066,37.1957153,127.0985239,14.25,2.513,81,True
897.066,37.1957354,127.098529,14.25,2.383,74,True
898.066,37.1957567,127.0985269,14.25,2.397,74,True
899.066,37.1957811,127.0985204,14.25,2.54,67,True
900.066,37.1958052,127.0985198,14.25,2.621,67,True
901.066,37.19583,127.098518,14.25,2.684,72,True
902.066,37.1958592,127.098511,14.25,2.92,72,True
903.066,37.1958819,127.0985062,14.25,2.732,81,True
904.066,37.1959056,127.0985014,14.25,2.688,81,True
905.066,37.1959277,127.0985007,14.25,2.565,78,True
906.066,37.1959504,127.098498,14.25,2.529,78,True
907.066,37.1959756,127.0984922,14.25,2.651,71,True
908.066,37.1960006,127.0984889,14.25,2.694,71,True
909.066,37.1960246,127.0984873,14.25,2.668,70,True
910.066,37.196049,127.0984839,14.25,2.658,70,True
911.066,37.19607,127.0984818,14.25,2.441,67,True
912.066,37.1960921,127.0984729,14.25,2.402,67,True
913.066,37.1961165,127.0984663,14.25,2.563,68,True
914.066,37.1961392,127.0984647,14.25,2.491,68,True
915.066,37.1961605,127.0984712,14.25,2.425,62,True
916.066,37.1961838,127.0984762,14.25,2.532,62,True
917.066,37.1962102,127.098476,14.25,2.731,65,True
918.066,37.1962373,127.0984745,14.25,2.885,65,True
919.066,37.1962623,127.0984737,14.25,2.881,73,True
920.066,37.1962879,127.098474,14.25,2.89,73,True
921.066,37.196312,127.0984738,14.25,2.776,57,True
922.066,37.196337,127.0984759,14.25,2.753,57,True
923.066,37.1963622,127.0984814,14.25,2.793,52,True
924.066,37.1963857,127.0984813,14.25,2.691,52,True
925.066,37.196412,127.0984797,14.25,2.77,62,True
926.066,37.1964313,127.0984742,14.25,2.477,62,True
927.066,37.1964567,127.0984737,14.25,2.686,62,True
928.066,37.1964794,127.0984804,14.25,2.635,62,True
929.066,37.1965071,127.0984839,14.25,2.834,56,True
930.066,37.1965321,127.0984859,14.25,2.795,56,True
931.066,37.1965561,127.0984858,14.25,2.704,51,True
932.066,37.1965787,127.0984867,14.25,2.599,51,True
933.066,37.1966037,127.0984867,14.25,2.679,54,True
934.066,37.196626,127.0984804,14.25,2.567,54,True
935.066,37.1966466,127.0984747,14.25,2.423,63,True
936.066,37.1966677,127.0984761,14.25,2.361,63,True
937.066,37.1966889,127.0984761,14.25,2.338,71,True
938.066,37.1967105,127.0984741,14.25,2.367,71,True
939.066,37.1967305,127.0984767,14.25,2.292,73,True
940.066,37.1967507,127.098478,14.25,2.22,73,True
941.066,37.1967689,127.0984758,14.25,2.125,64,True
942.066,37.1967864,127.0984763,14.25,2.061,64,True
943.066,37.1968043,127.0984763,14.25,2.005,63,True
944.066,37.1968226,127.0984758,14.25,2.019,63,True
945.066,37.1968364,127.0984782,14.25,1.766,0,False
946.066,37.1968447,127.0984842,14.25,1.296,0,False
947.066,37.1968487,127.0984924,14.25,0.993,0,False
948.066,37.1968479,127.0984935,14.25,0.384,0,False
949.066,37.1968462,127.0984925,14.25,0.038,0,False
950.066,37.1968453,127.0984945,14.25,0.079,0,False
951.066,37.196845,127.0984942,14.25,0.0,0,False
952.066,37.1968443,127.0984974,14.25,0.129,0,False
953.066,37.1968452,127.0984963,14.25,0.068,0,False
954.066,37.196845,127.0984961,14.25,0.0,0,False
955.066,37.196845,127.0984961,14.25,0.0,0,False
956.066,37.196845,127.0984961,14.25,0.0,0,False
957.066,37.196845,127.0984961,14.25,0.0,0,False
958.066,37.196845,127.0984961,14.25,0.0,0,False
959.066,37.196845,127.0984961,14.25,0.0,0,False
960.066,37.196845,127.0984961,14.25,0.0,0,False
961.066,37.196845,127.0984961,14.25,0.0,0,False
962.066,37.196845,127.0984961,14.25,0.0,0,False
963.066,37.196845,127.0984961,14.25,0.0,0,False
964.066,37.196845,127.0984961,14.25,0.0,0,False
965.066,37.196845,127.0984961,14.25,0.0,0,False
966.066,37.196845,127.0984961,14.25,0.0,0,False
967.066,37.196845,127.0984961,14.25,0.0,0,False
968.066,37.196845,127.0984961,14.25,0.0,0,False
969.066,37.196845,127.0984961,14.25,0.0,0,False
970.066,37.196845,127.0984961,14.25,0.0,0,False
971.066,37.196845,127.0984961,14.25,0.0,0,False
972.066,37.196845,127.0984961,14.25,0.0,0,False
973.066,37.196845,127.0984961,14.25,0.0,0,False
974.066,37.196845,127.0984961,14.25,0.0,0,False
975.066,37.196845,127.0984961,14.25,0.0,0,False
976.066,37.196845,127.0984961,14.25,0.0,0,False
977.066,37.196845,127.0984961,14.25,0.0,0,False
978.066,37.196845,127.0984961,14.25,0.0,0,False
979.066,37.196845,127.0984961,14.25,0.0,0,False
980.066,37.196845,127.0984961,14.25,0.0,0,False
981.066,37.196845,127.0984961,14.25,0.0,0,False
982.066,37.196845,127.0984961,14.25,0.0,0,False
983.066,37.196845,127.0984961,14.25,0.0,0,False
984.066,37.196845,127.0984961,14.25,0.0,0,False
985.066,37.196845,127.0984961,14.25,0.0,0,False
986.066,37.196845,127.0984961,14.25,0.0,0,False
987.066,37.196845,127.0984961,14.25,0.0,0,False
988.066,37.196845,127.0984961,14.25,0.0,0,False
989.066,37.196845,127.0984961,14.25,0.0,0,False
990.066,37.196845,127.0984961,14.25,0.0,0,False
991.066,37.196845,127.0984961,14.25,0.0,0,False
992.066,37.196845,127.0984961,14.25,0.0,0,False
993.066,37.196845,127.0984961,14.25,0.0,0,False
994.066,37.1968481,127.0985196,14.25,0.134,0,False
995.066,37.196848,127.0985194,14.25,0.0,0,False
996.066,37.196848,127.0985194,14.25,0.0,0,False
997.066,37.196848,127.0985194,14.25,0.0,0,False
998.066,37.196848,127.0985194,14.25,0.0,0,False
999.066,37.196848,127.0985194,14.25,0.0,0,False
1000.066,37.196848,127.0985194,14.25,0.0,0,False
1001.066,37.196848,127.0985194,14.25,0.0,0,False
1002.066,37.196848,127.0985194,14.25,0.0,0,False
1003.066,37.196848,127.0985194,14.25,0.0,0,False
1004.066,37.196848,127.0985194,14.25,0.0,0,False
1005.066,37.196848,127.0985194,14.25,0.0,0,False
1006.066,37.196848,127.0985194,14.25,0.0,0,False
1007.066,37.196848,127.0985194,14.25,0.0,0,False
1008.066,37.196848,127.0985194,14.25,0.0,0,False
1009.066,37.196848,127.0985194,14.25,0.0,0,False
1010.066,37.196848,127.0985194,14.25,0.0,0,False
1011.066,37.196848,127.0985194,14.25,0.0,0,False
1012.066,37.196848,127.0985194,14.25,0.0,0,False
1013.066,37.196848,127.0985194,14.25,0.0,0,False
1014.066,37.196848,127.0985194,14.25,0.0,0,False
1015.066,37.196848,127.0985194,14.25,0.0,0,False
1016.066,37.196848,127.0985194,14.25,0.0,0,False
1017.066,37.196848,127.0985194,14.25,0.0,0,False
1018.066,37.196848,127.0985194,14.25,0.0,0,False
1019.066,37.196848,127.0985194,14.25,0.0,0,False
1020.066,37.196848,127.0985194,14.25,0.0,0,False
1021.066,37.196848,127.0985194,14.25,0.0,0,False
1022.066,37.196848,127.0985194,14.25,0.0,0,False
1023.066,37.196848,127.0985194,14.25,0.0,0,False
1024.066,37.196848,127.0985194,14.25,0.0,0,False
1025.066,37.1968395,127.0985268,14.25,0.453,0,False
1026.066,37.1968548,127.098534,14.25,1.275,0,False
1027.066,37.1968744,127.0985423,14.25,1.848,92,True
1028.066,37.1968969,127.0985428,14.25,2.142,92,True
1029.066,37.1969213,127.0985426,14.25,2.432,47,True
1030.066,37.1969478,127.0985408,14.25,2.671,47,True
1031.066,37.1969758,127.0985407,14.25,2.885,41,True
1032.066,37.1969992,127.0985375,14.25,2.743,41,True
1033.066,37.1970157,127.098537,14.25,2.289,41,True
1034.066,37.1970311,127.0985388,14.25,1.968,41,True
1035.066,37.1970493,127.0985458,14.25,2.063,49,True
1036.066,37.197069,127.0985552,14.25,2.19,49,True
1037.066,37.197084,127.098562,14.25,2.018,48,True
1038.066,37.1971054,127.0985671,14.25,2.202,48,True
1039.066,37.1971284,127.0985684,14.25,2.395,67,True
1040.066,37.1971548,127.0985677,14.25,2.7,67,True
1041.066,37.1971756,127.0985659,14.25,2.553,69,True
1042.066,37.1971978,127.0985647,14.25,2.515,69,True
1043.066,37.1972204,127.0985689,14.25,2.48,74,True
1044.066,37.1972493,127.0985709,14.25,2.785,74,True
1045.066,37.1972771,127.0985681,14.25,2.903,76,True
1046.066,37.1973016,127.0985685,14.25,2.789,76,True
1047.066,37.1973316,127.0985626,14.25,3.062,71,True
1048.066,37.1973569,127.0985664,14.25,2.91,71,True
1049.066,37.197381,127.0985735,14.25,2.801,69,True
1050.066,37.1974077,127.0985694,14.25,2.83,69,True
1051.066,37.1974336,127.098568,14.25,2.807,68,True
1052.066,37.1974543,127.0985699,14.25,2.571,68,True
1053.066,37.1974716,127.0985706,14.25,2.245,69,True
1054.066,37.1974884,127.0985813,14.25,2.096,69,True
1055.066,37.1975111,127.0985839,14.25,2.306,63,True
1056.066,37.1975286,127.0985873,14.25,2.072,63,True
1057.066,37.197554,127.0985746,14.25,2.316,51,True
1058.066,37.1975782,127.0985782,14.25,2.504,51,True
1059.066,37.1976065,127.0985806,14.25,2.807,52,True
1060.066,37.1976293,127.0985822,14.25,2.641,52,True
1061.066,37.1976544,127.09858,14.25,2.653,56,True
1062.066,37.1976755,127.0985831,14.25,2.485,56,True
1063.066,37.1977006,127.0985832,14.25,2.623,54,True
1064.066,37.1977231,127.0985857,14.25,2.585,54,True
1065.066,37.1977503,127.0985835,14.25,2.777,61,True
1066.066,37.1977763,127.0985926,14.25,2.82,61,True
1067.066,37.197804,127.0985804,14.25,2.923,62,True
1068.066,37.1978276,127.0985819,14.25,2.721,62,True
1069.066,37.1978529,127.0985857,14.25,2.794,61,True
1070.066,37.1978774,127.0985902,14.25,2.784,61,True
1071.066,37.1979014,127.0985919,14.25,2.705,67,True
1072.066,37.197929,127.0985819,14.25,2.887,67,True
1073.066,37.1979454,127.0985838,14.25,2.327,72,True
1074.066,37.1979768,127.0985839,14.25,2.86,72,True
1075.066,37.1979993,127.0985871,14.25,2.656,71,True
1076.066,37.1980234,127.0985848,14.25,2.619,71,True
1077.066,37.1980523,127.098577,14.25,2.867,58,True
1078.066,37.1980766,127.0985728,14.25,2.684,58,True
1079.066,37.1981011,127.0985678,14.25,2.6,52,True
1080.066,37.1981221,127.098564,14.25,2.326,52,True
1081.066,37.1981455,127.0985668,14.25,2.376,59,True
1082.066,37.1981685,127.0985677,14.25,2.396,59,True
1083.066,37.1981953,127.098563,14.25,2.619,64,True
1084.066,37.1982178,127.0985538,14.25,2.5,64,True
1085.066,37.1982382,127.09854,14.25,2.385,78,True
1086.066,37.1982565,127.0985251,14.25,2.197,78,True
1087.066,37.1982738,127.0985178,14.25,2.008,85,True
1088.066,37.1982882,127.0985147,14.25,1.734,85,True
1089.066,37.1982987,127.098514,14.25,1.387,0,False
1090.066,37.1983053,127.0985149,14.25,0.941,0,False
1091.066,37.1983018,127.0985142,14.25,0.169,0,False
1092.066,37.1982999,127.0985145,14.25,0.026,0,False
1093.066,37.1983009,127.0985141,14.25,0.068,0,False
1094.066,37.1983015,127.0985131,14.25,0.065,0,False
1095.066,37.1983013,127.098513,14.25,0.0,0,False
1096.066,37.1983013,127.098513,14.25,0.0,0,False
1097.066,37.1983007,127.0985166,14.25,0.068,0,False
1098.066,37.1983005,127.098516,14.25,0.0,0,False
1099.066,37.1983011,127.0985159,14.25,0.04,0,False
1100.066,37.1983018,127.098515,14.25,0.038,0,False
1101.066,37.1983017,127.0985151,14.25,0.0,0,False
1102.066,37.1983017,127.0985151,14.25,0.0,0,False
1103.066,37.1983017,127.0985151,14.25,0.0,0,False
1104.066,37.1983013,127.098516,14.25,0.0,0,False
1105.066,37.1983013,127.098516,14.25,0.0,0,False
1106.066,37.1983013,127.098516,14.25,0.0,0,False
1107.066,37.1983013,127.098516,14.25,0.0,0,False
1108.066,37.1983029,127.0985174,14.25,0.054,0,False
1109.066,37.1983028,127.0985174,14.25,0.0,0,False
1110.066,37.1983028,127.0985178,14.25,0.0,0,False
1111.066,37.1983028,127.0985178,14.25,0.0,0,False
1112.066,37.1983028,127.0985178,14.25,0.0,0,False
1113.066,37.1983028,127.0985178,14.25,0.0,0,False
1114.066,37.1983028,127.0985178,14.25,0.0,0,False
1115.066,37.1983028,127.0985178,14.25,0.0,0,False
1116.066,37.1983028,127.0985178,14.25,0.0,0,False
1117.066,37.198307,127.098519,14.25,0.006,0,False
1118.066,37.1983073,127.0985194,14.25,0.0,0,False
1119.066,37.1983073,127.0985194,14.25,0.0,0,False
1120.066,37.1983073,127.0985194,14.25,0.0,0,False
1121.066,37.1983073,127.0985194,14.25,0.0,0,False
1122.066,37.1983073,127.0985194,14.25,0.0,0,False
1123.066,37.1983073,127.0985194,14.25,0.0,0,False
1124.066,37.1983073,127.0985194,14.25,0.0,0,False
1125.066,37.1983073,127.0985194,14.25,0.0,0,False
1126.066,37.1983073,127.0985194,14.25,0.0,0,False
1127.066,37.1983073,127.0985194,14.25,0.0,0,False
1128.066,37.1983073,127.0985194,14.25,0.0,0,False
1129.066,37.1983073,127.0985194,14.25,0.0,0,False
1130.066,37.1983073,127.0985194,14.25,0.0,0,False
1131.066,37.1983073,127.0985194,14.25,0.0,0,False
1132.066,37.1983073,127.0985194,14.25,0.0,0,False
1133.066,37.1983073,127.0985194,14.25,0.0,0,False
1134.066,37.1983073,127.0985194,14.25,0.0,0,False
1135.066,37.1983073,127.0985194,14.25,0.0,0,False
1136.066,37.1983073,127.0985194,14.25,0.0,0,False
1137.066,37.1983073,127.0985194,14.25,0.0,0,False
1138.066,37.1983073,127.0985194,14.25,0.0,0,False
1139.066,37.1983073,127.0985194,14.25,0.0,0,False
1140.066,37.1983073,127.0985194,14.25,0.0,0,False
1141.066,37.1983073,127.0985194,14.25,0.0,0,False
1142.066,37.1983073,127.0985194,14.25,0.0,0,False
1143.066,37.1983073,127.0985194,14.25,0.0,0,False
1144.066,37.1983073,127.0985194,14.25,0.0,0,False
1145.066,37.1983073,127.0985194,14.25,0.0,0,False
1146.066,37.1983073,127.0985194,14.25,0.0,0,False
1147.066,37.1983073,127.0985194,14.25,0.0,0,False
1148.066,37.1983073,127.0985194,14.25,0.0,0,False
1149.066,37.1983073,127.0985194,14.25,0.0,0,False
1150.066,37.1983073,127.0985194,14.25,0.0,0,False
1151.066,37.1983044,127.0985243,14.25,0.06,0,False
1152.066,37.1983044,127.098524,14.25,0.0,0,False
1153.066,37.1983044,127.098524,14.25,0.0,0,False
1154.066,37.1983044,127.098524,14.25,0.0,0,False
1155.066,37.1983057,127.0985241,14.25,0.0,0,False
1156.066,37.1983057,127.0985241,14.25,0.0,0,False
1157.066,37.1983057,127.0985241,14.25,0.0,0,False
1158.066,37.1983057,127.0985241,14.25,0.0,0,False
1159.066,37.1983077,127.0985249,14.25,0.019,0,False
1160.066,37.1983076,127.098525,14.25,0.0,0,False
1161.066,37.1983076,127.098525,14.25,0.0,0,False
1162.066,37.1983076,127.098525,14.25,0.0,0,False
1163.066,37.1983076,127.098525,14.25,0.0,0,False
1164.066,37.1983076,127.098525,14.25,0.0,0,False
1165.066,37.1983076,127.098525,14.25,0.0,0,False
1166.066,37.1983076,127.098525,14.25,0.0,0,False
1167.066,37.1983076,127.098525,14.25,0.0,0,False
1168.066,37.1983076,127.098525,14.25,0.0,0,False
1169.066,37.1983076,127.098525,14.25,0.0,0,False
1170.066,37.1983076,127.098525,14.25,0.0,0,False
1171.066,37.1983076,127.098525,14.25,0.0,0,False
1172.066,37.1983076,127.098525,14.25,0.0,0,False
1173.066,37.1983076,127.098525,14.25,0.0,0,False
1174.066,37.198311,127.098525,14.25,0.0,0,False
1175.066,37.1983108,127.0985251,14.25,0.0,0,False
1176.066,37.1983108,127.0985251,14.25,0.0,0,False
1177.066,37.1983108,127.0985251,14.25,0.0,0,False
1178.066,37.1983108,127.0985251,14.25,0.0,0,False
1179.066,37.1983108,127.0985251,14.25,0.0,0,False
1180.066,37.1983108,127.0985251,14.25,0.0,0,False
1181.066,37.1983108,127.0985251,14.25,0.0,0,False
1182.066,37.1983108,127.0985251,14.25,0.0,0,False
1183.066,37.1983108,127.0985251,14.25,0.0,0,False
1184.066,37.1983108,127.0985251,14.25,0.0,0,False
1185.066,37.1983108,127.0985251,14.25,0.0,0,False
1186.066,37.1983108,127.0985251,14.25,0.0,0,False
1187.066,37.1983108,127.0985251,14.25,0.0,0,False
1188.066,37.1983108,127.0985251,14.25,0.0,0,False
1189.066,37.1983108,127.0985251,14.25,0.0,0,False
1190.066,37.1983108,127.0985251,14.25,0.0,0,False
1191.066,37.1983108,127.0985251,14.25,0.0,0,False
1192.066,37.1983108,127.0985251,14.25,0.0,0,False
1193.066,37.1983108,127.0985251,14.25,0.0,0,False
1194.066,37.1983108,127.0985251,14.25,0.0,0,False
1195.066,37.1983108,127.0985251,14.25,0.0,0,False
1196.066,37.1983108,127.0985251,14.25,0.0,0,False
1197.066,37.1983108,127.0985251,14.25,0.0,0,False
1198.066,37.1983108,127.0985251,14.25,0.0,0,False
1199.066,37.1983108,127.0985251,14.25,0.0,0,False
1200.066,37.1983108,127.0985251,14.25,0.0,0,False
1201.066,37.1983108,127.0985251,14.25,0.0,0,False
1202.066,37.1983108,127.0985251,14.25,0.0,0,False
1203.066,37.1983108,127.0985251,14.25,0.0,0,False
1204.066,37.1983108,127.0985251,14.25,0.0,0,False
1205.066,37.1983108,127.0985251,14.25,0.0,0,False
1206.066,37.1983108,127.0985251,14.25,0.0,0,False
1207.066,37.1983108,127.0985251,14.25,0.0,0,False
1208.066,37.1983108,127.0985251,14.25,0.0,0,False
1209.066,37.1983108,127.0985251,14.25,0.0,0,False
1210.066,37.1983108,127.0985251,14.25,0.0,0,False
1211.066,37.1983108,127.0985251,14.25,0.0,0,False
1212.066,37.1983108,127.0985251,14.25,0.0,0,False
1213.066,37.1983108,127.0985251,14.25,0.0,0,False
1214.066,37.1983108,127.0985251,14.25,0.0,0,False
1215.066,37.1983108,127.0985251,14.25,0.0,0,False
1216.066,37.1983108,127.0985251,14.25,0.0,0,False
1217.066,37.1983108,127.0985251,14.25,0.0,0,False
1218.066,37.1983108,127.0985251,14.25,0.0,0,False
1219.066,37.1983108,127.0985251,14.25,0.0,0,False
1220.066,37.1983108,127.0985251,14.25,0.0,0,False
1221.066,37.1983108,127.0985251,14.25,0.0,0,False
1222.066,37.1983108,127.0985251,14.25,0.0,0,False
1223.066,37.1983064,127.0985184,14.25,0.205,0,False
1224.066,37.1983214,127.0985211,14.25,1.137,0,False
1225.066,37.1983434,127.0985241,14.25,1.853,85,True
1226.066,37.1983672,127.0985242,14.25,2.289,85,True
1227.066,37.1983939,127.0985236,14.25,2.639,96,True
1228.066,37.1984204,127.0985237,14.25,2.763,96,True
1229.066,37.1984475,127.0985225,14.25,2.897,95,True
1230.066,37.1984759,127.0985214,14.25,3.0,95,True
1231.066,37.1985031,127.0985212,14.25,2.986,95,True
1232.066,37.1985293,127.098522,14.25,2.937,95,True
1233.066,37.1985569,127.0985231,14.25,2.981,82,True
1234.066,37.1985844,127.0985208,14.25,3.017,82,True
1235.066,37.198613,127.0985221,14.25,3.08,46,True
1236.066,37.1986402,127.0985174,14.25,3.031,46,True
1237.066,37.1986641,127.0985105,14.25,2.797,47,True
1238.066,37.1986946,127.0985047,14.25,3.102,47,True
1239.066,37.1987132,127.0985004,14.25,2.614,72,True
1240.066,37.1987341,127.0985113,14.25,2.436,72,True
1241.066,37.1987627,127.0985069,14.25,2.786,85,True
1242.066,37.1987895,127.098509,14.25,2.922,85,True
1243.066,37.1988144,127.0985125,14.25,2.859,76,True
1244.066,37.198844,127.0985029,14.25,3.06,76,True
1245.066,37.1988669,127.0985095,14.25,2.853,57,True
1246.066,37.1988969,127.0985078,14.25,3.107,57,True
1247.066,37.1989214,127.0985089,14.25,2.938,49,True
1248.066,37.1989457,127.0985138,14.25,2.806,49,True
1249.066,37.1989734,127.0985105,14.25,2.906,61,True
1250.066,37.1989967,127.0985152,14.25,2.817,61,True
1251.066,37.1990225,127.0985152,14.25,2.864,53,True
1252.066,37.1990497,127.0985136,14.25,2.972,53,True
1253.066,37.1990818,127.0985058,14.25,3.355,53,True
1254.066,37.1991073,127.0985011,14.25,3.169,53,True
1255.066,37.1991353,127.0984831,14.25,3.188,70,True
1256.066,37.1991583,127.0984943,14.25,2.792,70,True
1257.066,37.1991795,127.0984969,14.25,2.573,67,True
1258.066,37.1991975,127.0984967,14.25,2.309,67,True
1259.066,37.1992212,127.098493,13.93,2.512,69,True
1260.066,37.1992495,127.0984951,13.64,2.822,69,True
1261.066,37.1992776,127.0984941,13.36,3.021,74,True
1262.066,37.1993069,127.0984894,13.09,3.147,74,True
1263.066,37.1993347,127.0984879,12.83,3.101,69,True
1264.066,37.1993613,127.0984847,12.59,2.966,69,True
1265.066,37.1993839,127.0984875,12.36,2.694,64,True
1266.066,37.1994095,127.0984851,12.14,2.706,64,True
1267.066,37.1994385,127.0984841,11.94,2.951,70,True
1268.066,37.1994688,127.0984717,11.74,3.076,70,True
1269.066,37.1994915,127.0984634,11.55,2.803,74,True
1270.066,37.1995195,127.0984595,11.38,2.852,74,True
1271.066,37.1995474,127.0984566,11.21,2.943,70,True
1272.066,37.1995757,127.0984557,11.05,3.027,70,True
1273.066,37.199603,127.098457,10.89,3.016,47,True
1274.066,37.1996312,127.0984584,10.75,3.091,47,True
1275.066,37.1996572,127.098459,10.61,2.993,48,True
1276.066,37.1996833,127.0984612,10.48,2.956,48,True
1277.066,37.1997089,127.0984626,10.36,2.891,86,True
1278.066,37.199736,127.0984605,10.24,2.922,86,True
1279.066,37.1997636,127.0984612,10.13,2.951,75,True
1280.066,37.1997889,127.0984627,10.02,2.861,75,True
1281.066,37.1998156,127.098461,9.92,2.891,74,True
1282.066,37.1998451,127.0984575,9.83,3.061,74,True
1283.066,37.1998719,127.0984601,9.74,2.995,80,True
1284.066,37.1998991,127.0984605,9.65,2.968,80,True
1285.066,37.1999285,127.09846,9.57,3.084,83,True
1286.066,37.1999582,127.0984614,9.49,3.15,83,True
1287.066,37.199986,127.0984656,9.41,3.081,78,True
1288.066,37.2000141,127.0984748,9.34,3.14,78,True
1289.066,37.2000406,127.0984841,9.28,3.075,76,True
1290.066,37.2000696,127.09849,9.21,3.139,76,True
1291.066,37.2000975,127.0984931,9.15,3.079,77,True
1292.066,37.2001277,127.0984945,9.09,3.183,77,True
1293.066,37.2001558,127.0984946,9.04,3.14,77,True
1294.066,37.2001843,127.0984954,8.99,3.111,77,True
1295.066,37.2002137,127.0984958,8.94,3.211,78,True
1296.066,37.2002427,127.0984925,8.89,3.218,78,True
1297.066,37.2002697,127.0984908,8.85,3.124,50,True
1298.066,37.200298,127.0984902,8.8,3.129,50,True
1299.066,37.2003254,127.0984887,8.76,3.063,45,True
1300.066,37.2003494,127.0984847,8.73,2.858,45,True
1301.066,37.2003762,127.0984884,8.69,2.941,66,True
1302.066,37.2004015,127.0984938,8.66,2.949,66,True
1303.066,37.2004272,127.0984969,8.62,2.912,80,True
1304.066,37.2004568,127.0984976,8.59,3.134,80,True
1305.066,37.2004849,127.0985004,8.56,3.174,47,True
1306.066,37.200516,127.0984954,8.53,3.313,47,True
1307.066,37.2005434,127.0984951,8.51,3.19,43,True
1308.066,37.2005656,127.0984978,8.48,2.822,43,True
1309.066,37.2005947,127.0985004,8.46,3.028,83,True
1310.066,37.2006191,127.0985025,8.43,2.898,83,True
1311.066,37.2006477,127.0985019,8.41,3.02,60,True
1312.066,37.2006746,127.0985017,8.39,2.999,60,True
1313.066,37.2007021,127.0984991,8.37,3.064,55,True
1314.066,37.2007289,127.0984999,8.35,3.02,55,True
1315.066,37.2007514,127.0985082,8.34,2.784,71,True
1316.066,37.2007805,127.0985055,8.32,2.895,71,True
1317.066,37.2008012,127.0985091,8.3,2.583,87,True
1318.066,37.2008256,127.0985105,8.29,2.591,87,True
1319.066,37.2008436,127.0985169,8.27,2.271,91,True
1320.066,37.2008555,127.0985234,8.26,1.702,91,True
1321.066,37.2008608,127.0985255,8.25,1.014,0,False
1322.066,37.2008565,127.0985213,8.23,0.059,0,False
1323.066,37.2008582,127.0985199,8.22,0.093,0,False
1324.066,37.2008583,127.0985188,8.21,0.022,0,False
1325.066,37.2008582,127.0985188,8.2,0.0,0,False
1326.066,37.2008582,127.0985188,8.19,0.0,0,False
1327.066,37.2008582,127.0985188,8.18,0.0,0,False
1328.066,37.2008602,127.0985172,8.17,0.027,0,False
1329.066,37.2008611,127.0985166,8.16,0.125,0,False
1330.066,37.2008607,127.0985157,8.16,0.035,0,False
1331.066,37.2008592,127.0985139,8.15,0.047,0,False
1332.066,37.2008583,127.098513,8.14,0.044,0,False
1333.066,37.2008607,127.0985115,8.13,0.228,0,False
1334.066,37.2008681,127.0985104,8.13,0.635,0,False
1335.066,37.2008752,127.098509,8.12,0.653,0,False
1336.066,37.2008755,127.0984981,8.14,0.235,0,False
1337.066,37.2008769,127.098491,8.13,0.152,0,False
1338.066,37.2008844,127.0984926,8.12,0.501,0,False
1339.066,37.2008968,127.0984855,8.15,1.081,0,False
1340.066,37.2009125,127.0984714,8.14,1.468,0,False
1341.066,37.2009297,127.0984626,8.13,1.564,0,False
1342.066,37.2009442,127.098452,8.13,1.494,0,False
1343.066,37.2009637,127.0984423,8.12,1.745,96,True
1344.066,37.2009836,127.0984328,8.12,1.839,96,True
1345.066,37.2010019,127.098422,8.11,1.642,95,True
1346.066,37.2010205,127.0984131,8.1,1.681,95,True
1347.066,37.2010321,127.0983997,8.1,1.317,0,False
1348.066,37.2010509,127.0983856,8.09,1.487,0,False
1349.066,37.2010697,127.0983736,8.09,1.618,63,True
1350.066,37.201089,127.0983619,8.08,1.763,63,True
1351.066,37.201109,127.0983491,8.08,1.829,65,True
1352.066,37.2011298,127.0983352,8.08,1.937,65,True
1353.066,37.2011492,127.0983183,8.07,1.804,89,True
1354.066,37.2011652,127.0982995,8.07,1.541,89,True
1355.066,37.201181,127.0982832,8.07,1.379,0,False
1356.066,37.2011933,127.0982661,8.06,1.197,0,False
1357.066,37.2012028,127.0982478,8.06,0.956,0,False
1358.066,37.2012111,127.0982289,8.06,0.857,0,False
1359.066,37.2012156,127.0982072,8.05,0.668,0,False
1360.066,37.2012167,127.0981875,8.05,0.452,0,False
1361.066,37.2012144,127.0981787,8.05,0.097,0,False
1362.066,37.2012136,127.0981789,8.05,0.041,0,False
1363.066,37.2012133,127.0981785,8.04,0.038,0,False
1364.066,37.2012121,127.0981788,8.04,0.0,0,False
1365.066,37.201212,127.0981793,8.04,0.0,0,False
1366.066,37.201212,127.0981793,8.04,0.0,0,False
1367.066,37.201212,127.0981793,8.04,0.0,0,False
1368.066,37.2012166,127.0981721,8.03,0.281,0,False
1369.066,37.2012136,127.0981607,8.03,0.24,0,False
1370.066,37.2012108,127.0981512,8.03,0.209,0,False
1371.066,37.2012114,127.0981423,8.03,0.302,0,False
1372.066,37.2012165,127.0981336,8.03,0.43,0,False
1373.066,37.2012202,127.098122,8.03,0.443,0,False
1374.066,37.201218,127.0981094,8.02,0.411,0,False
1375.066,37.2012188,127.098091,8.02,0.459,0,False
1376.066,37.2012175,127.0980746,8.02,0.459,0,False
1377.066,37.2012202,127.0980547,8.02,0.631,0,False
1378.066,37.2012221,127.0980341,8.02,0.63,0,False
1379.066,37.2012238,127.0980149,8.02,0.622,0,False
1380.066,37.2012249,127.0979896,8.02,0.743,0,False
1381.066,37.2012262,127.0979647,8.02,0.69,0,False
1382.066,37.2012271,127.0979396,8.02,0.696,0,False
1383.066,37.2012306,127.0979158,8.02,0.762,0,False
1384.066,37.2012313,127.097892,8.01,0.6,0,False
1385.066,37.201229,127.0978728,8.01,0.444,0,False
1386.066,37.2012322,127.0978534,8.01,0.617,0,False
1387.066,37.201234,127.097829,8.01,0.707,0,False
1388.066,37.2012359,127.0978014,8.01,0.759,0,False
1389.066,37.2012343,127.0977755,8.01,0.381,0,False
1390.066,37.201236,127.0977496,8.01,0.459,0,False
1391.066,37.2012377,127.0977212,8.01,0.424,0,False
1392.066,37.201238,127.0976933,8.01,0.422,0,False
1393.066,37.2012391,127.0976658,8.01,0.413,0,False
1394.066,37.2012393,127.0976398,8.01,0.377,0,False
1395.066,37.2012429,127.0975977,8.01,1.584,92,True
1396.066,37.2012408,127.0975588,8.01,2.508,92,True
1397.066,37.2012369,127.0975257,8.01,2.698,89,True
1398.066,37.2012359,127.0974991,8.01,2.526,89,True
1399.066,37.2012354,127.0974741,8.01,2.382,79,True
1400.066,37.2012382,127.0974477,8.01,2.363,79,True
1401.066,37.2012389,127.0974182,8.01,2.547,83,True
1402.066,37.2012405,127.0973884,8.01,2.622,83,True
1403.066,37.2012417,127.0973595,8.01,2.556,90,True
1404.066,37.2012412,127.0973285,8.01,2.675,90,True
1405.066,37.2012411,127.0973008,8.01,2.536,90,True
1406.066,37.2012433,127.0972726,8.0,2.508,90,True
1407.066,37.2012455,127.0972468,8.0,2.387,76,True
1408.066,37.201249,127.0972221,8.0,2.27,76,True
1409.066,37.2012541,127.0971987,8.0,2.21,60,True
1410.066,37.2012629,127.097176,8.0,2.185,60,True
1411.066,37.2012749,127.0971502,8.0,2.449,68,True
1412.066,37.2012898,127.0971254,8.0,2.572,68,True
1413.066,37.2013009,127.0971014,8.0,2.498,82,True
1414.066,37.2013049,127.0970738,8.0,2.417,82,True
1415.066,37.201304,127.0970444,8.0,2.45,84,True
1416.066,37.2012966,127.0970148,8.0,2.551,84,True
1417.066,37.2012926,127.0969916,8.0,2.267,72,True
1418.066,37.201289,127.09698,8.0,1.573,72,True
1419.066,37.2012872,127.0969751,8.0,0.991,0,False
1420.066,37.2012866,127.0969622,8.0,1.085,0,False
1421.066,37.2012797,127.0969432,8.0,1.486,45,True
1422.066,37.2012689,127.0969193,8.0,1.976,45,True
1423.066,37.2012528,127.0968924,8.0,2.491,52,True
1424.066,37.2012371,127.0968677,8.0,2.631,52,True
1425.066,37.2012289,127.0968403,8.0,2.552,72,True
1426.066,37.2012305,127.0968099,8.0,2.537,72,True
1427.066,37.201233,127.0967795,8.0,2.597,86,True
1428.066,37.2012385,127.096746,8.0,2.781,86,True
1429.066,37.2012402,127.0967166,8.0,2.694,82,True
1430.066,37.2012395,127.0966868,8.0,2.635,82,True
1431.066,37.2012388,127.0966595,8.0,2.488,82,True
1432.066,37.2012339,127.0966244,8.0,2.764,82,True
1433.066,37.2012321,127.0965938,8.0,2.714,85,True
1434.066,37.2012312,127.0965629,8.0,2.677,85,True
1435.066,37.2012266,127.0965361,8.0,2.493,83,True
1436.066,37.2012218,127.0965114,8.0,2.361,83,True
1437.066,37.2012146,127.0964961,8.0,1.984,50,True
1438.066,37.2011998,127.0964892,8.0,1.535,50,True
1439.066,37.2011774,127.0964885,8.0,1.707,64,True
1440.066,37.2011499,127.0964896,8.0,2.26,64,True
1441.066,37.2011278,127.0965002,8.0,2.107,71,True
1442.066,37.2011089,127.0965059,8.0,2.103,71,True
1443.066,37.2010913,127.0965126,8.0,1.984,73,True
1444.066,37.2010745,127.0965169,8.0,1.934,73,True
1445.066,37.2010591,127.0965188,8.0,1.822,82,True
1446.066,37.201039,127.0965188,8.0,2.043,82,True
1447.066,37.2010185,127.0965176,8.0,2.165,75,True
1448.066,37.2009969,127.0965115,8.0,2.273,75,True
1449.066,37.2009734,127.0965071,8.0,2.478,75,True
1450.066,37.2009483,127.0965015,8.0,2.64,75,True
1451.066,37.2009239,127.0964977,8.0,2.662,76,True
1452.066,37.2008981,127.0965012,8.0,2.748,76,True
1453.066,37.2008786,127.09651,8.0,2.455,68,True
1454.066,37.2008497,127.0965077,8.0,2.755,68,True
1455.066,37.2008252,127.096506,8.0,2.749,71,True
1456.066,37.2008002,127.0965029,8.0,2.742,71,True
1457.066,37.2007988,127.0965075,8.0,1.357,88,True
1458.066,37.2007712,127.0965191,8.0,2.101,88,True
1459.066,37.2007481,127.0965208,8.0,2.369,96,True
1460.066,37.2007237,127.0965132,8.0,2.591,96,True
1461.066,37.2007219,127.0964741,8.0,2.101,88,True
1462.066,37.2006963,127.09646,8.0,2.515,88,True
1463.066,37.2006752,127.0964488,8.0,2.47,77,True
1464.066,37.2006515,127.0964512,8.0,2.419,77,True
1465.066,37.200621,127.0964477,8.0,3.125,46,True
1466.066,37.2005969,127.0964509,8.0,2.803,46,True
1467.066,37.20057,127.0964494,8.0,2.951,46,True
1468.066,37.2005459,127.0964508,8.0,2.724,46,True
1469.066,37.2005346,127.0964511,8.0,1.862,0,False
1470.066,37.2005353,127.0964474,8.0,0.77,0,False
1471.066,37.2005308,127.0964247,8.0,0.891,0,False
1472.066,37.2005346,127.0964306,8.1,0.317,0,False
1473.066,37.2005376,127.0964327,8.1,0.088,0,False
1474.066,37.2005348,127.0964288,8.09,0.389,0,False
1475.066,37.2005368,127.0964298,8.47,0.082,0,False
1476.066,37.2005359,127.0964286,8.51,0.123,0,False
1477.066,37.2005375,127.0964289,8.48,0.075,0,False
1478.066,37.200536,127.0964286,8.46,0.13,0,False
1479.066,37.2005358,127.0964268,8.44,0.192,0,False
1480.066,37.2005333,127.096425,8.41,0.35,0,False
